N,P,K,temperature,humidity,ph,water_oxygen,water_temp,fish_density,label
80,33,59,19.6,69.2,6.2,7.9,26.4,1.2,Lettuce
117,41,50,20.3,79.6,6.1,7.6,26.9,1.0,Lettuce
107,35,45,21.2,73.8,6.4,6.0,18.6,1.0,Lettuce
90,36,50,19.8,60.3,6.2,5.1,22.0,1.7,Lettuce
112,58,59,18.9,60.6,5.9,9.5,19.1,1.3,Lettuce
106,45,37,21.9,80.0,5.7,5.2,26.0,0.9,Lettuce
80,30,53,22.9,64.2,6.4,6.3,19.9,0.6,Lettuce
105,50,30,20.7,74.9,5.9,6.6,21.1,1.8,Lettuce
85,55,60,22.7,61.5,5.6,7.2,20.2,1.3,Lettuce
105,40,37,20.5,78.5,5.9,9.3,26.7,0.7,Lettuce
81,58,51,21.7,71.8,6.2,8.6,26.9,2.0,Lettuce
95,45,57,18.4,77.6,6.2,10.0,25.6,1.4,Lettuce
95,53,51,20.8,63.8,6.1,5.8,22.7,1.4,Lettuce
88,45,51,23.8,64.6,5.8,6.1,24.0,1.9,Lettuce
112,55,36,19.4,68.5,5.9,8.4,25.1,1.6,Lettuce
85,41,46,23.3,60.1,5.7,6.4,18.2,0.6,Lettuce
101,30,38,21.1,68.6,6.3,8.8,27.2,1.3,Lettuce
89,46,37,19.0,67.8,5.9,6.2,20.7,1.6,Lettuce
90,37,57,22.8,76.5,6.1,6.9,19.5,1.9,Lettuce
119,34,56,22.5,73.5,6.5,8.2,27.8,1.0,Lettuce
114,41,48,18.6,61.8,6.0,5.3,19.6,1.1,Lettuce
92,41,38,19.7,69.3,5.7,7.8,18.1,0.8,Lettuce
98,59,47,22.7,76.0,5.6,7.6,19.6,0.9,Lettuce
103,37,35,20.0,68.4,5.9,6.3,18.1,1.4,Lettuce
83,49,51,22.9,69.1,5.9,6.0,27.1,0.6,Lettuce
86,44,48,23.3,60.3,5.7,9.3,26.3,0.7,Lettuce
95,40,39,20.3,79.5,6.5,6.7,21.6,0.8,Lettuce
98,54,55,19.7,67.9,5.9,8.2,26.3,1.9,Lettuce
109,46,49,23.1,70.5,6.3,5.1,19.9,1.0,Lettuce
117,54,31,18.2,62.6,6.3,8.8,18.5,1.1,Lettuce
105,48,35,19.7,71.2,6.2,7.0,20.4,1.7,Lettuce
102,54,32,20.8,68.2,5.6,7.0,24.1,1.7,Lettuce
110,44,31,22.8,68.0,5.7,9.1,21.2,1.1,Lettuce
109,60,59,20.8,61.9,5.8,9.1,26.8,1.5,Lettuce
89,49,37,23.4,60.0,6.1,7.3,21.4,1.8,Lettuce
115,53,50,20.8,75.3,6.2,6.1,24.3,1.5,Lettuce
107,39,48,20.0,77.0,6.0,5.7,24.7,1.5,Lettuce
113,47,59,20.1,71.4,6.3,8.4,20.2,1.2,Lettuce
99,44,32,22.9,60.1,5.6,5.7,27.1,1.4,Lettuce
112,34,57,19.2,61.0,5.6,5.5,26.6,1.5,Lettuce
81,43,40,22.1,73.0,6.4,5.2,19.4,0.8,Lettuce
88,51,54,19.2,70.3,6.2,6.7,26.6,1.9,Lettuce
112,32,57,18.1,60.8,5.5,6.7,20.3,1.4,Lettuce
108,59,40,18.7,65.5,6.1,7.0,20.1,1.2,Lettuce
111,54,30,20.9,78.2,6.3,9.5,18.5,0.8,Lettuce
114,33,58,19.5,65.4,5.9,8.4,21.2,1.5,Lettuce
94,58,56,18.7,74.8,5.8,9.5,20.7,1.5,Lettuce
113,52,40,20.7,75.1,5.5,6.7,23.4,2.0,Lettuce
88,35,51,23.6,65.1,5.8,7.1,20.1,0.8,Lettuce
99,30,31,23.2,60.9,5.6,8.0,26.8,1.9,Lettuce
114,44,43,19.1,77.5,5.6,5.2,21.4,1.2,Lettuce
91,37,33,23.3,71.4,6.4,8.4,19.9,1.2,Lettuce
105,38,34,19.4,74.0,5.8,9.5,18.3,0.7,Lettuce
119,31,44,23.4,62.9,6.3,7.4,26.5,1.8,Lettuce
90,34,36,21.6,73.5,6.1,8.5,18.4,1.0,Lettuce
113,31,36,19.8,78.2,5.5,5.4,24.0,2.0,Lettuce
89,54,37,23.8,74.0,6.1,6.3,22.0,0.9,Lettuce
82,54,59,19.8,70.4,6.2,5.4,25.0,0.6,Lettuce
86,43,41,19.9,76.3,6.0,9.2,20.7,0.6,Lettuce
118,55,44,23.7,71.3,6.5,9.3,23.4,1.5,Lettuce
82,37,44,18.1,65.4,5.9,5.1,23.6,0.8,Lettuce
93,54,56,20.4,61.3,6.1,6.4,20.8,1.6,Lettuce
84,50,40,23.9,73.2,5.7,7.9,19.7,1.2,Lettuce
114,47,45,23.7,62.4,6.4,6.8,21.2,0.6,Lettuce
87,44,41,19.4,62.9,5.9,6.6,24.1,1.8,Lettuce
108,51,55,18.1,77.4,5.5,9.6,26.9,2.0,Lettuce
84,46,41,19.1,69.9,6.2,8.4,23.0,0.7,Lettuce
88,60,45,20.7,69.2,6.0,7.5,25.7,0.5,Lettuce
96,39,31,18.9,79.2,6.5,8.0,23.6,1.2,Lettuce
86,60,33,22.4,67.9,5.8,7.9,21.8,0.6,Lettuce
117,56,31,18.9,73.3,6.4,5.6,26.7,0.6,Lettuce
116,56,47,21.1,79.5,5.7,5.7,21.0,1.8,Lettuce
117,58,40,19.6,69.3,5.7,9.5,21.6,1.8,Lettuce
104,35,53,22.2,66.3,6.4,7.3,26.1,1.4,Lettuce
114,59,54,19.0,69.5,5.9,8.0,23.6,1.3,Lettuce
98,55,52,18.6,79.1,6.2,5.3,24.2,0.6,Lettuce
86,35,59,23.6,61.4,5.8,9.0,23.3,0.5,Lettuce
120,43,57,18.6,61.9,6.1,5.5,25.9,0.8,Lettuce
107,59,52,22.1,65.5,6.1,9.8,22.6,1.8,Lettuce
100,50,57,18.3,60.3,6.4,9.5,25.1,1.2,Lettuce
92,48,43,21.2,60.4,5.9,7.6,20.9,1.8,Lettuce
91,40,53,23.9,78.2,6.5,8.7,18.4,0.7,Lettuce
101,35,53,20.0,77.2,5.8,8.8,25.9,1.9,Lettuce
98,45,40,18.6,74.7,5.8,9.7,23.3,1.3,Lettuce
101,51,59,18.9,65.4,5.6,5.6,25.6,0.9,Lettuce
102,30,60,18.3,72.7,6.5,5.5,19.2,0.9,Lettuce
120,30,32,20.9,74.7,5.8,7.6,19.3,0.7,Lettuce
90,30,32,20.6,67.8,5.9,5.5,26.2,1.6,Lettuce
91,39,60,21.0,67.2,5.5,6.8,26.0,1.7,Lettuce
100,39,32,23.0,67.4,5.6,7.9,20.2,0.9,Lettuce
88,54,51,23.6,71.7,6.3,7.4,26.2,1.2,Lettuce
87,52,49,24.0,66.7,6.1,8.9,21.2,0.5,Lettuce
116,30,45,23.2,72.1,5.7,5.3,22.0,0.5,Lettuce
92,41,41,22.6,77.7,5.6,7.5,22.9,0.7,Lettuce
109,32,51,19.8,74.4,5.6,5.3,24.4,1.6,Lettuce
107,44,33,20.4,77.7,6.4,8.2,23.9,0.9,Lettuce
105,34,60,18.6,60.1,6.1,6.2,25.6,0.8,Lettuce
85,38,36,23.2,79.7,5.7,7.5,23.4,1.3,Lettuce
90,41,47,20.6,73.4,5.6,8.5,20.0,0.6,Lettuce
86,45,55,22.2,70.7,6.2,9.8,27.7,1.2,Lettuce
90,45,37,18.0,73.5,6.4,9.2,27.9,0.9,Lettuce
95,56,51,19.2,68.3,6.3,5.4,27.2,0.6,Lettuce
118,48,41,20.0,64.3,6.4,9.8,19.6,1.2,Lettuce
91,32,59,20.4,78.7,6.4,9.6,23.2,0.9,Lettuce
93,40,45,20.1,77.3,5.7,8.4,21.5,1.5,Lettuce
88,31,38,18.4,63.1,6.1,8.0,20.8,1.1,Lettuce
112,31,44,20.3,63.6,5.7,8.9,21.9,1.5,Lettuce
105,46,42,19.5,72.6,6.4,8.2,23.2,0.8,Lettuce
118,45,32,19.6,79.2,6.3,5.1,22.8,0.6,Lettuce
119,57,46,18.4,60.7,6.2,9.5,22.9,1.1,Lettuce
113,51,41,21.0,71.6,6.3,9.5,27.4,0.6,Lettuce
97,35,47,19.7,61.3,5.6,8.3,19.8,1.6,Lettuce
105,35,50,18.3,63.8,5.7,5.5,26.2,1.9,Lettuce
119,36,57,18.1,75.3,5.6,9.5,24.0,1.4,Lettuce
92,55,41,18.9,70.1,6.3,8.9,27.5,1.8,Lettuce
82,48,48,19.3,73.7,6.4,8.9,19.4,0.7,Lettuce
104,34,45,19.0,74.5,6.5,7.1,20.2,1.6,Lettuce
115,47,60,23.1,75.9,5.8,6.8,22.9,0.8,Lettuce
109,60,31,18.6,60.6,6.0,6.6,23.4,1.7,Lettuce
119,51,35,23.8,64.0,5.9,9.0,21.7,0.9,Lettuce
119,54,57,23.1,70.7,6.4,7.1,22.5,1.7,Lettuce
95,31,59,21.1,60.4,5.7,6.7,23.0,1.3,Lettuce
81,32,48,19.7,77.1,5.9,9.2,27.7,1.2,Lettuce
116,53,35,22.7,74.5,6.2,8.7,24.7,1.8,Lettuce
95,40,38,20.0,61.0,5.9,7.6,18.8,0.7,Lettuce
103,42,60,21.5,63.6,6.3,6.5,21.6,1.2,Lettuce
102,35,42,23.8,67.3,6.4,7.2,21.2,1.9,Lettuce
95,34,42,22.4,64.4,6.4,7.6,23.1,0.8,Lettuce
114,40,40,19.7,61.4,6.5,6.1,22.4,1.1,Lettuce
111,59,59,21.7,74.3,5.9,8.3,26.6,1.7,Lettuce
109,48,49,22.6,79.5,5.7,6.4,19.2,0.9,Lettuce
94,34,44,22.4,60.2,6.4,5.7,26.5,1.6,Lettuce
95,32,34,21.7,72.4,6.5,7.2,26.2,1.1,Lettuce
81,37,32,21.2,66.0,6.3,7.9,18.0,0.9,Lettuce
91,42,49,18.1,68.9,6.4,7.3,19.8,0.9,Lettuce
91,42,39,23.0,62.1,6.1,6.1,23.6,0.6,Lettuce
103,37,51,19.2,77.9,6.1,7.1,19.4,0.7,Lettuce
87,48,50,22.8,64.9,5.7,6.5,18.4,1.6,Lettuce
87,57,58,20.5,72.5,6.1,5.8,18.8,1.1,Lettuce
82,57,38,22.0,65.3,6.0,9.2,22.0,1.3,Lettuce
104,52,60,18.2,70.6,6.3,5.6,27.7,1.8,Lettuce
100,45,56,20.3,67.7,6.4,7.9,21.0,0.6,Lettuce
88,38,47,20.4,73.1,6.5,9.9,23.1,1.6,Lettuce
82,52,42,19.5,79.5,6.1,8.4,19.2,1.3,Lettuce
93,59,52,21.2,63.7,6.1,8.5,24.4,1.2,Lettuce
88,37,55,22.5,65.5,6.0,5.7,24.8,0.9,Lettuce
114,30,44,18.4,66.8,6.2,5.0,21.7,0.6,Lettuce
92,37,47,20.4,64.6,5.7,8.8,25.2,1.8,Lettuce
100,58,43,23.1,77.1,6.4,9.0,25.5,2.0,Lettuce
96,47,40,19.6,60.9,6.2,8.8,20.7,2.0,Lettuce
108,42,59,23.6,64.3,6.2,6.6,18.5,1.8,Lettuce
109,55,55,19.1,70.3,6.3,9.8,21.1,0.9,Lettuce
104,52,34,20.1,73.2,6.2,9.8,24.2,1.4,Lettuce
81,41,52,18.4,69.7,6.1,7.0,24.6,1.3,Lettuce
109,60,31,21.3,75.6,6.2,8.9,21.0,1.9,Lettuce
103,48,39,22.0,78.4,5.9,7.6,19.8,1.9,Lettuce
89,32,50,18.8,71.0,5.6,7.8,18.8,1.1,Lettuce
92,37,52,22.2,70.8,6.1,7.3,26.3,1.9,Lettuce
107,34,34,20.6,73.3,5.5,6.3,26.7,1.4,Lettuce
93,59,35,19.1,69.5,6.3,7.3,19.5,0.8,Lettuce
102,54,50,18.1,62.6,5.9,8.7,26.7,1.2,Lettuce
112,39,41,21.1,68.0,6.5,6.1,23.8,0.7,Lettuce
80,35,53,24.0,69.6,6.4,5.9,20.6,0.7,Lettuce
111,58,32,21.8,68.0,6.1,8.7,21.6,0.9,Lettuce
81,59,58,18.3,73.5,6.1,6.0,22.8,1.1,Lettuce
112,41,49,19.0,76.4,5.8,7.9,22.4,1.4,Lettuce
101,45,46,18.2,61.1,6.5,8.2,20.2,1.9,Lettuce
111,51,47,19.8,64.0,6.1,5.6,18.1,1.4,Lettuce
108,42,49,20.3,76.4,6.4,5.5,21.9,1.3,Lettuce
82,54,45,22.9,73.5,5.7,6.7,26.7,1.6,Lettuce
101,50,42,18.2,78.1,5.6,9.4,26.6,1.4,Lettuce
97,37,43,22.3,72.9,6.1,7.6,25.0,0.8,Lettuce
96,40,39,18.6,77.2,6.3,5.6,25.4,1.8,Lettuce
103,34,51,20.2,66.6,6.0,7.0,19.7,0.8,Lettuce
94,50,60,23.6,79.7,6.5,9.5,20.1,0.7,Lettuce
97,39,60,22.0,74.3,5.5,8.6,21.7,0.7,Lettuce
108,57,46,18.7,68.4,5.9,5.4,23.1,1.3,Lettuce
104,41,39,22.1,69.6,6.4,9.2,26.0,1.1,Lettuce
107,48,48,21.0,68.5,5.8,9.7,23.5,1.2,Lettuce
93,30,31,20.9,67.0,6.3,7.3,20.7,1.4,Lettuce
112,54,45,23.5,71.0,5.6,6.8,19.3,1.2,Lettuce
109,48,52,21.2,78.2,6.1,7.7,20.7,1.1,Lettuce
100,45,33,22.8,75.6,5.6,6.9,22.7,0.8,Lettuce
118,44,40,21.9,72.5,5.9,9.6,19.6,1.9,Lettuce
80,53,54,18.9,72.0,6.4,7.5,18.1,0.5,Lettuce
112,54,53,18.7,72.0,5.9,8.4,27.1,1.9,Lettuce
112,44,51,19.8,71.9,6.5,6.3,26.3,1.1,Lettuce
92,43,42,20.5,64.3,6.2,8.8,19.5,0.7,Lettuce
109,55,45,20.9,73.5,5.7,9.7,26.8,0.7,Lettuce
94,37,46,23.2,73.9,5.9,8.0,26.3,1.9,Lettuce
88,43,47,20.2,61.9,5.6,6.5,21.1,1.3,Lettuce
107,31,58,22.6,61.2,6.0,9.2,21.8,1.7,Lettuce
103,31,37,19.5,73.8,5.9,5.0,23.0,1.4,Lettuce
102,45,32,18.4,79.1,5.6,5.5,27.2,1.1,Lettuce
85,31,40,19.6,72.8,5.7,8.9,22.5,1.8,Lettuce
114,30,41,19.5,72.8,6.1,8.6,18.5,0.8,Lettuce
88,36,31,22.3,75.2,5.9,7.1,19.6,1.7,Lettuce
97,58,49,20.1,75.8,6.1,8.4,23.5,1.1,Lettuce
97,33,43,18.3,71.3,6.4,8.8,21.0,1.9,Lettuce
82,31,39,22.9,64.2,6.5,7.6,21.8,0.7,Lettuce
111,46,59,23.0,62.7,5.9,5.9,23.4,0.6,Lettuce
92,36,43,20.3,79.7,6.2,5.8,25.9,1.2,Lettuce
111,43,34,19.9,61.5,6.0,5.6,23.1,1.7,Lettuce
119,50,49,19.0,63.3,5.9,6.6,20.3,1.8,Lettuce
101,49,55,22.4,76.8,6.4,6.1,20.7,1.6,Lettuce
108,41,36,19.2,67.2,6.2,8.2,18.3,1.6,Lettuce
98,40,42,19.2,61.4,5.6,7.1,25.8,1.1,Lettuce
120,48,30,18.2,61.9,6.2,9.6,26.1,1.7,Lettuce
99,53,51,19.7,64.3,6.5,9.2,24.5,1.6,Lettuce
90,30,30,23.4,79.0,6.4,6.7,19.7,1.0,Lettuce
113,44,40,21.4,72.9,6.3,8.1,18.6,1.1,Lettuce
84,41,33,19.2,68.9,6.2,5.9,20.6,1.3,Lettuce
113,40,51,19.4,67.2,6.3,5.6,23.3,1.8,Lettuce
101,56,53,21.9,64.6,6.4,9.8,25.3,1.4,Lettuce
97,34,40,23.4,73.4,5.7,9.7,27.3,1.5,Lettuce
80,43,45,18.0,74.5,6.5,9.6,23.8,1.7,Lettuce
113,32,43,23.2,78.5,6.5,9.3,25.8,1.4,Lettuce
110,30,40,21.2,60.9,5.7,8.6,19.1,0.9,Lettuce
81,58,50,22.0,68.5,6.0,6.0,27.2,0.7,Lettuce
116,36,56,22.7,73.8,5.6,5.4,26.3,0.7,Lettuce
85,34,52,18.7,71.1,5.8,7.8,19.2,2.0,Lettuce
112,54,51,18.9,65.1,5.7,7.3,22.4,0.6,Lettuce
82,31,57,18.3,79.2,5.7,9.4,20.9,1.0,Lettuce
84,40,39,21.6,67.1,6.4,8.9,18.1,1.6,Lettuce
120,37,31,18.5,60.1,6.3,9.8,26.1,1.5,Lettuce
84,56,39,22.1,60.9,6.0,6.4,21.2,0.5,Lettuce
88,46,51,22.0,66.9,6.1,9.4,22.6,0.7,Lettuce
97,34,36,20.0,76.9,6.1,7.1,19.9,1.1,Lettuce
97,32,44,23.1,65.2,6.2,6.5,19.9,1.2,Lettuce
103,45,59,20.0,75.3,5.7,5.5,19.7,0.6,Lettuce
101,39,45,22.2,74.5,6.4,6.5,18.5,0.7,Lettuce
86,57,34,19.5,60.6,5.8,7.9,20.3,1.1,Lettuce
103,45,43,23.7,61.9,6.2,7.6,18.2,1.5,Lettuce
112,59,30,19.2,69.8,6.4,6.8,27.0,1.9,Lettuce
92,32,60,22.0,60.8,6.1,7.5,18.0,1.2,Lettuce
117,56,52,19.7,60.1,6.1,6.1,21.1,0.8,Lettuce
116,59,48,20.1,74.4,6.0,8.2,18.7,2.0,Lettuce
104,45,56,20.3,76.6,6.0,8.2,23.3,1.9,Lettuce
100,57,59,19.3,61.9,6.4,6.8,18.2,1.2,Lettuce
114,59,45,19.2,76.7,6.0,5.5,19.8,0.9,Lettuce
84,49,56,20.2,64.3,5.6,7.6,24.6,1.9,Lettuce
95,38,47,19.2,76.5,5.6,8.1,23.2,1.4,Lettuce
115,48,53,18.2,73.2,5.6,7.7,26.5,1.9,Lettuce
107,38,37,23.6,68.4,6.0,8.2,23.8,0.9,Lettuce
109,58,53,18.5,72.6,6.4,5.5,25.0,0.6,Lettuce
83,56,47,24.0,70.8,5.9,6.2,24.1,1.4,Lettuce
106,55,46,22.0,66.0,5.9,8.9,22.4,1.3,Lettuce
114,38,49,22.8,77.6,5.6,6.4,21.4,1.2,Lettuce
96,56,51,19.5,71.1,5.5,6.3,22.1,1.4,Lettuce
81,36,55,18.7,72.8,5.9,8.7,23.1,1.1,Lettuce
82,52,51,20.6,77.9,6.2,8.7,26.5,1.0,Lettuce
106,43,52,18.2,77.8,5.6,7.8,21.9,0.9,Lettuce
120,33,40,19.9,72.3,6.3,8.3,24.4,1.3,Lettuce
120,60,36,21.0,78.2,6.2,9.8,19.2,0.8,Lettuce
80,56,41,18.4,79.4,6.2,9.2,19.9,0.8,Lettuce
80,30,38,22.1,77.9,6.1,9.9,24.6,0.9,Lettuce
115,37,52,22.1,76.5,6.4,7.4,27.8,2.0,Lettuce
116,34,60,18.5,66.2,6.4,5.4,24.0,1.7,Lettuce
95,46,53,19.8,77.5,5.9,7.3,19.2,2.0,Lettuce
97,49,53,19.2,60.6,5.6,5.4,26.3,1.8,Lettuce
119,57,51,21.5,65.1,6.3,9.7,20.0,0.9,Lettuce
98,40,50,19.4,76.1,6.0,9.0,20.6,1.4,Lettuce
81,44,43,20.0,76.4,6.4,5.3,27.8,0.8,Lettuce
85,55,55,21.8,63.5,6.2,7.5,27.6,1.8,Lettuce
85,42,53,22.8,67.2,5.8,9.1,21.9,1.7,Lettuce
111,40,30,21.4,72.0,5.9,7.9,24.4,1.2,Lettuce
119,30,49,18.9,64.1,6.4,7.1,23.0,0.9,Lettuce
100,45,52,20.3,74.5,6.2,5.3,21.4,1.5,Lettuce
95,51,50,22.5,74.7,5.6,8.6,23.2,1.7,Lettuce
91,39,32,22.3,73.2,6.0,8.2,18.8,0.9,Lettuce
115,39,39,18.6,67.9,5.7,5.4,24.5,1.4,Lettuce
101,60,60,21.9,69.9,6.2,8.6,27.9,0.6,Lettuce
101,33,38,20.4,69.7,5.6,8.4,26.2,0.5,Lettuce
83,57,50,20.4,79.7,6.2,7.3,22.5,1.2,Lettuce
89,56,31,22.9,68.2,6.2,7.1,24.7,1.1,Lettuce
90,42,33,22.1,70.5,6.4,8.1,22.5,1.2,Lettuce
86,35,44,21.7,70.3,6.4,9.9,18.3,1.3,Lettuce
116,58,40,19.6,72.6,6.1,5.2,22.3,0.6,Lettuce
113,37,38,22.4,66.2,6.4,8.5,25.1,1.4,Lettuce
98,48,46,20.9,72.3,6.0,5.7,23.8,0.5,Lettuce
98,30,31,23.5,77.8,6.0,8.2,22.1,0.6,Lettuce
83,32,41,20.1,64.6,5.9,8.7,25.3,0.6,Lettuce
120,47,43,18.7,71.0,6.1,8.7,20.8,1.0,Lettuce
119,55,31,19.9,60.7,5.6,7.3,23.0,0.5,Lettuce
108,52,44,18.0,74.7,5.6,8.4,25.9,1.4,Lettuce
86,32,52,20.5,77.5,6.4,6.9,25.2,1.3,Lettuce
105,33,38,23.1,74.3,5.7,6.0,24.3,1.8,Lettuce
87,39,54,20.5,77.8,6.2,7.8,25.8,0.8,Lettuce
88,30,44,19.9,65.2,5.7,5.7,21.2,1.6,Lettuce
117,40,44,22.6,71.5,6.3,6.0,21.2,1.3,Lettuce
102,58,35,22.9,64.8,6.5,5.4,23.5,1.3,Lettuce
98,35,59,21.0,74.6,6.0,5.5,20.6,0.6,Lettuce
92,53,58,18.4,72.8,5.6,7.1,23.2,0.7,Lettuce
93,37,36,22.2,77.3,6.0,8.5,27.8,1.0,Lettuce
113,48,30,19.6,64.0,5.9,5.3,26.9,1.6,Lettuce
89,47,30,21.8,65.5,6.2,7.1,18.0,0.6,Lettuce
94,45,40,22.3,78.5,6.2,9.2,27.7,0.8,Lettuce
100,44,59,22.3,67.6,5.9,7.3,24.5,2.0,Lettuce
107,33,30,23.2,61.9,5.9,5.6,27.7,1.6,Lettuce
90,43,46,20.4,61.7,5.8,9.0,19.2,1.1,Lettuce
114,30,51,19.9,78.8,6.0,9.7,22.3,1.3,Lettuce
82,53,35,21.1,75.3,6.4,9.7,21.0,1.1,Lettuce
112,37,38,20.7,60.3,5.5,5.6,21.2,1.7,Lettuce
109,32,35,19.4,72.9,5.8,9.2,25.1,0.9,Lettuce
119,32,50,21.4,68.2,6.4,7.6,18.1,1.6,Lettuce
105,39,34,20.2,77.6,6.2,8.7,21.8,1.7,Lettuce
105,34,32,18.8,77.3,6.1,5.0,18.3,0.7,Lettuce
87,43,52,18.1,63.1,6.1,8.9,20.1,1.4,Lettuce
108,37,55,20.0,79.7,5.9,7.5,24.2,0.5,Lettuce
107,40,57,23.6,68.6,6.1,7.2,19.8,2.0,Lettuce
113,35,50,19.9,67.1,5.6,5.4,18.9,1.7,Lettuce
92,56,36,24.0,74.1,6.0,6.5,18.4,1.7,Lettuce
97,41,38,19.0,73.5,5.8,8.8,18.1,1.7,Lettuce
107,47,34,20.5,77.6,5.5,9.6,19.4,1.0,Lettuce
115,31,52,21.0,76.0,5.5,9.8,20.4,1.8,Lettuce
101,59,59,23.1,67.2,6.2,7.6,20.1,0.6,Lettuce
99,46,59,20.4,66.3,6.4,7.6,18.3,1.7,Lettuce
87,49,44,22.5,69.8,6.4,7.1,18.7,1.5,Lettuce
103,59,48,23.2,73.3,6.1,8.1,26.7,1.4,Lettuce
81,60,57,19.1,71.0,6.5,9.7,23.1,0.6,Lettuce
108,58,40,19.0,73.3,6.5,7.2,23.6,1.8,Lettuce
84,33,49,19.5,75.1,6.2,6.3,19.9,1.4,Lettuce
88,48,39,22.3,64.7,6.4,8.9,23.2,1.9,Lettuce
102,58,53,23.0,77.7,6.2,7.8,27.1,1.5,Lettuce
99,40,45,20.2,76.5,5.7,6.9,22.7,0.6,Lettuce
107,52,34,20.5,62.0,5.8,6.6,27.9,1.6,Lettuce
88,44,37,19.5,65.2,5.7,6.1,20.4,0.9,Lettuce
111,57,43,23.4,70.0,6.1,8.2,27.0,1.8,Lettuce
110,52,50,22.1,72.3,5.8,9.3,20.3,1.8,Lettuce
103,40,35,18.5,65.5,5.8,8.4,22.6,0.9,Lettuce
118,50,41,20.6,72.6,6.0,7.0,24.8,1.0,Lettuce
97,38,45,19.0,60.7,6.0,8.6,22.6,2.0,Lettuce
101,49,40,22.1,65.8,6.3,5.1,25.6,1.2,Lettuce
92,51,59,20.9,64.5,6.2,8.1,21.7,0.9,Lettuce
84,55,42,19.3,75.1,6.1,8.4,23.7,1.8,Lettuce
88,36,57,22.6,61.9,6.2,6.1,27.2,1.2,Lettuce
117,44,54,23.5,60.6,5.6,6.7,19.4,1.3,Lettuce
118,45,40,19.6,75.5,6.2,6.2,27.4,0.7,Lettuce
89,42,56,20.8,64.9,5.9,8.2,23.3,1.6,Lettuce
112,52,36,20.6,74.9,5.9,6.4,26.8,1.6,Lettuce
102,49,58,18.1,67.9,5.8,9.5,24.5,1.5,Lettuce
95,40,40,21.2,72.9,6.3,5.2,23.0,0.6,Lettuce
103,54,40,18.7,72.9,5.7,8.4,20.1,1.4,Lettuce
82,58,46,20.9,65.9,5.6,6.6,27.4,1.4,Lettuce
98,42,45,22.8,71.3,5.9,5.3,25.4,1.3,Lettuce
118,45,41,19.4,60.8,5.8,8.8,18.6,1.5,Lettuce
99,53,30,22.3,68.4,5.6,7.4,23.8,0.9,Lettuce
85,51,46,18.9,77.1,6.2,7.5,27.3,1.7,Lettuce
117,41,35,18.0,74.3,5.7,5.3,22.0,0.7,Lettuce
93,54,35,22.2,65.7,5.8,9.7,20.4,1.3,Lettuce
106,34,57,22.8,79.1,6.3,9.4,20.6,0.9,Lettuce
83,38,48,19.8,78.5,5.9,5.2,27.0,0.6,Lettuce
83,55,52,22.7,67.1,5.9,8.9,19.1,1.0,Lettuce
110,60,42,23.5,69.8,5.7,9.3,23.7,1.3,Lettuce
93,34,42,18.8,78.3,5.9,5.1,26.3,1.8,Lettuce
80,57,55,22.7,75.4,6.5,8.2,19.3,0.7,Lettuce
114,43,55,20.5,73.4,6.3,9.6,19.7,1.1,Lettuce
102,60,51,22.3,75.3,5.6,6.3,25.7,1.2,Lettuce
96,57,40,23.8,64.1,6.5,5.9,18.0,1.5,Lettuce
80,37,50,21.7,61.6,5.8,10.0,22.0,1.7,Lettuce
86,46,55,18.6,65.3,5.5,8.9,25.4,1.3,Lettuce
80,31,59,20.9,67.9,6.5,6.2,19.0,0.6,Lettuce
117,43,32,22.4,70.0,6.2,6.3,24.5,1.5,Lettuce
81,53,40,18.1,62.5,5.7,6.2,19.8,1.5,Lettuce
107,35,46,19.0,73.7,5.7,8.3,22.2,0.7,Lettuce
108,48,59,18.1,65.3,6.0,10.0,23.1,1.5,Lettuce
94,33,30,21.5,73.5,5.5,8.2,21.9,1.2,Lettuce
90,51,34,18.5,72.4,5.8,8.5,25.7,1.8,Lettuce
87,40,35,24.0,79.6,5.7,6.9,26.3,0.9,Lettuce
100,55,54,19.5,79.1,5.8,9.9,21.1,0.5,Lettuce
84,55,49,20.9,66.2,5.5,9.0,19.0,0.9,Lettuce
101,58,39,22.3,66.9,5.7,8.8,25.9,1.3,Lettuce
99,33,46,18.3,66.9,5.7,7.2,19.3,0.9,Lettuce
95,42,59,21.0,67.2,5.5,5.1,22.1,1.1,Lettuce
83,31,38,19.6,68.2,6.2,6.1,19.1,1.4,Lettuce
97,60,44,23.3,76.2,6.3,5.2,22.8,0.6,Lettuce
117,31,44,18.7,69.8,6.1,9.0,25.9,0.8,Lettuce
113,41,53,20.5,69.6,6.1,7.9,27.3,1.5,Lettuce
103,56,53,19.1,68.4,6.4,9.2,19.1,1.4,Lettuce
92,44,38,18.8,75.0,6.0,7.0,22.7,1.6,Lettuce
120,32,58,23.2,70.3,5.8,5.7,23.7,1.2,Lettuce
114,60,45,20.2,78.4,5.6,8.8,20.0,1.3,Lettuce
119,37,54,19.1,78.6,6.3,8.8,26.5,1.7,Lettuce
90,30,60,23.9,64.4,6.0,9.8,21.6,1.8,Lettuce
94,49,53,19.7,78.1,6.0,6.0,21.3,1.9,Lettuce
96,50,60,20.7,73.5,6.1,6.2,23.5,1.4,Lettuce
84,41,46,22.3,61.9,6.4,6.4,19.7,1.2,Lettuce
112,34,41,23.6,60.7,5.9,6.9,18.3,0.7,Lettuce
97,44,31,21.8,74.8,5.5,6.9,24.9,1.5,Lettuce
82,57,38,22.1,68.4,5.6,5.5,26.3,0.6,Lettuce
85,49,60,18.1,70.2,5.7,7.4,27.2,0.7,Lettuce
97,50,42,23.2,71.5,5.9,8.8,19.7,1.9,Lettuce
115,35,31,20.2,61.8,6.4,8.5,19.1,0.7,Lettuce
98,50,40,23.3,73.9,6.0,9.0,18.3,1.0,Lettuce
82,31,47,21.1,73.9,5.7,7.5,23.8,0.8,Lettuce
114,39,45,21.8,69.0,5.7,5.6,23.6,1.5,Lettuce
115,58,39,18.7,68.0,5.9,9.7,19.6,0.7,Lettuce
104,47,42,22.3,79.3,6.0,8.8,18.5,0.7,Lettuce
108,44,35,19.7,72.6,6.2,5.6,26.2,2.0,Lettuce
116,39,39,21.1,73.4,6.3,5.8,20.3,0.7,Lettuce
105,30,60,22.4,60.1,5.6,8.0,22.2,0.7,Lettuce
115,52,58,18.5,63.2,6.0,5.2,24.5,1.6,Lettuce
85,32,51,22.0,62.0,5.7,9.4,20.9,1.1,Lettuce
91,56,36,18.9,64.2,5.7,8.7,27.7,1.3,Lettuce
96,43,30,22.1,74.8,6.4,5.5,23.4,1.2,Lettuce
103,37,51,23.4,63.0,5.7,6.8,26.2,1.7,Lettuce
112,31,52,19.2,71.1,5.7,5.6,23.4,1.5,Lettuce
112,41,55,21.9,67.4,5.6,5.6,23.4,0.5,Lettuce
86,47,52,23.2,66.5,5.7,6.5,23.6,0.6,Lettuce
114,48,37,22.2,71.3,6.3,5.0,19.0,1.7,Lettuce
111,52,31,18.9,70.4,5.6,8.2,21.5,1.7,Lettuce
116,34,32,22.0,71.5,6.2,9.1,27.9,1.1,Lettuce
91,45,56,19.9,79.0,6.3,9.2,24.2,1.1,Lettuce
110,41,52,20.0,77.4,5.9,7.0,24.6,1.7,Lettuce
80,57,39,21.7,64.0,6.2,7.6,26.2,1.6,Lettuce
97,54,30,23.2,68.2,6.2,8.2,22.6,1.2,Lettuce
92,53,52,18.2,71.4,6.0,8.5,24.4,0.5,Lettuce
115,42,41,22.9,69.5,5.8,9.8,22.0,0.7,Lettuce
87,32,55,23.4,73.2,6.4,5.1,26.7,1.3,Lettuce
116,35,39,21.8,78.9,6.3,8.6,18.6,1.1,Lettuce
100,54,41,20.5,69.0,6.4,7.0,22.1,1.5,Lettuce
102,31,32,18.9,70.0,5.6,6.4,23.4,1.5,Lettuce
96,30,45,22.3,70.0,5.9,7.6,23.2,1.3,Lettuce
103,39,38,18.5,75.4,6.2,6.4,19.4,0.8,Lettuce
109,56,33,20.6,69.4,5.8,9.9,27.2,1.9,Lettuce
111,51,48,19.0,79.7,6.3,5.6,23.1,0.6,Lettuce
111,44,38,21.8,62.3,6.0,7.3,19.5,1.8,Lettuce
110,41,33,20.2,79.7,6.2,8.9,27.5,1.8,Lettuce
115,59,45,19.9,66.7,5.8,8.2,23.8,0.5,Lettuce
102,42,58,23.6,67.6,5.8,7.9,19.6,1.2,Lettuce
111,54,52,23.3,61.2,5.8,8.2,25.5,0.8,Lettuce
94,39,31,22.6,61.6,6.0,6.6,20.4,1.8,Lettuce
81,46,52,20.7,63.0,5.7,8.4,21.0,1.0,Lettuce
96,39,42,18.4,60.8,6.4,7.5,21.2,1.2,Lettuce
85,51,37,19.4,76.8,6.3,6.1,23.4,1.2,Lettuce
90,32,44,21.7,79.4,6.4,6.2,25.7,1.4,Lettuce
116,49,45,19.0,66.4,5.6,9.7,18.2,1.7,Lettuce
86,35,45,22.2,60.5,5.8,5.7,23.4,1.0,Lettuce
83,46,33,20.4,61.2,6.0,8.6,21.2,2.0,Lettuce
109,47,41,23.9,69.6,5.8,5.6,25.3,1.4,Lettuce
91,51,47,22.1,66.6,5.7,8.7,27.3,0.5,Lettuce
85,56,44,20.8,73.7,6.0,9.7,20.4,0.9,Lettuce
99,37,59,20.8,60.1,5.6,5.8,20.4,0.9,Lettuce
82,58,38,20.3,68.2,6.0,5.3,24.8,1.5,Lettuce
97,56,41,18.2,61.0,5.9,9.5,24.0,1.0,Lettuce
119,38,56,21.4,77.0,5.9,8.8,27.5,1.3,Lettuce
83,31,34,20.4,74.2,6.2,5.8,26.9,1.7,Lettuce
113,50,45,18.6,63.5,5.5,7.6,18.8,0.6,Lettuce
80,59,53,20.0,79.0,6.0,8.0,23.6,0.9,Lettuce
85,31,46,19.7,77.4,5.6,8.8,27.1,1.8,Lettuce
109,40,44,19.1,60.7,6.3,5.2,20.3,1.7,Lettuce
93,42,44,18.7,60.3,5.9,7.2,21.4,1.4,Lettuce
94,30,57,18.9,76.8,6.5,6.2,22.4,0.9,Lettuce
117,57,38,19.5,77.0,5.6,7.6,23.1,1.2,Lettuce
115,38,53,20.4,72.9,6.1,7.9,24.5,0.8,Lettuce
84,36,35,21.8,61.8,5.8,8.6,25.4,0.6,Lettuce
115,32,35,19.5,62.4,5.9,7.4,25.6,1.8,Lettuce
89,60,49,23.2,65.8,5.8,6.6,27.7,1.2,Lettuce
104,55,45,23.1,73.6,6.5,6.8,26.1,0.6,Lettuce
118,49,38,18.0,78.9,5.7,6.5,22.8,0.6,Lettuce
81,42,34,23.3,70.4,6.3,7.6,19.2,0.9,Lettuce
91,44,53,18.9,66.8,5.6,6.4,18.2,0.8,Lettuce
120,45,49,18.5,72.6,5.5,9.8,26.3,2.0,Lettuce
94,42,40,21.9,67.3,6.4,5.1,27.6,0.5,Lettuce
89,53,47,21.1,68.6,6.2,8.2,21.9,1.0,Lettuce
111,47,37,18.3,75.2,5.9,9.4,26.2,1.2,Lettuce
84,42,50,22.3,72.0,6.2,7.0,23.4,0.9,Lettuce
110,57,30,22.3,71.1,6.3,7.8,27.7,1.7,Lettuce
111,33,48,22.9,66.1,5.6,5.3,22.0,1.4,Lettuce
106,47,37,20.1,64.0,6.4,5.3,25.3,1.1,Lettuce
89,40,54,20.2,63.6,6.4,8.7,22.2,0.6,Lettuce
110,42,30,21.5,76.3,5.7,6.1,20.1,2.0,Lettuce
86,35,30,23.9,67.1,6.3,7.0,28.0,0.6,Lettuce
92,54,32,21.1,78.1,5.7,5.5,22.5,0.7,Lettuce
104,44,43,23.1,63.3,6.4,9.4,25.3,0.6,Lettuce
108,49,34,20.9,73.7,5.8,6.4,26.1,0.8,Lettuce
92,43,52,19.4,63.5,5.9,7.1,19.1,0.8,Lettuce
82,60,31,21.3,66.0,6.0,8.0,27.3,1.3,Lettuce
120,50,52,20.5,74.9,5.6,5.4,23.8,2.0,Lettuce
88,34,48,20.7,68.4,6.2,6.7,26.8,1.3,Lettuce
104,58,38,19.0,74.4,6.0,7.5,24.4,1.3,Lettuce
107,55,49,18.2,79.8,5.6,5.5,25.7,1.5,Lettuce
96,50,31,20.2,61.8,6.2,5.2,20.9,1.1,Lettuce
81,34,54,23.3,70.7,5.7,9.6,19.3,1.7,Lettuce
113,45,31,24.0,77.9,5.5,5.5,25.8,1.2,Lettuce
97,35,40,21.1,76.5,6.3,7.9,22.5,0.8,Lettuce
112,42,52,22.8,75.4,5.7,5.7,18.6,1.6,Lettuce
88,51,60,23.1,71.2,6.0,7.1,18.5,1.7,Lettuce
85,42,57,21.8,70.8,5.7,5.3,19.0,1.8,Lettuce
117,52,50,21.9,73.7,6.3,9.3,19.1,1.3,Lettuce
104,34,34,18.4,63.3,6.2,7.3,23.3,2.0,Lettuce
95,45,60,22.3,75.3,6.2,9.7,27.8,0.6,Lettuce
117,35,40,23.7,72.3,6.4,6.9,26.3,1.6,Lettuce
91,45,58,22.0,71.0,6.0,5.0,22.3,1.6,Lettuce
97,47,56,22.3,79.1,5.9,5.4,19.1,0.6,Lettuce
95,30,52,23.8,77.1,6.1,9.3,25.3,1.6,Lettuce
99,38,55,19.1,74.3,6.4,7.5,24.9,0.7,Lettuce
103,35,54,23.6,71.2,5.7,9.4,27.5,1.0,Lettuce
101,52,43,22.8,74.7,5.5,9.2,26.5,1.8,Lettuce
113,40,47,23.2,63.3,6.5,5.2,26.3,0.8,Lettuce
77,41,62,20.7,51.4,5.6,6.9,19.1,1.9,Basil
72,39,44,22.9,64.8,6.1,6.1,18.8,1.9,Basil
74,29,69,20.5,57.7,5.5,6.5,27.5,1.1,Basil
91,42,58,24.6,62.4,5.6,9.2,24.3,0.6,Basil
82,27,54,26.7,65.0,5.9,8.1,19.8,1.1,Basil
74,44,52,29.5,54.9,6.0,9.6,24.6,0.6,Basil
107,47,65,23.8,56.8,6.0,8.6,19.0,1.8,Basil
74,41,67,27.4,68.6,6.5,7.8,20.1,0.9,Basil
82,43,63,23.9,68.5,5.8,6.5,21.2,0.7,Basil
77,42,61,27.1,52.2,5.6,7.6,19.8,1.3,Basil
96,33,61,28.0,59.8,6.2,5.7,28.0,0.8,Basil
81,44,52,25.0,61.2,6.3,5.5,23.2,1.5,Basil
98,30,64,29.4,66.5,6.0,5.1,26.4,1.4,Basil
99,35,63,29.3,66.1,6.2,7.2,19.8,0.7,Basil
99,50,59,27.2,66.4,5.9,8.5,19.9,1.0,Basil
70,27,52,29.8,68.5,5.9,8.6,25.7,1.3,Basil
105,31,69,22.4,55.4,5.5,9.0,23.0,1.2,Basil
82,33,70,29.8,70.0,5.9,5.8,18.0,1.3,Basil
79,47,67,28.5,53.9,5.5,8.0,19.1,1.9,Basil
108,37,57,26.9,68.3,6.4,5.6,20.5,1.4,Basil
96,48,61,24.9,66.9,6.4,6.9,24.3,1.4,Basil
92,29,64,27.9,65.8,5.8,5.9,21.8,1.9,Basil
77,25,60,26.8,63.8,6.1,5.6,21.4,1.2,Basil
108,40,60,21.5,66.8,5.5,7.6,24.5,1.9,Basil
103,41,67,26.8,60.1,5.8,9.5,18.7,0.6,Basil
75,40,60,22.9,54.3,6.3,7.2,19.7,1.6,Basil
110,41,59,22.3,51.3,6.1,6.7,25.6,1.4,Basil
97,38,43,29.4,61.3,5.5,8.9,22.5,1.9,Basil
97,37,67,25.1,57.7,5.7,9.8,19.9,0.8,Basil
88,45,45,26.2,58.3,6.1,8.8,27.4,0.5,Basil
82,47,61,27.2,68.4,6.5,8.8,18.7,1.3,Basil
70,35,42,27.2,58.9,6.0,7.5,27.1,1.6,Basil
79,35,48,25.4,59.2,5.8,9.2,25.9,1.1,Basil
78,46,46,22.9,63.4,6.3,8.2,26.0,1.6,Basil
109,32,66,21.3,52.1,5.9,5.6,20.7,1.3,Basil
94,30,44,23.1,55.9,5.8,9.0,26.4,0.9,Basil
83,48,42,29.4,58.5,6.4,8.6,25.1,0.5,Basil
110,41,47,26.5,62.0,6.0,6.7,20.1,0.8,Basil
94,46,62,28.1,53.5,5.7,5.6,25.3,1.2,Basil
70,25,69,21.5,62.1,6.1,9.2,21.6,1.3,Basil
101,31,65,25.4,61.1,6.0,6.8,22.9,0.8,Basil
80,46,64,29.5,62.8,5.7,5.2,26.8,1.4,Basil
101,30,70,20.7,63.4,6.4,8.3,21.0,0.7,Basil
92,36,55,28.1,61.5,6.4,8.4,26.2,1.8,Basil
98,31,56,21.2,54.3,6.5,9.1,18.2,1.2,Basil
103,28,47,24.4,64.1,6.4,7.6,24.1,1.0,Basil
70,27,57,27.7,57.0,5.9,8.3,19.9,1.0,Basil
71,39,50,21.8,69.2,6.0,7.9,24.0,1.1,Basil
98,32,57,27.6,68.1,6.0,7.2,19.4,0.6,Basil
71,33,45,24.4,61.8,5.8,5.4,22.6,1.8,Basil
70,40,62,24.9,61.5,5.6,9.6,27.2,1.5,Basil
73,48,42,29.0,59.5,5.7,8.7,22.0,0.8,Basil
75,35,58,27.2,64.4,5.5,7.2,19.0,1.4,Basil
103,26,56,23.6,53.9,5.6,9.6,20.7,1.3,Basil
100,48,66,21.4,62.1,5.7,7.1,22.8,0.7,Basil
92,36,67,22.5,66.7,6.4,10.0,20.7,0.8,Basil
100,34,60,23.5,66.6,6.5,6.8,21.0,1.1,Basil
81,36,50,23.2,61.0,6.5,9.2,27.0,0.9,Basil
103,47,51,20.5,56.8,6.0,7.1,21.6,1.8,Basil
80,49,51,25.8,67.9,5.7,9.6,22.2,1.3,Basil
106,40,50,26.6,52.8,5.6,6.1,21.8,1.1,Basil
102,44,48,21.4,52.1,5.6,5.3,19.4,0.9,Basil
74,50,48,27.5,55.7,5.8,5.4,18.7,1.2,Basil
78,42,57,27.8,52.6,6.3,5.8,20.8,1.1,Basil
100,37,52,28.1,61.6,6.1,7.4,23.9,1.2,Basil
102,26,61,28.7,63.4,5.8,8.6,26.3,1.1,Basil
83,45,47,29.6,53.4,5.9,9.0,23.0,1.9,Basil
86,43,49,20.7,68.8,6.1,7.0,27.7,1.2,Basil
81,25,64,27.3,62.3,6.0,9.9,26.6,0.6,Basil
73,27,45,25.1,57.0,5.5,7.1,24.5,1.2,Basil
110,48,42,29.9,54.6,6.0,9.1,24.0,1.9,Basil
76,45,45,21.0,65.6,6.1,8.8,20.2,1.1,Basil
104,36,40,25.5,69.4,6.0,7.6,23.6,1.0,Basil
94,50,69,24.3,58.9,6.3,8.9,21.7,1.3,Basil
71,38,59,21.9,51.5,6.2,6.1,22.8,0.6,Basil
73,30,65,25.6,52.0,6.4,9.9,18.1,0.6,Basil
101,30,68,24.4,69.9,6.2,8.0,22.7,0.7,Basil
76,47,70,22.4,65.3,6.5,8.0,19.5,1.6,Basil
73,41,51,25.1,63.4,6.1,7.2,22.0,0.9,Basil
106,40,58,22.0,64.2,5.8,6.1,20.5,1.4,Basil
96,42,47,24.8,51.9,6.3,5.7,27.0,1.5,Basil
73,41,66,29.6,66.7,5.8,9.5,24.9,0.9,Basil
110,42,69,29.0,58.5,6.3,9.5,21.0,1.6,Basil
83,40,51,24.5,59.6,5.9,7.2,19.8,1.2,Basil
96,41,54,21.1,52.0,6.5,8.7,23.8,0.5,Basil
72,43,60,25.1,55.3,6.3,8.7,25.0,1.7,Basil
108,41,63,25.1,55.7,6.5,9.2,27.0,0.6,Basil
102,43,54,25.2,64.1,6.0,9.9,23.6,1.2,Basil
89,43,44,29.1,54.3,6.0,6.2,24.6,1.1,Basil
108,30,62,21.3,61.8,5.7,7.0,27.4,0.7,Basil
75,26,46,22.9,50.4,5.8,7.0,21.2,0.9,Basil
74,42,67,24.6,69.0,6.3,7.4,23.6,0.8,Basil
70,47,61,28.6,57.9,6.3,9.8,22.0,1.0,Basil
93,42,58,29.1,65.2,5.5,7.7,22.6,0.9,Basil
70,34,43,25.7,65.8,6.3,7.7,19.7,0.9,Basil
105,27,52,23.1,58.5,5.8,5.4,22.6,1.6,Basil
109,29,45,20.8,53.3,5.5,8.6,19.1,0.9,Basil
109,40,48,29.5,56.7,6.3,8.1,23.0,1.8,Basil
93,37,44,23.6,60.8,6.4,6.0,27.7,1.3,Basil
108,35,41,24.2,69.9,5.8,6.0,19.5,1.6,Basil
106,30,41,23.6,53.4,5.9,7.0,21.0,0.6,Basil
96,32,65,21.9,62.8,6.4,5.3,20.8,0.7,Basil
105,50,41,25.8,63.4,5.8,9.9,20.0,1.6,Basil
84,30,57,24.8,69.8,5.5,9.8,22.3,1.2,Basil
71,25,57,23.7,50.9,6.0,7.7,23.0,1.0,Basil
86,48,65,27.0,64.4,6.1,6.1,23.7,1.9,Basil
75,30,52,27.6,58.7,6.1,7.1,22.0,0.9,Basil
98,47,55,21.1,54.9,5.8,8.1,18.6,0.6,Basil
102,41,48,26.5,64.6,6.2,8.7,20.5,0.5,Basil
105,29,48,29.1,61.1,6.2,6.6,18.8,1.0,Basil
76,46,70,24.2,59.7,5.9,7.4,19.3,1.6,Basil
109,25,70,25.1,53.4,6.0,6.2,19.0,1.1,Basil
80,30,44,29.9,59.5,5.7,7.1,26.5,1.4,Basil
90,39,47,21.7,61.1,6.4,7.3,23.4,1.1,Basil
80,38,63,22.3,57.6,5.8,6.4,19.5,0.9,Basil
88,37,68,28.7,54.4,6.4,5.9,20.6,0.9,Basil
87,39,64,21.3,68.7,6.2,8.3,18.9,1.4,Basil
106,46,64,26.4,57.9,5.6,9.0,24.2,1.2,Basil
97,26,70,23.7,67.1,5.7,9.1,20.8,0.7,Basil
102,34,56,24.0,60.4,5.9,9.9,20.7,0.8,Basil
76,49,58,26.5,60.7,5.9,7.5,23.1,1.0,Basil
75,41,66,27.2,50.9,5.6,9.3,27.2,1.0,Basil
108,45,68,28.3,66.1,6.5,6.3,19.2,0.9,Basil
81,49,44,25.6,54.2,5.9,9.7,24.0,1.9,Basil
94,48,62,29.3,59.3,6.2,5.5,26.6,1.5,Basil
74,34,53,27.3,65.7,6.4,6.9,26.8,0.7,Basil
81,31,67,25.4,66.6,5.8,5.3,25.4,0.5,Basil
74,25,50,25.5,66.6,6.2,8.2,25.0,1.6,Basil
91,42,54,29.7,50.4,6.3,8.6,22.4,0.6,Basil
110,37,40,21.9,50.8,5.6,5.9,22.8,1.7,Basil
102,31,65,27.9,55.6,6.0,6.5,27.1,1.2,Basil
72,42,45,22.3,54.9,5.8,8.0,26.7,0.5,Basil
104,34,68,22.4,57.6,6.1,8.7,18.7,0.7,Basil
105,44,48,28.9,68.9,5.9,6.7,24.7,1.1,Basil
91,44,67,25.0,55.6,5.9,7.4,25.0,1.5,Basil
78,33,45,20.6,69.1,5.8,9.3,24.1,0.8,Basil
71,42,66,30.0,65.7,5.6,9.7,22.8,1.6,Basil
79,26,59,24.1,65.3,5.5,8.1,22.6,0.8,Basil
85,48,64,25.4,50.6,6.2,7.4,22.4,0.8,Basil
92,43,41,22.4,61.6,5.7,5.8,23.3,1.6,Basil
100,30,41,27.0,59.1,6.1,5.1,22.6,0.8,Basil
88,42,43,29.3,52.8,6.1,5.1,24.8,1.2,Basil
93,48,40,24.4,50.3,6.2,6.6,23.4,1.9,Basil
101,27,51,27.9,67.5,5.8,8.2,27.1,1.9,Basil
74,26,41,29.0,53.8,6.0,5.7,19.6,1.0,Basil
101,33,63,21.7,69.9,6.0,5.7,21.5,1.4,Basil
106,39,40,25.2,62.6,6.2,7.7,25.2,1.4,Basil
97,36,45,24.2,61.5,5.9,7.4,26.3,1.2,Basil
76,45,49,26.8,67.8,6.2,5.4,27.9,1.0,Basil
70,43,65,20.5,67.1,6.4,7.2,25.5,1.8,Basil
105,36,59,28.4,54.4,5.6,7.4,25.4,2.0,Basil
75,35,65,24.1,63.4,6.3,6.6,18.1,1.7,Basil
80,30,57,29.1,64.3,6.5,6.3,23.2,1.0,Basil
108,48,51,21.6,55.1,6.3,9.0,18.4,1.2,Basil
92,34,69,28.6,69.6,6.4,5.3,27.1,0.9,Basil
90,37,66,27.9,62.0,5.5,9.5,23.7,0.6,Basil
90,29,58,26.9,59.1,6.2,7.2,27.0,1.6,Basil
78,44,70,27.0,52.3,5.7,6.3,22.2,1.2,Basil
94,25,56,23.3,68.8,5.9,9.9,26.7,2.0,Basil
91,27,60,27.4,57.8,5.5,5.2,23.0,1.9,Basil
90,43,43,20.3,64.6,6.2,9.6,20.7,0.6,Basil
97,33,70,24.5,70.0,6.5,7.6,24.1,1.7,Basil
72,47,40,26.5,62.7,6.2,5.6,26.3,1.9,Basil
80,43,52,23.6,60.7,6.1,5.7,19.0,0.9,Basil
75,32,44,24.8,50.3,6.0,5.3,24.8,1.7,Basil
81,43,67,27.6,55.9,5.8,9.2,19.1,0.5,Basil
92,40,66,24.6,58.6,6.5,5.0,19.2,0.7,Basil
103,30,55,28.5,67.7,6.0,7.6,23.3,1.3,Basil
88,44,41,23.1,56.1,6.5,7.8,21.5,1.9,Basil
90,43,60,27.5,56.9,6.3,9.0,22.7,0.5,Basil
85,49,57,28.3,54.1,6.2,6.2,22.9,1.0,Basil
78,38,56,28.4,66.0,5.9,9.0,24.5,1.8,Basil
71,36,64,22.9,69.7,6.1,7.6,19.6,1.4,Basil
70,25,41,21.6,56.0,6.3,6.5,23.7,1.4,Basil
76,35,54,23.1,51.8,6.4,6.2,20.7,1.2,Basil
76,47,70,26.4,57.8,5.8,7.9,25.7,1.6,Basil
78,37,53,23.4,67.1,6.2,8.7,25.4,0.6,Basil
80,29,70,20.0,52.8,6.0,5.4,25.0,1.1,Basil
100,39,48,27.6,51.9,6.1,6.8,19.8,1.1,Basil
74,26,59,20.1,62.9,5.6,5.1,25.2,0.5,Basil
72,50,46,28.8,54.6,6.2,5.3,20.9,0.9,Basil
73,36,55,29.3,51.7,6.2,9.4,23.1,1.5,Basil
77,48,59,23.6,56.9,6.4,9.8,23.3,1.2,Basil
91,50,61,29.6,58.2,5.8,6.9,21.9,0.9,Basil
70,48,58,23.7,61.5,6.1,6.1,22.9,1.7,Basil
73,48,59,29.3,55.8,6.3,6.1,22.8,1.9,Basil
106,37,50,23.9,56.1,6.2,7.7,20.6,2.0,Basil
102,44,58,27.4,65.7,5.6,8.7,19.7,1.4,Basil
89,46,44,26.6,57.4,6.0,7.4,20.1,1.8,Basil
106,36,59,23.5,58.7,6.4,8.6,18.6,1.9,Basil
110,37,57,22.4,51.6,5.7,7.6,20.4,1.0,Basil
84,30,44,24.1,58.7,6.4,9.6,23.9,0.7,Basil
102,25,40,27.9,57.8,5.5,7.7,26.5,1.6,Basil
79,43,64,21.9,66.5,5.8,5.3,26.7,1.1,Basil
91,48,49,24.1,62.6,6.2,6.6,24.8,1.5,Basil
82,27,51,26.5,67.2,6.3,6.6,27.4,0.7,Basil
88,50,57,27.3,51.9,6.1,5.3,19.7,1.7,Basil
79,39,52,25.7,56.5,5.9,9.3,25.0,1.3,Basil
100,33,70,22.4,66.4,6.2,7.9,23.3,1.0,Basil
75,48,67,20.4,58.4,6.4,8.7,19.4,1.4,Basil
76,36,49,26.9,50.0,6.1,5.3,27.2,0.7,Basil
103,33,69,24.4,51.4,6.1,9.8,19.7,0.7,Basil
86,47,61,29.7,59.9,5.9,8.4,23.9,1.4,Basil
76,33,65,24.6,62.2,6.3,6.9,18.9,0.6,Basil
84,35,70,22.6,67.5,5.6,8.9,22.4,1.4,Basil
90,48,41,20.6,55.4,6.0,6.5,25.0,1.8,Basil
77,42,56,28.0,52.9,6.1,9.2,25.6,1.0,Basil
101,47,46,27.0,50.4,6.3,9.6,20.4,1.7,Basil
90,27,67,25.1,69.1,5.9,5.3,21.8,1.4,Basil
85,37,65,24.7,54.7,6.5,9.5,19.6,0.7,Basil
99,30,70,20.4,57.3,5.7,9.8,18.1,1.2,Basil
90,26,67,25.8,50.8,6.4,5.8,21.3,1.4,Basil
89,50,57,26.1,58.7,5.8,5.8,19.2,0.7,Basil
90,44,42,29.5,68.1,5.5,5.9,27.1,1.4,Basil
93,31,66,29.0,67.5,6.2,7.9,21.8,0.9,Basil
98,46,52,27.0,50.2,5.7,7.9,25.9,1.2,Basil
82,44,48,23.6,66.4,5.7,7.1,25.6,0.9,Basil
71,28,48,21.0,60.8,6.3,9.0,19.8,0.6,Basil
82,29,56,20.2,59.2,5.6,5.4,26.0,0.8,Basil
83,38,41,28.2,67.6,5.8,8.5,24.0,1.9,Basil
83,31,45,24.2,59.0,6.1,6.0,25.3,1.9,Basil
106,47,49,21.6,60.2,5.9,5.9,24.0,1.0,Basil
105,47,45,29.4,65.4,5.9,6.5,25.4,0.5,Basil
84,44,45,20.3,61.1,6.2,8.4,21.0,0.8,Basil
109,33,69,20.5,61.8,5.6,8.5,22.6,1.3,Basil
94,49,41,27.7,51.3,6.0,8.0,25.3,1.5,Basil
99,33,45,21.1,56.1,6.3,5.3,26.8,2.0,Basil
87,26,63,22.4,52.2,5.8,9.3,19.2,1.0,Basil
87,35,62,26.0,68.1,5.7,9.0,27.2,0.6,Basil
102,25,45,27.8,55.8,6.4,8.9,21.2,1.6,Basil
96,48,59,26.9,69.1,5.9,8.2,19.4,1.2,Basil
99,50,60,28.1,69.1,6.1,5.4,25.1,1.3,Basil
104,49,53,26.3,61.2,6.2,9.1,25.1,1.7,Basil
104,39,68,23.3,50.5,6.2,8.4,27.0,1.8,Basil
76,37,51,28.7,60.8,5.9,5.0,18.2,1.1,Basil
89,29,64,24.1,51.0,6.0,6.3,19.4,2.0,Basil
98,29,56,21.1,56.2,5.7,8.4,20.9,0.9,Basil
88,29,64,28.3,60.1,5.8,7.5,20.2,1.7,Basil
98,27,46,24.7,58.3,6.3,7.2,27.5,0.8,Basil
70,43,49,20.7,51.2,6.2,9.3,27.0,0.9,Basil
99,28,41,20.0,66.6,6.4,6.0,22.3,0.8,Basil
75,29,49,21.5,52.7,6.2,7.6,25.3,0.8,Basil
93,46,69,23.8,53.8,6.4,5.4,27.0,0.6,Basil
96,33,60,20.2,54.9,6.4,6.2,22.0,1.4,Basil
82,28,59,24.7,52.8,6.3,8.1,19.0,1.5,Basil
109,27,51,26.5,50.2,6.3,5.4,26.6,1.4,Basil
81,30,65,29.5,57.4,5.7,5.7,22.9,0.7,Basil
106,37,53,29.7,50.7,6.2,9.3,23.9,1.7,Basil
74,50,46,24.8,66.5,5.9,8.9,25.5,1.9,Basil
82,39,44,23.9,69.7,6.4,6.3,23.3,0.9,Basil
106,25,40,28.1,62.0,5.9,8.3,19.6,1.7,Basil
96,42,40,23.7,66.1,5.9,5.4,21.8,0.9,Basil
79,25,54,26.7,66.8,6.3,9.8,21.9,1.1,Basil
80,28,58,21.9,64.3,5.8,7.8,21.3,1.3,Basil
72,25,60,22.8,50.3,6.3,5.0,21.2,0.6,Basil
95,39,64,23.2,61.4,5.7,8.4,23.0,1.3,Basil
76,46,61,25.1,54.6,6.3,5.9,26.4,1.9,Basil
76,26,45,26.3,55.9,6.1,9.8,21.9,0.7,Basil
74,29,50,23.7,60.8,6.4,8.5,19.5,1.4,Basil
85,28,55,28.8,68.1,6.3,6.2,18.5,1.9,Basil
100,35,52,25.5,53.5,6.4,6.7,26.1,1.8,Basil
77,35,41,28.3,59.8,5.6,7.2,21.2,1.4,Basil
97,40,42,23.9,58.6,6.5,6.2,20.9,1.8,Basil
100,30,57,22.5,53.9,5.6,8.0,20.4,1.6,Basil
81,34,48,23.5,56.6,5.6,5.6,23.9,1.3,Basil
78,44,46,24.4,59.9,6.2,6.3,20.8,0.8,Basil
89,44,58,28.9,62.4,6.1,6.0,21.1,1.0,Basil
109,42,54,27.6,69.1,5.7,7.8,19.8,1.6,Basil
100,37,41,24.6,65.3,5.8,7.0,22.7,1.7,Basil
86,41,60,24.1,54.3,6.0,8.6,23.9,1.8,Basil
108,39,64,28.2,51.5,5.7,7.4,19.0,1.9,Basil
93,33,40,22.2,54.2,6.4,6.1,26.3,1.1,Basil
104,43,44,27.1,67.3,6.5,7.1,27.5,2.0,Basil
101,26,64,29.5,58.0,5.6,8.7,24.5,0.7,Basil
102,26,62,23.6,56.0,6.3,6.9,22.1,1.4,Basil
93,39,42,25.2,52.3,6.0,7.7,26.6,0.8,Basil
88,47,67,24.8,59.4,6.3,6.1,21.7,1.5,Basil
105,25,54,24.2,51.9,5.6,6.4,22.6,1.1,Basil
81,46,55,20.9,69.8,5.9,9.4,20.3,0.8,Basil
80,40,68,28.3,55.4,6.0,5.9,23.4,1.9,Basil
90,44,48,21.9,55.0,6.2,6.8,20.6,1.1,Basil
76,32,43,22.8,63.8,6.3,8.4,26.5,1.9,Basil
102,37,43,26.5,66.2,6.5,8.5,19.2,0.9,Basil
85,48,57,27.7,51.5,6.4,8.8,22.3,1.3,Basil
77,30,48,27.0,65.0,6.4,8.4,18.6,1.2,Basil
101,32,66,28.1,52.6,6.5,5.9,24.9,1.0,Basil
92,27,68,21.3,57.6,5.6,5.1,21.4,1.3,Basil
86,45,40,26.0,56.2,5.8,7.6,25.4,1.9,Basil
77,27,41,25.9,61.5,6.2,8.9,27.4,1.0,Basil
82,46,40,20.5,53.8,6.2,9.3,22.2,1.8,Basil
108,29,55,24.2,57.6,6.1,5.6,18.4,1.6,Basil
101,39,57,21.9,53.4,6.2,9.1,19.2,1.3,Basil
107,38,64,25.9,68.9,5.8,6.3,22.6,0.8,Basil
79,40,47,24.4,67.5,5.7,5.6,22.6,1.1,Basil
107,31,61,20.9,63.5,5.8,9.6,18.4,2.0,Basil
76,43,67,24.2,62.7,6.1,5.8,21.6,1.0,Basil
93,33,64,21.7,55.7,6.4,6.8,27.9,1.4,Basil
70,28,41,25.3,69.1,6.0,6.8,18.5,1.5,Basil
79,47,57,25.7,51.9,6.2,7.9,24.7,0.9,Basil
104,45,70,26.0,54.5,6.1,5.2,25.4,1.9,Basil
106,41,52,29.5,51.4,6.0,6.4,27.9,0.8,Basil
82,35,50,26.7,56.5,6.2,5.2,23.5,1.4,Basil
91,38,53,28.8,52.0,5.7,5.8,26.4,1.4,Basil
98,43,49,29.9,57.0,6.3,6.0,18.1,1.9,Basil
89,30,46,27.2,61.8,6.1,9.4,23.3,0.9,Basil
106,45,41,27.4,54.9,5.8,9.2,23.2,0.6,Basil
78,41,51,27.2,67.3,6.3,5.1,19.9,1.2,Basil
85,48,70,22.0,50.3,6.3,8.4,21.9,1.4,Basil
89,32,51,28.9,51.6,5.7,6.5,26.7,1.7,Basil
99,33,40,26.0,59.0,6.1,5.8,22.2,0.8,Basil
76,31,40,25.9,69.0,5.5,8.5,25.4,1.9,Basil
105,44,57,27.6,61.8,6.5,9.0,21.2,0.8,Basil
78,34,62,23.8,63.9,5.8,7.7,26.1,1.1,Basil
80,46,58,29.4,53.4,5.9,5.6,21.3,1.1,Basil
110,31,42,20.6,65.9,5.9,8.5,20.6,0.6,Basil
104,49,41,28.0,51.9,5.7,7.9,19.5,1.9,Basil
77,41,54,20.1,55.3,6.0,5.1,18.7,0.8,Basil
103,44,50,23.9,55.5,6.3,7.9,25.7,1.2,Basil
81,37,57,27.3,60.5,6.1,6.7,24.1,1.3,Basil
103,43,68,20.7,56.2,5.8,6.3,21.0,0.6,Basil
85,35,63,25.4,58.6,5.5,5.3,21.6,1.7,Basil
102,36,51,24.1,62.1,5.8,7.5,18.5,0.6,Basil
91,40,45,28.5,58.0,6.1,9.4,20.8,1.4,Basil
81,38,68,28.9,63.4,6.5,7.7,20.7,1.1,Basil
70,41,58,27.2,60.2,6.0,7.3,21.9,1.9,Basil
72,33,47,28.6,53.8,6.4,9.7,26.9,1.3,Basil
81,47,40,21.3,66.5,6.4,7.4,23.0,1.6,Basil
104,29,47,28.0,69.3,6.0,8.8,21.0,1.1,Basil
109,48,52,30.0,63.1,6.5,8.5,22.0,1.2,Basil
91,32,61,26.6,63.8,5.5,6.1,22.0,1.6,Basil
97,26,51,24.0,63.1,6.5,5.1,22.1,0.7,Basil
76,28,69,28.1,66.6,6.5,5.7,19.1,1.0,Basil
108,32,53,24.0,57.3,5.6,8.7,18.0,1.5,Basil
107,39,70,26.0,50.1,5.8,6.5,25.6,1.0,Basil
81,33,59,25.5,54.3,6.0,9.8,24.5,1.8,Basil
100,35,40,29.0,51.1,5.5,7.1,22.9,1.7,Basil
72,49,58,20.9,69.8,6.4,7.7,20.0,1.1,Basil
70,36,49,22.1,50.1,6.0,7.8,28.0,1.0,Basil
103,43,68,28.1,54.6,5.7,6.0,20.7,1.5,Basil
80,25,59,27.9,61.1,5.8,8.0,22.4,1.4,Basil
76,26,57,20.7,69.6,5.6,6.4,25.1,0.6,Basil
85,25,47,26.2,51.5,6.1,5.3,22.2,1.0,Basil
77,48,41,24.8,64.9,5.7,9.5,21.8,1.7,Basil
72,35,63,26.9,69.1,6.1,5.3,18.7,1.5,Basil
110,45,61,23.4,50.7,6.1,8.9,18.3,1.3,Basil
82,38,44,21.8,69.9,5.5,5.5,27.8,1.3,Basil
101,46,47,22.4,62.3,5.7,8.4,20.2,1.0,Basil
80,41,69,22.9,62.9,6.4,7.7,22.8,0.6,Basil
74,31,64,22.2,60.3,5.8,7.9,26.9,1.1,Basil
108,28,53,22.1,58.0,5.5,8.2,25.3,1.2,Basil
91,41,62,23.0,62.3,6.4,6.5,23.2,0.7,Basil
88,49,43,20.5,50.7,5.9,9.6,27.2,1.9,Basil
85,31,66,29.2,52.3,5.7,6.9,23.0,1.1,Basil
71,37,47,20.1,50.8,6.5,7.1,20.3,1.8,Basil
97,46,41,20.5,53.3,6.1,8.9,24.9,1.7,Basil
77,50,52,25.5,68.5,5.5,7.9,27.5,1.0,Basil
97,28,55,28.2,50.5,6.4,9.0,25.6,1.5,Basil
105,40,57,27.4,67.8,5.5,7.4,24.0,1.4,Basil
102,47,47,27.2,63.6,5.9,9.0,27.5,1.2,Basil
104,40,61,20.8,50.3,6.1,8.0,19.2,1.7,Basil
94,39,54,26.7,61.3,6.5,5.2,20.6,1.5,Basil
99,30,42,23.2,50.5,6.3,6.9,20.7,0.6,Basil
76,46,70,25.2,52.0,6.5,6.2,18.6,0.7,Basil
97,40,68,25.2,52.7,5.5,6.5,19.7,0.9,Basil
93,40,52,28.2,50.1,5.7,7.2,20.2,1.9,Basil
99,35,57,25.6,61.5,6.5,8.3,21.5,1.6,Basil
99,36,44,26.0,53.5,6.3,5.9,22.7,1.2,Basil
84,31,41,25.5,51.5,6.1,5.7,23.3,0.7,Basil
74,48,40,29.5,61.0,5.8,7.2,26.6,0.5,Basil
103,28,65,20.2,53.1,5.7,6.8,26.2,0.6,Basil
99,47,61,24.3,64.3,5.6,5.2,19.0,1.7,Basil
100,40,50,21.0,62.2,5.7,6.5,19.7,1.4,Basil
102,41,48,22.1,67.4,6.4,9.0,27.8,0.9,Basil
96,47,40,20.2,59.7,5.6,6.4,23.9,1.8,Basil
73,39,54,24.8,56.4,5.8,7.7,22.6,0.6,Basil
94,41,48,28.3,58.0,6.5,9.3,22.4,1.9,Basil
70,36,67,28.8,54.2,6.0,9.5,18.2,1.2,Basil
74,44,68,22.1,68.9,6.1,8.2,25.5,1.3,Basil
103,47,61,25.8,62.6,5.7,9.6,19.8,0.8,Basil
77,44,44,22.2,60.4,5.9,7.3,22.9,1.4,Basil
83,41,60,25.6,58.0,5.9,9.2,18.0,1.3,Basil
96,47,58,22.6,52.6,6.0,5.2,19.3,1.6,Basil
97,40,51,20.3,62.0,5.9,6.4,24.3,0.8,Basil
94,26,66,20.9,62.0,5.5,6.3,20.2,1.7,Basil
80,33,53,26.6,50.6,5.7,7.7,25.0,1.1,Basil
98,27,45,23.8,50.6,6.1,8.4,26.0,1.3,Basil
109,49,50,22.3,66.0,6.0,8.2,26.2,1.0,Basil
70,36,50,29.8,69.1,5.9,8.0,18.0,0.6,Basil
98,47,63,25.7,57.5,5.9,5.6,22.8,1.8,Basil
86,41,60,29.7,62.1,6.4,5.2,21.7,1.0,Basil
77,47,50,24.9,52.7,6.5,7.1,22.5,0.7,Basil
93,31,65,21.6,56.0,6.5,8.8,25.5,1.2,Basil
70,49,70,23.1,56.9,6.2,5.8,18.9,1.7,Basil
103,47,58,24.8,62.8,6.3,7.7,18.0,1.2,Basil
71,45,54,27.7,66.7,5.8,5.2,23.8,0.9,Basil
72,50,42,25.3,68.9,6.3,8.9,26.2,2.0,Basil
76,46,48,20.2,65.0,6.3,8.5,18.6,1.3,Basil
105,26,64,23.9,63.6,6.0,9.5,27.2,1.3,Basil
94,27,59,22.5,53.8,6.2,9.9,25.1,1.7,Basil
70,46,55,27.7,68.7,6.0,6.8,27.6,1.7,Basil
75,39,53,28.8,66.4,6.3,5.4,20.4,1.7,Basil
84,50,69,25.2,51.3,5.8,7.5,24.4,1.8,Basil
98,48,52,20.1,63.8,5.6,9.4,25.3,0.8,Basil
98,26,69,25.3,68.2,6.4,6.2,18.7,1.4,Basil
95,46,54,23.9,54.1,5.6,5.1,23.9,1.5,Basil
71,47,42,21.7,54.6,5.8,9.9,20.8,0.8,Basil
84,27,63,22.3,60.7,5.8,7.0,18.1,1.9,Basil
106,33,58,21.1,57.3,5.9,8.4,26.1,1.5,Basil
82,46,42,23.2,57.7,6.0,6.1,24.0,2.0,Basil
108,34,59,27.9,50.3,5.8,6.4,19.6,1.0,Basil
73,34,68,25.7,51.5,5.6,6.1,24.8,1.3,Basil
77,26,61,28.1,50.9,5.8,9.3,27.2,1.5,Basil
85,43,65,22.0,64.3,5.9,8.0,20.5,1.5,Basil
71,25,55,20.1,69.2,5.9,5.4,23.9,0.6,Basil
101,38,50,21.9,67.6,5.8,8.5,22.3,1.5,Basil
107,45,47,23.1,57.5,6.1,8.0,23.3,0.6,Basil
74,27,63,21.0,63.5,5.6,5.1,26.8,1.6,Basil
102,36,46,27.8,56.7,5.7,9.2,26.0,0.7,Basil
85,50,56,26.2,59.8,6.5,7.5,19.9,1.6,Basil
85,43,62,24.0,66.0,5.9,6.5,22.0,1.3,Basil
96,49,40,30.0,58.2,6.1,7.5,27.3,0.8,Basil
92,37,70,28.2,68.4,5.7,9.4,25.7,1.8,Basil
105,32,57,25.9,50.6,6.1,5.3,19.9,1.6,Basil
106,44,62,24.9,55.6,5.9,7.0,21.9,1.5,Basil
91,31,69,25.1,62.6,6.1,9.8,22.5,0.9,Basil
98,41,45,29.2,60.5,6.3,9.8,24.7,1.3,Basil
76,45,68,23.8,54.3,6.1,6.4,20.8,1.8,Basil
97,29,51,25.8,51.9,6.0,6.2,28.0,1.6,Basil
77,34,65,29.4,69.9,5.7,5.4,21.3,0.9,Basil
83,47,66,20.3,62.5,6.3,5.5,27.7,1.1,Basil
86,42,59,27.9,65.1,5.9,5.5,22.9,0.7,Basil
102,37,53,23.7,63.1,5.6,8.8,23.8,1.7,Basil
108,28,50,24.6,51.3,5.8,9.0,24.9,1.0,Basil
75,47,51,21.4,58.7,5.6,7.4,25.9,1.2,Basil
75,41,70,23.5,55.6,5.9,7.5,19.9,1.0,Basil
81,33,59,23.0,69.6,6.4,9.0,23.5,1.2,Basil
94,49,48,26.3,63.8,5.7,9.2,25.3,2.0,Basil
88,32,43,22.6,60.1,6.2,9.2,21.7,1.7,Basil
103,27,47,28.7,66.6,5.5,5.1,18.2,1.4,Basil
74,39,50,20.7,54.8,5.8,7.0,22.4,1.2,Basil
79,25,68,24.8,59.9,6.1,5.7,24.2,1.4,Basil
80,45,55,20.9,69.7,6.4,8.5,18.1,0.9,Basil
97,37,58,23.7,66.8,5.9,8.6,20.5,1.5,Basil
84,40,54,28.5,67.7,5.7,8.0,23.1,0.8,Basil
95,35,60,26.8,56.7,6.5,7.6,25.5,1.1,Basil
96,39,55,25.7,69.6,6.2,6.5,25.6,0.6,Basil
106,26,61,22.5,61.5,6.2,6.5,26.6,0.8,Basil
72,37,53,28.2,52.6,5.8,9.7,20.5,1.7,Basil
101,34,59,28.7,61.9,5.7,9.3,23.4,1.1,Basil
94,50,53,30.0,57.9,6.0,7.8,20.9,1.0,Basil
95,43,53,21.6,54.8,6.0,7.9,20.7,1.2,Basil
91,28,56,20.9,57.7,5.9,5.2,25.5,0.9,Basil
100,35,61,20.7,66.5,5.5,7.8,24.5,1.7,Basil
80,26,44,28.1,60.3,6.0,8.4,21.6,2.0,Basil
89,27,45,25.8,53.7,5.6,9.7,24.3,1.4,Basil
94,32,50,24.6,53.1,5.7,10.0,22.1,1.4,Basil
96,50,55,26.2,52.0,5.9,6.6,23.7,1.4,Basil
81,39,49,21.2,53.5,6.5,9.4,19.8,1.8,Basil
72,30,45,23.0,68.8,5.6,8.0,20.5,1.2,Basil
74,30,46,22.6,55.1,6.2,5.7,18.8,1.5,Basil
77,25,55,25.5,54.4,6.2,8.5,21.6,0.9,Basil
72,40,51,29.7,67.8,6.3,7.6,26.5,1.5,Basil
75,44,55,23.3,67.6,6.4,7.0,19.4,0.8,Basil
86,34,46,22.1,52.4,6.3,7.9,22.1,1.0,Basil
89,42,57,27.6,60.1,6.1,9.7,23.8,1.1,Basil
82,38,67,20.9,54.4,6.1,9.0,23.5,1.4,Basil
106,31,64,24.4,65.8,5.7,8.0,21.4,1.6,Basil
71,27,46,22.2,58.6,6.1,6.0,27.1,0.6,Basil
103,38,60,28.6,58.7,5.7,9.7,26.4,1.1,Basil
82,40,50,26.6,51.8,6.4,7.1,19.7,1.4,Basil
91,25,50,25.3,58.7,6.5,9.2,19.3,1.8,Basil
87,41,49,29.2,65.8,6.3,6.3,25.2,1.3,Basil
74,32,42,27.6,52.2,6.4,6.3,24.3,0.9,Basil
96,35,43,25.9,58.3,6.1,9.3,18.4,1.9,Basil
73,42,42,25.2,57.5,5.6,7.4,21.6,1.8,Basil
87,39,41,21.1,57.6,5.8,7.1,19.3,0.6,Basil
85,44,51,21.4,66.1,6.2,9.7,26.8,2.0,Basil
82,49,62,23.8,58.5,5.9,5.7,26.1,0.6,Basil
75,32,61,27.4,50.6,6.1,9.0,22.8,0.7,Basil
70,31,57,29.0,65.2,5.7,8.6,23.8,1.4,Basil
106,42,63,24.2,50.6,6.0,7.1,24.7,1.9,Basil
88,41,70,24.9,54.8,6.4,6.7,21.6,0.6,Basil
70,31,63,26.2,65.0,6.2,6.2,20.9,1.2,Basil
90,27,50,25.0,68.4,6.2,9.9,27.4,1.2,Basil
78,44,57,25.6,67.0,6.1,8.0,18.5,1.1,Basil
106,37,51,20.7,60.2,6.4,7.1,25.0,1.8,Basil
92,29,42,25.3,64.6,5.7,6.9,25.3,0.7,Basil
91,39,52,26.7,65.7,6.5,7.7,23.4,1.9,Basil
75,29,47,27.6,62.0,5.9,5.8,26.3,1.6,Basil
73,32,70,28.5,52.2,6.1,7.2,21.5,0.9,Basil
110,43,49,21.0,58.2,5.5,8.1,20.4,1.7,Basil
97,25,58,25.8,53.7,5.7,9.2,19.0,1.5,Basil
82,36,51,26.6,60.7,6.0,6.0,23.7,0.7,Basil
90,37,44,27.6,52.8,5.6,5.1,20.7,1.6,Basil
81,48,54,27.5,60.8,6.4,5.2,27.3,1.7,Basil
94,44,60,20.7,58.4,5.8,7.0,23.9,1.4,Basil
94,47,62,23.1,56.8,6.0,7.4,20.6,0.9,Basil
95,43,70,25.9,69.2,6.0,6.3,26.7,0.6,Basil
73,43,44,25.5,56.3,6.1,7.8,23.9,0.7,Basil
107,47,53,21.2,55.7,5.8,5.1,22.4,0.6,Basil
61,32,30,18.5,60.5,6.9,5.7,23.4,0.7,Mint
81,25,60,23.1,68.2,6.0,6.6,24.0,1.5,Mint
82,30,54,21.4,67.7,6.6,6.3,25.0,0.9,Mint
81,47,47,19.6,75.1,6.1,8.8,26.0,1.3,Mint
70,32,45,19.5,60.8,6.9,6.6,24.4,1.6,Mint
94,31,49,25.9,79.2,6.0,7.2,27.0,1.4,Mint
85,29,34,25.0,81.7,6.4,6.4,25.9,0.8,Mint
70,34,50,21.1,81.0,6.6,5.7,27.2,0.9,Mint
87,36,31,18.3,79.7,6.0,9.2,27.2,1.3,Mint
73,33,36,24.4,74.3,6.9,6.0,27.1,1.6,Mint
66,38,34,20.0,77.1,6.5,5.9,24.7,0.8,Mint
90,28,50,24.2,84.3,6.9,8.0,25.2,1.6,Mint
82,49,57,18.1,64.3,7.0,7.7,21.1,0.6,Mint
82,26,45,25.3,76.5,6.8,8.3,22.3,1.8,Mint
99,42,30,22.1,62.3,6.1,7.2,21.1,1.8,Mint
74,37,58,21.3,69.6,6.4,6.8,26.2,0.9,Mint
76,49,39,21.4,68.9,7.0,8.7,21.4,2.0,Mint
98,30,36,24.6,60.6,6.6,6.3,20.7,0.6,Mint
82,48,42,21.6,81.1,6.2,7.5,24.9,1.1,Mint
80,43,43,24.0,66.1,6.9,7.0,21.3,1.4,Mint
94,25,40,24.2,73.6,6.3,5.1,21.4,1.0,Mint
91,39,41,25.0,74.6,6.1,6.5,27.6,1.5,Mint
82,30,42,19.6,67.8,6.9,7.3,24.6,1.2,Mint
88,36,32,25.5,78.0,6.8,9.3,20.6,1.7,Mint
72,30,42,21.0,74.9,6.3,8.8,21.1,1.6,Mint
78,25,51,25.7,78.3,6.4,8.6,27.5,1.2,Mint
64,47,52,19.7,82.9,6.9,9.6,27.0,1.1,Mint
63,49,35,21.0,62.1,6.3,7.6,25.9,0.6,Mint
74,20,43,19.6,68.3,6.7,9.4,19.6,1.4,Mint
63,26,42,21.8,81.7,6.7,8.7,24.4,0.9,Mint
77,46,46,25.1,61.1,6.3,5.9,24.5,1.6,Mint
67,39,58,23.5,61.5,6.5,9.7,20.6,1.4,Mint
75,21,38,24.4,70.1,6.6,5.1,20.2,1.4,Mint
90,47,32,19.5,69.1,6.6,8.7,18.8,1.4,Mint
84,20,46,19.5,75.0,6.5,7.3,26.1,1.8,Mint
100,47,35,22.9,61.8,6.6,7.1,20.1,0.9,Mint
73,42,35,25.8,70.2,6.2,6.6,24.2,0.9,Mint
66,33,38,24.4,68.5,6.7,7.4,26.7,1.9,Mint
67,34,57,23.7,72.9,6.5,6.2,24.5,1.3,Mint
73,41,42,23.8,60.7,6.4,7.1,21.8,0.5,Mint
88,40,56,21.9,66.7,6.1,5.1,24.6,1.2,Mint
61,27,34,20.0,70.6,6.1,7.1,23.6,1.1,Mint
85,22,43,23.9,60.5,6.8,8.0,26.6,1.3,Mint
83,44,50,19.3,83.3,6.3,8.3,18.3,1.7,Mint
65,22,34,18.4,69.7,6.9,9.8,27.4,0.8,Mint
69,38,48,22.6,65.7,7.0,6.2,19.9,1.0,Mint
68,29,44,24.7,75.0,6.6,8.0,25.8,0.9,Mint
68,20,56,20.8,67.4,6.6,6.3,20.3,0.8,Mint
82,28,31,19.0,76.5,6.6,7.8,18.6,1.2,Mint
71,47,60,22.5,61.6,6.8,6.1,19.7,0.9,Mint
97,32,52,25.4,65.4,6.1,9.1,25.3,1.9,Mint
91,37,54,22.1,65.6,6.3,5.7,25.5,2.0,Mint
86,36,49,24.2,65.2,6.9,5.3,26.2,0.9,Mint
67,31,57,24.1,74.7,6.8,7.1,22.4,1.5,Mint
97,43,39,19.6,79.4,6.8,9.2,22.8,0.6,Mint
84,42,41,18.8,63.5,6.3,6.6,21.6,0.6,Mint
66,24,38,24.2,66.5,6.7,8.8,23.7,0.9,Mint
83,39,55,25.1,84.6,6.2,6.1,26.1,1.5,Mint
73,31,41,19.8,80.8,6.1,6.0,20.6,1.8,Mint
78,36,39,25.0,75.2,6.8,5.5,18.3,0.8,Mint
85,21,36,19.9,69.9,6.6,8.2,27.7,1.1,Mint
66,25,33,21.2,79.9,6.6,7.3,23.3,0.6,Mint
67,38,56,22.0,69.5,6.5,8.7,25.9,1.2,Mint
82,45,58,22.1,84.6,6.1,6.2,24.0,1.4,Mint
93,22,33,21.7,69.7,7.0,8.5,18.2,0.5,Mint
63,30,38,18.3,81.1,6.6,6.6,24.9,1.0,Mint
86,31,55,22.7,61.7,6.6,5.7,26.6,1.0,Mint
67,50,33,22.7,72.1,6.6,5.3,24.3,0.9,Mint
62,45,49,18.3,66.4,6.9,5.9,26.9,1.7,Mint
83,29,57,21.5,64.3,6.1,5.8,27.8,1.6,Mint
63,39,44,21.2,72.5,6.5,9.6,24.2,1.3,Mint
84,26,38,20.4,72.6,6.2,8.0,25.1,1.3,Mint
72,49,39,24.6,63.4,6.7,8.0,26.4,1.8,Mint
94,46,58,23.7,68.3,6.7,7.3,25.1,1.0,Mint
88,41,59,24.1,68.3,6.5,5.5,21.6,0.8,Mint
83,40,38,21.6,82.8,6.4,7.6,20.6,1.8,Mint
66,35,60,18.1,76.3,6.1,6.8,20.5,0.6,Mint
60,35,30,25.8,81.9,6.5,9.7,21.0,0.7,Mint
78,47,59,24.7,61.4,6.1,5.8,23.6,2.0,Mint
65,36,32,20.5,78.5,6.1,7.3,20.8,1.6,Mint
89,21,30,25.2,64.1,6.9,5.2,22.0,2.0,Mint
69,43,57,20.8,77.1,6.7,7.2,23.0,1.1,Mint
100,29,54,20.2,68.9,6.8,8.8,23.8,0.6,Mint
94,27,38,18.3,68.0,6.9,8.2,22.8,1.5,Mint
77,47,32,21.2,77.8,6.7,5.9,19.2,0.6,Mint
100,45,55,18.7,60.8,6.8,7.2,19.3,1.3,Mint
67,31,60,25.4,84.8,6.1,6.7,27.5,1.3,Mint
65,39,52,20.0,82.6,6.4,7.6,25.7,1.5,Mint
66,22,35,22.6,73.2,6.4,9.9,26.7,1.0,Mint
86,22,48,18.1,73.3,6.3,5.0,24.7,1.8,Mint
92,21,37,21.2,69.0,6.9,6.3,21.5,0.7,Mint
91,43,58,19.0,78.2,6.9,8.4,20.4,0.9,Mint
76,45,36,21.2,66.6,6.5,7.0,24.7,1.1,Mint
95,37,56,24.8,80.3,6.1,5.5,22.7,0.5,Mint
72,42,33,20.5,76.1,6.3,5.7,23.8,0.9,Mint
66,39,60,19.4,76.8,6.7,5.1,22.8,1.3,Mint
89,34,33,24.7,72.7,6.4,9.6,18.5,1.0,Mint
63,25,46,18.4,74.7,6.2,8.2,25.6,1.2,Mint
73,36,53,24.7,68.4,6.4,5.4,24.2,0.6,Mint
62,29,41,20.9,80.9,6.7,9.4,24.7,0.5,Mint
61,40,30,25.9,65.6,6.5,9.6,21.2,1.2,Mint
74,38,36,21.9,81.3,6.8,9.4,25.9,1.1,Mint
73,34,40,19.8,60.3,6.5,9.7,26.8,0.6,Mint
63,24,49,19.3,69.7,6.3,8.7,24.2,1.4,Mint
91,47,59,18.3,66.0,6.8,8.9,24.5,1.8,Mint
66,46,46,18.4,80.8,6.1,6.0,18.5,1.8,Mint
62,35,49,25.3,79.2,6.9,9.2,21.6,0.5,Mint
85,27,41,25.2,67.2,6.9,8.5,22.6,0.7,Mint
75,50,42,25.3,66.6,6.5,7.7,20.6,0.9,Mint
99,24,60,18.7,76.1,6.4,9.9,26.9,0.5,Mint
65,22,50,23.8,73.8,6.9,9.6,25.4,0.9,Mint
85,48,50,23.0,76.7,6.8,5.1,23.2,2.0,Mint
61,49,43,20.0,72.9,6.3,5.7,25.2,0.8,Mint
85,36,31,23.2,60.8,6.8,5.9,21.5,1.1,Mint
86,27,52,22.6,80.3,6.7,6.5,22.9,2.0,Mint
86,44,52,18.2,84.8,6.4,9.3,21.8,0.8,Mint
89,24,31,24.3,78.7,6.3,5.4,24.9,1.4,Mint
78,42,50,24.5,74.5,6.6,5.9,21.0,0.5,Mint
99,39,31,24.3,63.8,6.9,9.4,27.5,0.7,Mint
74,29,37,25.2,84.0,6.9,5.5,27.2,1.3,Mint
99,48,38,19.3,62.5,6.8,7.0,21.4,0.9,Mint
77,22,46,20.7,70.8,6.4,8.4,21.4,1.8,Mint
70,43,59,19.0,72.1,6.3,6.0,19.4,1.0,Mint
76,36,49,19.3,60.5,6.5,6.1,19.3,1.9,Mint
66,22,42,19.0,62.4,6.5,9.5,19.4,2.0,Mint
70,31,44,19.0,64.6,6.7,8.8,27.0,1.7,Mint
87,30,53,22.4,83.7,6.8,9.0,18.7,1.5,Mint
92,47,54,21.2,74.4,6.3,9.4,24.9,1.9,Mint
92,39,32,18.4,72.0,6.3,6.3,24.7,1.7,Mint
68,39,30,19.2,82.1,7.0,7.3,19.6,1.7,Mint
71,25,53,22.2,70.6,6.8,7.0,27.5,1.8,Mint
89,33,54,25.4,83.6,6.2,8.7,19.9,1.4,Mint
71,45,52,23.6,77.0,6.9,5.2,18.2,1.1,Mint
79,42,50,25.7,85.0,6.1,8.2,27.8,0.6,Mint
64,31,38,25.4,63.2,6.7,5.5,26.4,0.6,Mint
82,39,46,18.8,69.5,6.2,8.4,19.5,1.6,Mint
78,39,33,19.2,75.5,6.1,8.0,25.8,1.4,Mint
86,42,32,24.8,67.1,6.6,8.6,27.1,2.0,Mint
63,33,37,24.4,79.9,6.6,6.8,23.3,0.7,Mint
96,27,39,21.6,75.1,6.9,7.2,19.6,2.0,Mint
92,20,41,23.8,69.2,6.4,5.7,25.0,0.7,Mint
66,28,47,19.7,81.9,6.9,9.7,22.9,0.7,Mint
85,36,31,24.5,73.5,6.1,6.3,21.8,1.3,Mint
67,21,35,22.0,74.6,6.4,5.8,20.8,1.2,Mint
88,24,40,24.3,81.4,6.4,8.4,20.5,1.8,Mint
83,32,58,22.9,66.4,6.2,9.1,24.0,1.2,Mint
81,28,34,22.7,61.6,6.7,7.7,21.6,1.5,Mint
99,29,30,23.1,74.9,6.8,5.0,24.9,0.8,Mint
89,20,50,18.8,67.7,6.7,8.8,20.6,1.5,Mint
96,28,39,24.0,73.9,6.8,9.4,22.3,1.3,Mint
63,44,44,19.3,84.6,6.9,5.2,25.2,1.3,Mint
78,36,59,22.0,61.9,6.2,7.2,18.7,0.7,Mint
78,38,53,20.4,80.0,6.6,7.7,23.4,1.3,Mint
84,30,59,18.7,62.8,6.4,7.5,24.7,0.8,Mint
66,35,39,22.6,73.3,6.4,6.1,26.1,1.3,Mint
69,42,50,21.6,77.0,6.4,6.3,27.5,1.2,Mint
70,49,57,20.4,82.1,6.1,6.9,25.7,1.1,Mint
82,35,35,21.5,61.8,6.1,6.9,27.6,1.5,Mint
86,47,45,19.4,61.2,6.2,5.9,24.1,1.5,Mint
92,21,40,24.7,65.3,6.9,7.6,23.5,1.0,Mint
100,20,51,23.1,64.6,6.2,6.1,25.6,0.9,Mint
70,31,55,23.5,70.3,6.7,7.6,27.4,1.7,Mint
69,33,54,18.4,79.0,6.4,9.8,27.6,1.1,Mint
84,35,36,21.3,74.3,6.3,7.7,24.3,1.1,Mint
60,49,31,21.4,84.8,6.9,6.2,22.5,1.1,Mint
97,35,48,24.1,69.1,6.4,9.5,21.1,1.8,Mint
80,43,56,25.4,79.2,6.2,7.3,27.1,1.8,Mint
86,44,41,23.1,65.1,6.7,9.3,18.4,1.5,Mint
87,27,40,22.7,77.1,6.5,8.8,27.3,1.9,Mint
79,41,51,21.3,61.4,7.0,8.7,20.2,1.6,Mint
93,40,44,25.0,84.3,6.8,7.8,25.0,1.6,Mint
77,50,51,21.3,65.2,6.8,6.2,24.3,1.7,Mint
77,48,54,20.8,75.2,6.3,7.8,19.7,1.8,Mint
61,31,50,23.3,84.1,6.1,6.4,25.2,2.0,Mint
71,41,51,19.2,78.6,6.6,9.6,27.6,1.1,Mint
100,24,30,24.8,72.5,6.8,9.2,25.7,1.5,Mint
84,43,50,25.2,84.5,6.7,9.5,19.4,1.6,Mint
73,36,39,21.0,75.0,6.5,9.0,18.1,0.8,Mint
97,21,57,21.5,64.2,6.8,7.6,18.5,1.6,Mint
98,44,53,24.1,75.6,6.9,5.4,23.0,1.8,Mint
81,48,45,20.5,60.5,6.3,6.7,22.1,1.0,Mint
95,32,31,19.9,72.7,6.7,5.9,25.3,1.9,Mint
60,31,59,23.7,75.2,6.1,6.5,26.9,1.2,Mint
95,25,41,22.5,63.4,6.8,7.8,24.2,1.4,Mint
69,31,35,25.3,68.5,6.8,6.8,21.0,1.3,Mint
88,44,58,20.8,61.7,6.1,8.6,21.1,1.4,Mint
68,25,39,19.5,73.4,6.7,7.6,21.8,1.1,Mint
70,43,45,18.1,71.0,6.6,9.1,24.7,1.7,Mint
71,43,44,20.7,64.7,6.2,6.4,24.8,1.3,Mint
92,35,59,19.0,75.1,6.6,8.7,18.7,0.9,Mint
79,33,39,22.9,61.6,6.8,5.8,26.0,1.5,Mint
76,29,33,21.6,76.7,6.9,6.2,23.7,0.8,Mint
86,27,56,24.3,80.1,6.4,6.1,24.2,1.5,Mint
69,50,47,21.4,64.0,6.5,5.5,23.8,1.9,Mint
89,33,55,24.8,63.5,6.4,7.1,20.2,0.6,Mint
63,48,46,23.0,69.6,6.7,6.6,25.4,1.3,Mint
73,33,52,20.4,64.0,6.8,8.7,22.8,1.9,Mint
68,25,55,22.7,71.7,6.8,7.7,21.7,0.9,Mint
80,44,59,23.7,74.5,6.9,5.4,25.7,2.0,Mint
76,37,39,18.9,75.1,6.8,5.6,20.3,1.4,Mint
62,47,36,21.0,72.5,6.7,7.9,22.9,2.0,Mint
88,32,56,25.1,72.2,6.1,7.6,23.9,1.2,Mint
63,47,39,19.5,72.3,6.6,7.5,20.3,0.9,Mint
96,43,52,18.3,70.3,6.1,7.8,26.7,1.8,Mint
80,23,32,22.2,66.9,6.5,6.6,22.9,1.9,Mint
88,38,34,19.3,74.4,6.7,6.5,27.8,1.5,Mint
69,47,45,23.7,62.2,6.8,5.4,20.8,1.6,Mint
71,47,34,22.1,68.1,6.5,5.6,27.8,1.0,Mint
97,40,59,23.3,64.2,6.0,8.7,23.3,1.6,Mint
99,29,35,22.1,66.6,6.2,7.0,19.4,0.8,Mint
94,47,45,22.1,69.3,6.9,9.4,21.8,0.5,Mint
95,39,43,23.7,60.5,6.8,5.1,19.8,2.0,Mint
88,50,45,24.3,71.5,6.2,6.5,22.1,0.6,Mint
79,40,30,26.0,65.9,6.5,7.8,24.4,0.8,Mint
60,43,37,19.2,69.3,6.9,5.9,25.3,2.0,Mint
66,44,57,22.1,67.2,6.9,6.3,19.0,1.3,Mint
70,39,53,24.8,67.7,6.6,7.8,26.8,1.5,Mint
87,26,30,23.5,69.5,6.6,7.3,20.3,1.9,Mint
78,24,52,21.7,65.1,6.7,5.6,19.5,1.7,Mint
96,38,46,18.2,75.3,6.5,7.9,20.6,1.4,Mint
92,27,55,22.3,61.5,6.8,8.1,24.4,0.8,Mint
85,27,41,22.7,73.9,6.5,5.9,26.0,1.0,Mint
81,46,46,22.8,64.5,6.7,6.0,19.6,1.3,Mint
69,29,35,23.1,69.1,6.3,7.1,25.1,1.3,Mint
80,43,57,25.9,72.9,6.7,6.4,23.0,0.9,Mint
71,21,42,19.4,76.6,6.3,9.4,19.6,1.8,Mint
78,21,48,25.6,63.9,6.8,6.1,25.9,1.2,Mint
68,40,49,20.5,80.0,6.1,7.4,19.8,1.9,Mint
63,22,56,23.3,74.4,6.7,8.7,28.0,1.9,Mint
95,23,59,21.4,68.8,6.4,8.3,21.4,0.9,Mint
91,50,45,22.1,61.6,6.8,8.1,27.7,1.8,Mint
72,34,42,20.6,60.3,6.1,8.8,21.1,1.5,Mint
69,39,35,21.7,74.3,7.0,9.5,21.9,0.9,Mint
99,21,43,21.0,68.4,6.4,7.5,18.4,1.4,Mint
91,49,46,20.4,60.1,6.6,6.1,18.5,1.7,Mint
60,33,32,23.3,79.9,6.9,9.1,27.9,1.9,Mint
63,41,49,24.4,67.9,6.2,5.4,24.0,0.7,Mint
88,45,55,24.2,69.3,6.1,6.6,18.6,0.6,Mint
96,23,42,18.7,68.2,6.2,10.0,25.3,0.7,Mint
62,46,32,22.3,67.1,6.9,6.1,25.1,0.8,Mint
66,30,54,19.4,63.5,6.8,7.2,23.5,0.8,Mint
72,29,31,19.3,77.8,6.9,7.7,27.4,1.5,Mint
64,23,46,25.9,65.9,7.0,6.9,24.6,1.8,Mint
60,46,53,24.6,62.6,6.7,8.4,24.0,1.1,Mint
94,48,46,24.4,77.5,6.6,8.9,26.0,0.7,Mint
63,35,38,20.3,72.1,6.9,9.7,19.5,1.3,Mint
93,33,58,19.6,70.3,6.3,8.9,25.3,1.1,Mint
71,34,50,22.9,63.4,6.4,9.5,24.0,1.9,Mint
67,38,52,25.9,76.9,6.0,6.0,22.8,1.5,Mint
80,38,42,24.0,78.8,6.8,6.7,27.2,0.7,Mint
65,21,49,19.3,62.4,6.6,9.7,24.6,1.9,Mint
76,27,40,22.5,61.3,6.1,7.0,21.0,0.8,Mint
68,44,53,23.1,62.6,6.9,5.7,20.8,1.3,Mint
61,49,33,25.8,81.0,6.6,9.0,24.9,1.6,Mint
81,21,55,18.7,65.4,6.6,5.6,22.7,1.4,Mint
82,27,60,24.2,80.6,6.6,5.2,25.8,1.9,Mint
85,50,45,22.6,65.2,6.5,7.9,18.7,1.2,Mint
84,41,51,21.2,69.7,6.9,7.8,21.0,1.0,Mint
70,23,43,22.1,84.6,7.0,7.3,26.2,1.2,Mint
100,41,35,19.9,84.8,6.2,9.9,21.9,0.9,Mint
71,29,42,24.6,63.2,6.0,5.3,26.6,1.9,Mint
85,24,60,18.4,74.3,6.1,7.1,24.7,0.7,Mint
85,24,53,18.6,70.3,6.8,5.1,22.8,1.6,Mint
90,45,36,22.8,66.2,6.5,9.7,19.1,0.5,Mint
94,26,57,18.9,62.6,6.3,6.9,18.5,1.0,Mint
70,25,50,24.3,71.5,6.4,6.6,21.5,1.3,Mint
80,32,31,21.6,78.9,6.6,7.0,23.3,0.8,Mint
71,44,40,23.7,73.8,6.5,8.6,28.0,0.5,Mint
91,45,56,19.4,62.9,6.7,7.1,24.5,1.3,Mint
91,33,43,18.3,64.0,6.6,8.5,23.0,1.8,Mint
85,45,47,24.6,72.7,6.9,6.7,24.6,1.5,Mint
75,46,34,22.5,79.1,6.1,9.1,23.6,1.4,Mint
92,26,54,25.3,70.6,6.2,9.0,26.0,0.6,Mint
71,34,35,18.1,80.2,6.8,8.3,24.8,0.6,Mint
91,35,42,25.7,80.6,6.4,8.5,21.9,1.1,Mint
67,36,40,19.5,76.6,6.5,8.2,22.7,0.9,Mint
88,27,38,24.6,83.6,6.4,7.7,23.2,0.8,Mint
68,21,43,18.7,66.3,6.2,9.3,24.9,1.6,Mint
76,28,59,25.1,75.7,6.7,7.7,25.7,0.8,Mint
99,22,53,24.7,62.9,6.4,9.2,23.5,0.5,Mint
70,28,52,18.6,70.6,6.2,5.4,22.1,0.7,Mint
99,22,35,22.9,72.3,6.9,5.1,23.7,1.2,Mint
63,28,59,18.1,60.7,6.1,6.2,24.6,1.7,Mint
94,47,31,23.9,64.3,6.5,8.8,19.0,1.9,Mint
92,45,39,20.6,72.0,6.3,9.0,24.9,0.7,Mint
67,45,41,24.2,75.1,6.5,5.7,18.1,1.3,Mint
89,31,44,19.1,71.5,6.2,9.1,20.7,1.3,Mint
80,40,37,20.4,79.1,6.3,7.5,22.2,1.3,Mint
88,21,52,25.3,73.9,6.8,7.0,23.6,1.5,Mint
83,23,55,22.8,80.6,6.0,6.5,25.4,1.3,Mint
96,43,44,24.3,69.1,6.7,9.1,22.3,1.4,Mint
99,26,52,22.8,82.3,6.4,7.6,26.9,1.6,Mint
84,32,33,25.2,75.0,6.8,8.2,24.9,0.9,Mint
94,40,48,23.9,60.4,6.5,6.6,27.4,1.2,Mint
91,24,51,19.0,80.7,6.9,6.3,21.7,1.0,Mint
68,22,44,25.7,79.9,6.8,6.4,25.2,0.8,Mint
79,50,54,18.1,76.9,6.8,8.5,23.8,1.0,Mint
98,43,48,18.2,63.1,6.9,9.0,19.2,1.5,Mint
72,50,38,25.6,69.8,7.0,5.4,25.2,1.8,Mint
71,24,31,23.5,64.8,6.5,6.3,24.8,1.1,Mint
78,35,42,18.1,63.0,6.6,8.8,22.0,1.1,Mint
69,39,52,24.9,74.8,6.0,8.0,24.4,1.0,Mint
74,45,37,25.8,68.7,6.9,5.8,21.8,1.3,Mint
88,43,53,22.2,61.2,6.5,9.6,23.3,0.8,Mint
94,29,31,19.4,70.5,6.2,7.1,20.6,0.8,Mint
67,30,37,24.5,80.2,6.4,5.4,22.2,1.6,Mint
72,43,32,23.7,65.5,7.0,5.9,21.5,1.7,Mint
62,40,33,21.1,70.2,6.4,7.9,21.2,0.6,Mint
99,24,30,21.2,77.1,6.9,9.6,23.7,1.8,Mint
82,29,51,24.0,75.5,6.9,6.7,24.1,0.6,Mint
94,24,54,22.9,61.3,6.1,8.3,24.7,1.2,Mint
100,49,38,24.4,68.0,6.6,7.6,18.8,1.2,Mint
90,25,38,24.0,69.3,6.3,6.8,18.5,0.7,Mint
82,31,49,20.0,60.8,6.3,7.6,27.7,1.9,Mint
83,27,31,25.3,76.0,6.4,9.8,22.3,1.3,Mint
70,43,56,21.7,76.7,6.5,7.5,22.3,1.3,Mint
70,20,47,21.9,68.4,6.2,7.8,24.3,2.0,Mint
71,35,32,25.8,78.7,6.5,7.6,27.4,1.2,Mint
79,34,30,22.8,84.1,6.7,8.3,24.2,0.6,Mint
64,35,39,24.4,64.7,6.7,9.4,25.3,1.6,Mint
73,40,54,22.5,81.3,6.2,8.7,23.5,0.6,Mint
61,29,45,18.0,79.0,6.1,9.1,28.0,1.2,Mint
100,21,43,23.9,80.5,6.1,8.7,27.1,1.6,Mint
87,39,35,25.1,78.8,6.5,5.9,18.7,1.2,Mint
72,36,49,19.0,68.3,6.9,6.6,22.9,0.8,Mint
65,28,40,22.3,73.7,6.7,7.6,27.4,1.3,Mint
95,39,31,20.4,76.8,7.0,8.0,22.1,1.6,Mint
100,40,49,23.3,65.8,6.5,7.1,26.2,0.7,Mint
68,34,50,21.0,60.4,6.0,7.9,24.3,2.0,Mint
83,49,36,26.0,80.2,6.7,5.1,27.5,0.7,Mint
95,27,53,22.5,83.8,6.3,9.4,24.7,1.5,Mint
85,22,47,23.0,63.3,6.8,6.0,23.0,1.0,Mint
92,25,55,20.8,68.0,6.5,8.5,19.7,0.9,Mint
86,42,35,19.3,62.5,6.1,6.6,25.7,0.8,Mint
78,28,54,18.6,82.6,6.2,5.0,19.1,1.2,Mint
90,38,49,21.7,64.0,6.3,6.0,18.6,1.5,Mint
91,29,38,19.1,84.3,6.6,8.9,20.6,2.0,Mint
79,23,31,19.8,79.0,6.3,8.6,20.1,1.4,Mint
77,41,46,19.2,82.4,6.2,5.1,26.3,1.7,Mint
88,23,44,20.0,83.3,7.0,7.2,18.2,1.0,Mint
89,34,38,23.3,78.0,6.8,9.0,26.1,1.4,Mint
90,47,37,22.8,64.6,6.1,7.3,19.7,0.8,Mint
64,36,42,25.4,80.0,6.2,8.3,25.9,1.6,Mint
66,27,42,19.1,66.4,6.9,8.7,22.3,1.6,Mint
80,30,30,23.9,78.2,6.0,5.8,25.0,1.8,Mint
74,49,36,21.9,74.5,6.7,6.7,27.6,0.5,Mint
92,23,37,18.8,74.0,6.3,10.0,24.1,2.0,Mint
78,49,46,21.0,68.2,6.9,6.1,23.2,1.5,Mint
76,32,52,24.2,82.9,6.1,5.8,19.1,1.6,Mint
85,24,46,22.3,63.1,6.1,9.2,18.8,1.6,Mint
62,20,49,19.1,80.8,6.3,6.3,27.4,1.5,Mint
68,38,43,23.5,81.1,7.0,6.6,27.8,1.1,Mint
66,34,38,20.4,66.1,6.4,8.5,22.6,1.6,Mint
68,38,53,18.2,68.7,6.1,5.1,21.0,1.1,Mint
72,46,49,21.5,82.0,6.8,5.2,26.4,0.7,Mint
89,50,49,23.2,72.0,6.7,6.6,21.7,1.1,Mint
89,35,40,24.0,72.2,6.9,9.7,27.8,1.9,Mint
67,41,40,19.3,60.1,7.0,6.5,22.2,0.5,Mint
96,29,59,25.5,69.2,6.6,5.6,19.2,0.6,Mint
70,45,46,19.4,60.0,6.4,5.2,18.4,1.6,Mint
89,26,54,19.6,84.5,6.3,6.5,27.0,0.9,Mint
94,22,43,19.2,77.4,6.8,8.1,24.1,1.7,Mint
96,40,45,18.5,78.1,6.9,8.0,24.8,1.1,Mint
72,46,47,23.2,76.2,6.8,8.2,21.3,1.5,Mint
76,45,60,18.5,82.9,6.8,5.6,26.1,0.7,Mint
93,41,49,18.8,64.8,6.0,9.3,21.3,0.7,Mint
71,34,46,20.1,80.2,6.8,5.1,25.0,1.3,Mint
71,28,36,24.2,70.9,6.1,7.1,22.6,1.5,Mint
97,20,36,20.6,77.7,6.0,5.3,26.2,0.6,Mint
83,25,40,23.7,64.7,6.2,7.3,26.4,1.7,Mint
88,50,52,24.5,79.0,6.2,7.1,19.9,0.8,Mint
89,48,43,21.6,72.3,6.9,6.9,24.1,0.9,Mint
89,22,35,19.8,80.4,6.1,8.2,23.6,1.7,Mint
87,34,57,23.2,76.2,6.6,6.4,23.0,1.3,Mint
81,22,51,20.0,68.7,6.5,6.8,20.8,1.3,Mint
61,20,45,24.4,68.9,6.2,5.7,23.8,1.6,Mint
71,48,36,24.5,67.7,6.9,5.2,21.7,1.2,Mint
95,24,52,20.5,62.1,6.4,9.8,26.9,1.5,Mint
91,21,56,24.0,82.2,6.5,9.3,25.4,1.4,Mint
88,21,50,18.1,65.9,6.7,9.3,19.6,1.4,Mint
78,44,44,22.0,72.2,6.8,5.1,19.2,0.7,Mint
95,45,42,20.8,66.8,6.6,5.6,19.8,2.0,Mint
97,29,37,25.7,76.0,6.5,8.0,21.7,0.8,Mint
96,48,33,25.1,61.3,6.7,7.1,20.7,0.8,Mint
76,29,41,19.0,61.7,6.0,8.7,26.6,1.7,Mint
77,24,39,22.6,67.1,6.2,7.0,26.8,1.4,Mint
93,46,51,24.5,65.8,6.2,7.1,21.3,0.7,Mint
94,23,41,24.3,80.4,6.3,6.9,24.3,0.6,Mint
83,35,35,22.1,69.6,6.2,10.0,22.0,0.9,Mint
61,42,44,22.3,67.7,6.6,6.3,23.6,0.5,Mint
61,30,33,20.1,78.5,6.6,5.9,25.9,0.9,Mint
65,26,35,19.8,72.7,6.0,7.7,26.1,0.5,Mint
69,42,51,25.1,83.7,6.9,8.1,22.4,0.6,Mint
94,37,46,23.9,60.6,6.6,8.8,21.7,1.7,Mint
73,21,34,18.0,74.6,6.6,8.6,26.3,1.4,Mint
98,37,43,18.7,62.1,6.6,5.5,22.6,1.1,Mint
97,21,36,19.7,62.9,6.9,5.1,25.4,1.6,Mint
66,43,52,19.2,76.5,6.5,5.9,18.9,0.5,Mint
93,29,35,25.2,67.9,6.1,7.3,23.0,1.6,Mint
60,40,58,25.0,71.1,6.2,5.2,24.3,1.0,Mint
82,39,51,21.2,73.6,6.8,6.8,21.3,0.7,Mint
87,32,34,24.1,77.3,6.1,5.4,22.7,0.9,Mint
77,46,45,23.0,80.6,6.7,7.2,22.4,1.3,Mint
63,44,49,22.2,82.4,6.8,6.9,21.0,1.9,Mint
98,23,55,25.5,63.2,6.6,8.3,26.7,0.8,Mint
82,40,33,19.1,79.6,6.0,8.2,25.9,1.5,Mint
79,43,60,23.2,73.4,6.6,5.5,21.1,0.8,Mint
78,39,49,21.5,62.9,6.3,9.0,22.0,0.8,Mint
99,28,47,21.3,66.1,6.6,6.3,18.3,0.8,Mint
62,23,57,19.8,83.4,6.8,7.1,25.5,1.1,Mint
90,34,53,19.3,67.1,6.1,9.6,20.9,1.0,Mint
71,41,38,24.5,78.3,6.7,8.6,25.3,1.9,Mint
66,31,48,20.2,76.3,6.8,7.8,21.1,0.6,Mint
77,40,40,21.5,61.0,6.6,7.1,23.5,1.3,Mint
88,46,53,24.9,73.5,6.7,8.2,26.7,1.1,Mint
66,35,40,18.7,73.1,6.1,5.7,23.5,1.3,Mint
66,40,45,24.2,72.2,7.0,8.6,19.9,1.6,Mint
77,50,30,20.1,84.3,6.9,5.6,27.9,0.8,Mint
86,26,47,19.0,61.2,6.7,9.7,18.7,1.8,Mint
66,41,33,23.3,65.5,6.8,8.1,27.8,1.6,Mint
64,46,54,18.4,70.5,6.2,6.5,23.3,1.4,Mint
98,46,49,21.7,66.0,6.5,9.5,23.2,0.9,Mint
65,46,35,22.7,76.1,6.1,8.7,22.7,1.8,Mint
88,40,34,23.6,83.8,6.4,7.4,25.4,0.8,Mint
92,46,31,19.0,80.1,6.5,5.9,24.1,0.8,Mint
73,28,53,20.3,60.7,6.7,9.9,20.7,1.4,Mint
88,48,38,25.1,62.9,7.0,8.4,19.7,1.6,Mint
89,42,44,18.5,81.6,6.1,7.3,27.5,1.7,Mint
88,33,46,19.1,71.4,6.8,7.3,27.0,0.5,Mint
79,25,37,20.7,65.3,6.3,6.1,19.7,1.8,Mint
75,39,37,20.9,64.5,6.3,5.1,21.3,1.8,Mint
67,25,35,20.4,74.9,6.1,7.2,19.9,1.7,Mint
60,34,43,23.6,82.3,6.8,9.2,18.9,2.0,Mint
65,48,43,24.2,60.5,6.9,7.2,26.4,1.3,Mint
61,37,42,22.1,78.2,6.9,7.2,25.2,1.9,Mint
63,26,43,24.8,63.1,6.6,6.6,23.1,0.7,Mint
91,30,42,19.9,66.4,7.0,7.5,22.3,1.5,Mint
74,24,34,23.0,70.6,6.4,6.8,18.5,0.6,Mint
77,45,31,18.7,78.2,6.4,5.4,18.1,1.7,Mint
83,32,50,20.3,68.5,6.4,9.1,18.4,1.7,Mint
97,30,37,18.7,77.5,6.2,6.0,26.8,1.6,Mint
67,24,42,25.7,80.5,6.4,7.0,24.3,2.0,Mint
67,49,42,20.9,81.4,6.5,6.9,25.5,0.7,Mint
90,48,54,18.9,72.8,6.5,6.5,25.3,1.7,Mint
63,34,45,19.8,61.8,6.4,6.5,24.6,0.6,Mint
94,48,52,22.6,76.8,7.0,8.5,24.9,1.2,Mint
91,31,60,19.0,61.5,6.2,9.7,27.1,0.8,Mint
84,31,44,20.9,65.5,6.8,7.5,26.9,1.9,Mint
77,29,52,20.4,70.4,6.1,6.6,24.0,0.7,Mint
87,40,55,23.7,71.7,6.1,7.1,22.1,1.5,Mint
83,21,46,19.2,78.4,6.4,6.7,21.5,1.5,Mint
80,26,51,18.7,62.8,6.9,9.3,23.6,1.3,Mint
80,23,55,18.9,76.0,6.8,7.3,23.9,0.9,Mint
78,23,40,25.2,67.9,6.8,9.6,22.8,1.3,Mint
93,25,45,18.7,75.9,6.9,7.5,26.7,1.9,Mint
78,34,55,22.7,83.4,6.0,9.9,27.4,1.5,Mint
68,36,55,23.8,83.8,6.1,8.0,25.4,1.5,Mint
85,31,60,24.6,80.2,6.9,6.7,27.0,1.2,Mint
94,28,35,18.0,75.6,6.2,5.0,20.2,1.4,Mint
95,48,51,18.6,72.8,6.7,8.9,20.9,0.8,Mint
95,34,33,25.7,64.0,6.1,9.0,21.8,2.0,Mint
65,31,50,18.2,71.0,6.3,5.5,18.3,1.1,Mint
97,38,48,19.1,75.9,6.8,5.5,22.9,1.9,Mint
81,41,42,19.2,81.5,6.9,7.6,19.3,0.9,Mint
66,37,37,21.1,67.7,6.3,8.1,27.1,1.1,Mint
61,33,31,24.0,75.9,6.5,8.9,23.5,1.4,Mint
100,43,42,24.6,63.7,6.3,8.0,23.3,1.8,Mint
63,23,52,19.5,78.3,6.9,8.2,22.8,0.6,Mint
81,46,41,20.6,77.7,6.4,7.5,21.3,1.8,Mint
82,27,60,23.4,74.9,6.5,9.9,20.5,1.9,Mint
94,48,31,23.7,68.7,6.8,5.3,21.1,1.2,Mint
78,21,40,25.1,75.1,7.0,8.8,21.4,0.9,Mint
75,35,39,24.5,84.3,6.1,7.0,22.3,1.3,Mint
63,23,34,18.8,61.4,6.2,9.4,20.0,0.8,Mint
99,34,50,19.5,70.5,6.9,5.9,18.4,1.4,Mint
78,31,40,21.7,66.3,6.0,7.2,26.4,1.4,Mint
100,24,39,23.1,64.0,6.4,5.3,26.7,1.9,Mint
93,20,30,24.9,74.0,6.5,9.6,25.9,0.9,Mint
80,20,33,21.6,75.3,6.3,9.0,21.1,0.8,Mint
62,44,37,19.6,71.8,6.6,9.5,24.2,1.2,Mint
70,28,38,19.3,64.0,6.6,6.0,20.0,1.1,Mint
81,23,53,24.0,81.7,6.2,8.8,25.4,1.3,Mint
71,39,43,20.9,65.5,6.6,9.3,23.3,1.5,Mint
82,21,52,18.1,64.9,6.1,6.1,23.3,1.1,Mint
77,24,46,25.6,61.6,7.0,8.1,27.3,1.1,Mint
99,32,59,19.1,65.3,6.2,8.2,22.8,0.9,Mint
100,28,35,21.6,61.1,6.6,9.5,18.8,1.2,Mint
89,50,43,23.6,60.6,6.5,6.4,26.5,1.3,Mint
98,50,38,24.0,64.4,6.5,7.1,24.1,1.0,Mint
93,33,36,21.6,60.7,6.6,5.4,21.2,0.6,Mint
83,41,44,23.0,78.7,6.8,6.5,26.7,0.6,Mint
81,30,47,21.4,68.2,6.2,8.4,19.1,0.9,Mint
76,48,35,21.1,83.6,6.3,6.2,24.6,1.5,Mint
100,22,59,24.9,69.4,6.6,6.6,22.3,1.7,Mint
95,47,47,20.9,70.2,6.6,6.9,27.5,1.2,Mint
70,33,52,24.5,74.9,7.0,9.7,19.1,1.1,Mint
79,43,36,20.9,84.3,6.3,9.0,24.1,0.9,Mint
70,39,47,23.0,84.0,7.0,9.3,22.0,1.6,Mint
95,30,33,22.0,82.0,6.7,6.1,26.9,1.0,Mint
69,49,57,20.8,62.8,6.2,9.0,19.6,1.0,Mint
96,59,66,18.9,67.4,6.3,8.8,21.8,1.3,Spinach
112,33,45,16.0,54.4,6.8,8.6,20.9,1.7,Spinach
103,52,54,19.6,59.9,6.6,6.2,27.2,1.4,Spinach
129,33,56,19.8,51.0,6.6,9.4,23.6,0.6,Spinach
93,44,46,20.8,65.8,6.2,9.3,25.0,1.4,Spinach
99,59,61,17.7,68.6,7.1,8.5,22.8,0.7,Spinach
104,44,79,18.1,50.2,6.3,10.0,27.0,1.7,Spinach
107,53,46,19.4,51.9,7.3,8.4,25.1,1.3,Spinach
120,58,49,22.0,53.8,6.3,8.1,19.2,1.5,Spinach
117,58,53,17.5,63.1,7.3,8.5,22.9,1.6,Spinach
127,34,44,18.2,59.4,6.5,8.7,19.6,0.7,Spinach
113,40,46,19.0,69.6,6.2,9.0,23.3,1.3,Spinach
105,44,77,17.0,50.7,7.3,5.8,26.5,1.1,Spinach
109,41,80,20.0,64.0,6.9,5.1,25.4,1.8,Spinach
108,36,79,20.3,62.0,6.6,9.0,26.9,1.7,Spinach
110,53,70,16.0,53.5,6.4,6.0,19.6,1.0,Spinach
93,48,51,15.6,52.3,6.9,7.2,24.9,1.9,Spinach
121,45,55,20.0,64.2,6.4,5.1,22.4,1.6,Spinach
102,44,79,19.9,60.5,6.8,6.8,21.5,1.4,Spinach
114,39,54,17.8,67.1,6.7,9.5,22.4,1.9,Spinach
105,59,62,17.0,55.3,6.5,6.7,21.5,1.4,Spinach
97,58,63,16.3,59.5,6.1,6.7,26.2,1.2,Spinach
105,50,50,16.6,51.9,6.5,9.2,22.3,1.0,Spinach
121,48,43,15.1,63.1,6.9,7.2,21.1,1.2,Spinach
93,38,42,21.6,68.4,6.3,8.2,24.7,1.9,Spinach
94,31,77,21.1,51.2,7.1,7.2,18.3,1.8,Spinach
97,30,76,16.6,69.4,6.9,7.4,22.0,0.9,Spinach
103,31,68,20.1,65.4,7.0,5.6,26.0,0.5,Spinach
111,53,54,21.5,52.1,6.6,8.2,24.3,1.4,Spinach
99,52,46,17.3,67.6,6.5,7.3,23.6,1.4,Spinach
94,55,43,18.2,61.0,6.2,8.9,21.1,0.9,Spinach
130,35,65,21.8,66.0,6.5,5.8,19.0,1.2,Spinach
121,34,66,21.9,62.2,6.4,6.6,25.7,1.6,Spinach
97,39,47,19.8,63.5,6.6,9.4,18.5,1.3,Spinach
129,34,72,17.8,67.8,6.6,8.3,21.1,1.0,Spinach
113,44,45,20.3,63.8,6.4,5.2,24.1,2.0,Spinach
110,35,76,15.4,59.4,6.9,9.1,21.1,1.3,Spinach
124,59,47,19.7,51.0,6.7,10.0,23.7,1.7,Spinach
100,30,46,21.7,63.4,7.1,8.6,26.9,1.2,Spinach
103,51,58,18.5,54.7,7.0,8.8,27.5,0.6,Spinach
113,51,68,19.4,59.7,7.2,6.6,26.3,1.8,Spinach
122,55,62,18.9,51.9,7.1,9.9,21.4,0.8,Spinach
102,40,57,18.3,52.1,6.8,7.6,21.5,0.5,Spinach
115,41,56,15.4,67.8,7.4,7.2,27.3,0.9,Spinach
91,38,59,15.7,54.3,6.5,7.8,26.5,1.9,Spinach
107,55,58,20.8,63.1,6.6,8.9,22.1,1.8,Spinach
99,48,47,20.0,59.6,6.4,6.4,18.2,0.8,Spinach
96,40,44,17.3,50.7,7.1,8.2,18.1,1.9,Spinach
126,51,72,19.6,67.5,6.7,5.8,24.2,0.9,Spinach
108,38,67,21.0,62.4,7.3,8.2,22.9,1.7,Spinach
106,37,78,15.3,64.0,6.3,7.8,22.6,1.9,Spinach
123,37,78,20.0,51.2,6.2,9.3,24.4,1.6,Spinach
103,55,48,21.7,66.9,6.4,8.2,18.7,0.5,Spinach
121,30,62,15.1,67.8,6.7,7.6,24.2,1.1,Spinach
92,35,48,20.4,56.3,6.8,6.3,20.6,1.0,Spinach
117,59,62,19.1,62.1,7.2,6.7,20.8,1.3,Spinach
112,37,51,18.7,57.9,6.2,5.5,21.0,1.1,Spinach
103,40,58,17.9,55.3,6.8,8.7,22.0,0.5,Spinach
112,46,65,15.2,53.4,7.2,5.1,24.3,1.5,Spinach
112,49,57,17.0,61.2,6.4,9.2,23.3,1.2,Spinach
110,55,55,16.8,56.6,7.0,9.1,25.2,1.8,Spinach
98,33,65,21.2,51.6,6.5,8.1,21.3,0.5,Spinach
112,57,71,19.4,68.4,6.3,7.3,20.6,0.8,Spinach
103,33,48,18.9,55.6,6.4,8.2,18.2,1.8,Spinach
116,47,55,17.4,59.6,7.0,5.3,27.0,0.9,Spinach
117,38,45,21.9,62.6,7.3,6.4,18.5,0.6,Spinach
121,58,75,19.2,54.3,6.7,9.3,26.9,0.9,Spinach
113,31,40,19.5,56.4,6.3,6.2,19.3,0.8,Spinach
125,41,60,21.0,64.5,6.1,8.6,26.4,1.2,Spinach
130,33,59,21.7,63.3,6.7,8.3,19.3,1.5,Spinach
114,49,74,17.7,58.3,7.1,9.1,24.7,0.9,Spinach
97,50,60,16.2,66.3,6.9,9.0,22.8,0.6,Spinach
120,34,51,20.1,59.4,7.3,6.1,27.5,1.3,Spinach
94,47,48,16.9,56.4,7.2,9.3,18.6,1.6,Spinach
116,36,69,20.6,52.1,6.7,9.6,27.1,1.3,Spinach
109,39,72,17.7,69.4,6.8,8.0,27.3,1.6,Spinach
120,48,64,18.8,58.8,6.3,7.9,24.7,1.8,Spinach
91,30,69,20.7,67.8,6.6,9.9,27.5,1.2,Spinach
93,30,64,19.6,56.5,6.5,5.8,24.4,1.3,Spinach
94,41,48,16.0,67.9,7.4,7.8,23.2,1.1,Spinach
96,43,55,21.4,61.7,6.1,6.5,27.6,0.8,Spinach
90,59,59,20.0,66.1,6.7,5.9,22.8,1.4,Spinach
98,48,42,19.3,58.9,6.8,5.7,20.6,0.5,Spinach
124,57,51,17.1,66.3,6.5,9.9,19.1,1.8,Spinach
110,51,60,19.7,59.6,6.8,6.5,20.8,1.6,Spinach
108,32,80,20.9,54.3,6.6,5.6,25.6,1.4,Spinach
108,53,52,20.6,64.4,7.4,9.1,27.9,0.7,Spinach
126,57,65,20.4,66.6,7.1,9.6,23.8,0.9,Spinach
128,57,49,16.1,66.8,6.3,8.5,19.8,1.9,Spinach
105,48,58,18.2,69.7,6.0,6.2,27.7,1.8,Spinach
115,40,63,17.2,60.5,6.9,5.3,24.8,1.1,Spinach
128,58,48,20.7,60.1,6.7,8.1,18.3,0.7,Spinach
104,53,80,17.6,69.7,6.0,6.8,19.7,1.7,Spinach
125,52,76,20.2,63.1,6.5,5.3,19.7,1.0,Spinach
100,53,71,21.8,54.7,6.4,9.1,21.3,1.3,Spinach
120,44,54,16.3,62.2,6.3,6.0,25.6,1.8,Spinach
126,55,42,20.5,59.6,6.6,6.6,26.3,0.7,Spinach
110,48,66,16.3,64.3,6.8,6.4,22.0,1.7,Spinach
123,46,69,15.2,70.0,7.1,6.2,25.2,1.9,Spinach
118,47,50,18.1,65.2,6.5,5.4,27.5,1.0,Spinach
93,34,45,16.6,65.9,6.2,9.9,18.5,1.2,Spinach
128,59,48,18.4,51.9,6.1,5.9,18.4,1.5,Spinach
108,32,65,21.9,53.5,6.8,9.7,24.0,1.8,Spinach
98,46,57,20.1,51.0,6.8,8.6,26.8,0.6,Spinach
120,34,53,19.0,66.7,7.0,8.1,26.0,1.7,Spinach
111,34,66,20.5,50.9,6.1,5.5,21.5,0.6,Spinach
116,51,74,20.1,69.4,7.4,6.0,27.6,1.0,Spinach
128,36,63,20.4,63.0,7.0,7.1,26.1,1.4,Spinach
99,51,50,15.7,61.9,7.0,6.8,23.9,1.1,Spinach
129,47,76,19.8,65.0,6.1,5.7,24.7,1.9,Spinach
101,36,52,16.2,50.7,7.1,5.1,22.5,0.9,Spinach
113,55,47,16.6,66.3,6.4,5.4,18.9,1.8,Spinach
95,40,70,17.8,52.3,6.6,10.0,27.0,1.2,Spinach
122,35,56,20.2,65.6,6.3,9.6,19.7,1.2,Spinach
123,39,60,18.8,64.4,6.3,5.2,18.0,1.7,Spinach
110,32,69,21.6,64.4,7.5,8.3,18.2,1.8,Spinach
108,60,80,17.5,65.0,7.3,7.8,20.5,0.5,Spinach
122,52,55,21.3,69.8,6.7,9.4,19.2,0.9,Spinach
103,40,59,20.5,57.7,6.1,7.4,24.8,2.0,Spinach
127,33,58,16.6,57.1,6.8,7.3,21.6,1.8,Spinach
116,37,63,21.7,53.4,6.6,6.2,19.8,0.9,Spinach
101,46,42,19.3,58.3,6.8,6.2,20.8,1.6,Spinach
94,39,60,20.6,66.3,6.9,6.5,18.6,1.5,Spinach
99,32,61,21.2,66.7,6.6,9.5,21.6,1.3,Spinach
95,54,41,15.8,54.6,6.2,7.9,26.4,1.8,Spinach
93,40,63,15.9,55.6,6.3,9.1,23.4,1.8,Spinach
102,37,49,19.4,67.8,6.3,8.0,25.8,0.9,Spinach
129,32,63,16.8,63.3,6.3,5.9,19.7,1.2,Spinach
125,34,40,18.6,54.9,6.3,7.6,27.2,0.7,Spinach
94,58,61,21.1,60.8,6.7,8.6,21.0,2.0,Spinach
116,53,49,18.1,65.1,6.7,9.8,25.7,0.6,Spinach
100,32,53,21.5,51.1,7.1,8.0,27.1,0.8,Spinach
127,43,60,16.4,51.3,7.3,7.1,24.5,0.6,Spinach
99,55,51,18.2,50.2,7.3,5.9,25.6,1.9,Spinach
122,60,56,21.7,61.7,7.5,9.2,22.2,1.8,Spinach
91,49,42,18.6,59.7,7.4,6.4,24.1,0.9,Spinach
121,44,69,18.3,69.7,6.4,5.5,27.4,1.0,Spinach
103,58,76,18.0,55.5,6.8,8.5,18.9,1.8,Spinach
101,38,55,21.1,66.7,7.0,7.4,18.5,1.8,Spinach
95,51,54,15.9,51.6,6.7,7.3,24.0,0.9,Spinach
104,47,76,20.6,54.4,7.0,6.4,25.9,1.7,Spinach
122,35,44,20.7,60.6,6.4,10.0,22.0,0.7,Spinach
100,57,68,21.8,64.3,7.0,5.2,25.2,1.1,Spinach
95,60,43,19.8,59.6,6.5,10.0,24.3,1.4,Spinach
108,30,72,16.0,69.1,6.9,8.6,27.8,1.6,Spinach
110,41,80,21.7,61.3,7.3,7.1,27.6,1.3,Spinach
101,57,53,21.4,57.3,7.1,7.2,20.2,1.4,Spinach
126,32,79,20.4,60.3,7.4,9.9,23.8,1.2,Spinach
106,53,70,20.3,56.5,7.3,7.5,27.9,0.6,Spinach
127,44,66,15.1,66.3,7.4,6.3,18.8,1.3,Spinach
126,40,78,21.7,56.4,6.9,5.2,21.9,1.6,Spinach
115,41,75,16.2,60.0,7.1,6.7,22.4,1.4,Spinach
97,54,73,18.2,51.4,7.4,5.2,22.1,0.5,Spinach
102,42,58,17.1,51.9,6.9,9.0,26.9,1.3,Spinach
104,46,67,20.6,58.4,6.9,6.2,22.7,1.3,Spinach
102,41,69,21.3,50.7,6.8,8.0,21.5,1.5,Spinach
100,59,47,18.2,63.8,6.1,6.1,21.0,1.3,Spinach
93,33,80,15.1,52.6,6.1,8.9,23.9,1.4,Spinach
126,57,51,21.2,67.2,6.7,6.6,24.7,0.6,Spinach
102,44,77,17.0,63.9,7.4,8.9,21.1,1.1,Spinach
117,50,46,20.2,64.9,6.7,7.4,20.2,0.7,Spinach
126,52,80,18.3,56.8,6.0,7.6,19.8,0.5,Spinach
123,41,69,19.0,58.2,7.2,7.4,27.6,1.0,Spinach
129,48,79,15.5,65.4,6.6,5.9,26.6,0.9,Spinach
93,45,69,18.9,58.6,7.5,9.2,24.8,0.5,Spinach
111,47,58,16.9,52.6,7.5,8.3,25.7,1.6,Spinach
121,47,65,20.5,61.8,6.4,6.2,25.9,1.9,Spinach
95,45,61,18.4,59.3,6.3,7.7,24.3,1.3,Spinach
90,38,67,21.4,56.1,6.2,6.1,20.8,1.9,Spinach
109,35,42,18.9,58.0,6.5,9.7,21.3,0.8,Spinach
130,53,42,15.3,63.6,6.2,9.4,25.6,0.6,Spinach
100,44,43,19.1,51.9,6.9,8.3,19.2,1.0,Spinach
112,41,80,15.7,56.3,7.0,9.9,26.4,0.9,Spinach
130,36,56,16.8,60.4,6.6,7.3,22.0,1.0,Spinach
92,47,77,19.9,57.9,6.2,7.3,21.0,0.6,Spinach
108,32,45,15.5,67.2,7.2,5.5,25.4,1.4,Spinach
117,44,53,16.4,69.9,7.3,5.7,25.1,0.8,Spinach
98,58,47,20.5,63.2,6.2,9.0,22.0,1.8,Spinach
118,50,65,17.2,68.5,6.1,6.1,21.6,0.6,Spinach
100,36,55,18.6,64.3,7.3,9.9,27.8,0.9,Spinach
93,53,44,19.3,53.6,6.6,7.7,27.8,1.8,Spinach
97,51,76,18.7,64.1,7.0,5.9,25.2,1.5,Spinach
115,31,46,18.9,68.2,7.0,8.7,18.4,0.9,Spinach
127,59,41,20.3,58.1,6.8,5.9,23.8,0.8,Spinach
108,60,57,20.3,55.0,6.0,5.2,24.3,1.2,Spinach
98,60,59,15.1,56.5,6.3,7.3,26.2,0.8,Spinach
124,44,70,16.6,58.2,6.0,7.0,23.6,1.0,Spinach
115,44,78,17.0,57.3,6.2,8.5,20.5,0.6,Spinach
109,36,63,15.6,55.7,6.1,9.7,26.3,0.5,Spinach
113,32,66,19.4,66.9,6.1,8.6,25.9,1.7,Spinach
120,35,46,20.5,56.1,6.3,5.9,25.0,0.8,Spinach
105,35,62,18.7,55.1,6.9,9.3,24.3,1.6,Spinach
129,59,58,16.6,69.4,6.1,6.1,26.0,1.2,Spinach
114,32,59,20.6,62.1,6.0,9.0,23.8,0.6,Spinach
127,56,77,16.1,58.7,7.1,7.1,23.9,1.1,Spinach
92,52,71,19.2,64.1,6.9,9.0,20.6,1.7,Spinach
117,56,54,17.6,60.3,7.0,7.2,23.2,1.2,Spinach
129,52,74,19.3,52.5,7.0,8.3,25.8,0.6,Spinach
95,44,71,18.9,62.0,6.3,7.9,25.8,1.0,Spinach
95,39,80,21.1,50.4,7.4,6.3,20.5,0.6,Spinach
126,45,57,18.6,53.0,6.4,7.5,21.2,1.3,Spinach
122,34,48,16.7,55.3,6.5,9.3,27.4,1.1,Spinach
94,39,61,15.1,64.5,6.5,8.2,25.5,1.8,Spinach
100,42,63,21.9,60.2,6.2,6.9,18.6,1.6,Spinach
129,36,72,18.8,57.1,7.1,7.7,25.9,1.4,Spinach
102,36,44,16.4,65.0,6.5,7.4,27.7,1.3,Spinach
117,59,56,19.6,63.7,7.3,8.5,19.0,1.8,Spinach
93,55,61,15.0,67.0,6.6,5.0,22.9,0.7,Spinach
126,48,76,19.2,50.6,6.8,5.8,26.6,0.8,Spinach
129,53,45,17.5,51.0,7.3,5.8,20.6,0.6,Spinach
102,47,48,17.4,60.7,6.3,6.8,27.6,0.6,Spinach
98,30,71,15.0,61.0,7.0,9.8,26.0,1.3,Spinach
128,40,69,21.1,64.3,6.1,9.8,21.5,1.8,Spinach
114,51,58,19.3,54.7,6.1,6.9,21.7,1.6,Spinach
109,40,53,15.2,59.8,7.1,9.2,24.6,0.6,Spinach
112,58,76,21.9,54.4,7.2,9.0,18.2,0.8,Spinach
108,54,73,18.1,58.6,6.5,8.1,22.9,0.8,Spinach
123,38,55,16.6,69.6,6.2,6.9,27.0,1.8,Spinach
125,36,60,20.3,63.3,6.4,5.0,25.1,1.5,Spinach
95,49,77,21.4,51.3,7.0,6.3,26.2,1.9,Spinach
129,55,68,18.8,54.9,6.4,7.1,21.1,0.8,Spinach
123,55,79,16.1,64.8,7.3,9.9,21.4,1.9,Spinach
129,30,59,16.7,62.8,6.2,9.2,18.4,1.3,Spinach
126,41,64,16.6,58.0,7.3,5.7,27.2,0.9,Spinach
116,33,71,15.9,67.6,7.1,6.4,19.6,1.4,Spinach
103,48,67,20.2,55.8,6.4,6.8,19.7,1.1,Spinach
123,36,55,18.7,50.9,6.8,8.6,19.2,1.5,Spinach
126,39,62,17.2,59.9,6.4,6.6,22.6,1.1,Spinach
93,55,55,16.1,56.7,6.5,9.5,27.3,1.4,Spinach
101,35,58,21.0,59.6,6.4,7.4,20.4,1.6,Spinach
99,33,63,17.4,55.3,6.4,5.8,22.5,1.6,Spinach
128,36,72,16.1,63.1,6.8,6.5,26.1,0.6,Spinach
95,39,46,21.6,55.3,7.1,6.3,21.9,1.0,Spinach
93,35,44,16.3,63.3,7.2,9.6,19.7,0.7,Spinach
92,31,75,19.3,66.7,6.3,9.5,23.3,2.0,Spinach
114,43,50,15.8,63.0,6.1,9.0,23.9,1.5,Spinach
108,46,60,17.4,69.3,7.0,6.8,24.7,1.2,Spinach
96,45,79,16.7,58.5,6.5,9.4,20.7,0.5,Spinach
117,38,43,15.4,69.3,6.1,8.5,26.3,1.0,Spinach
97,42,40,20.6,59.3,7.0,6.8,26.3,0.5,Spinach
111,49,61,16.4,64.1,6.6,5.5,27.4,0.7,Spinach
104,35,64,18.8,64.1,6.4,6.0,23.8,0.6,Spinach
116,39,66,15.6,67.9,6.8,9.7,26.2,1.3,Spinach
98,37,72,16.9,58.5,6.0,8.0,19.8,0.8,Spinach
100,51,62,18.0,55.8,6.8,8.1,25.4,1.2,Spinach
123,46,59,20.3,51.9,6.1,7.7,19.8,1.8,Spinach
91,45,55,21.4,60.8,6.9,7.3,19.1,0.6,Spinach
93,31,57,19.7,63.8,6.5,7.8,27.0,1.5,Spinach
109,32,42,19.9,66.4,6.6,7.8,26.3,0.8,Spinach
110,43,59,16.7,55.7,6.5,5.5,19.6,1.3,Spinach
99,38,54,17.7,52.7,6.3,6.9,22.1,1.4,Spinach
112,54,71,21.5,57.3,7.4,9.1,26.9,0.7,Spinach
108,55,74,21.3,61.3,7.1,8.9,22.2,1.3,Spinach
111,53,65,16.7,62.9,6.1,8.4,23.6,1.1,Spinach
127,38,55,17.8,55.5,7.2,5.5,23.0,1.4,Spinach
96,54,52,18.8,67.4,6.7,5.9,21.3,1.1,Spinach
116,36,74,21.6,51.6,6.8,6.0,24.4,0.9,Spinach
99,48,68,19.0,60.7,6.6,6.1,18.4,0.8,Spinach
126,33,52,22.0,66.8,7.3,9.9,24.6,0.5,Spinach
118,30,48,18.7,67.7,6.8,7.5,25.7,1.5,Spinach
101,48,46,18.6,62.5,6.4,7.3,21.7,1.7,Spinach
101,39,44,20.1,52.6,6.7,6.3,27.5,1.3,Spinach
103,36,75,19.3,62.0,6.5,7.2,19.9,1.6,Spinach
93,59,52,18.1,53.2,6.1,7.2,22.7,0.6,Spinach
110,38,56,17.4,57.3,7.5,8.2,27.7,0.9,Spinach
110,55,68,18.6,65.6,7.0,9.4,23.1,1.9,Spinach
118,33,78,19.4,69.8,6.2,5.7,26.9,1.4,Spinach
95,32,41,20.2,53.2,7.1,7.5,25.7,1.0,Spinach
102,35,75,19.3,65.3,7.5,9.3,19.3,0.9,Spinach
106,46,77,19.6,64.6,7.1,5.4,19.9,1.2,Spinach
115,32,63,15.4,67.7,6.3,8.8,20.2,1.5,Spinach
129,54,77,21.7,59.6,6.6,8.3,20.3,0.6,Spinach
102,38,68,16.2,67.0,7.0,9.6,25.7,0.5,Spinach
104,52,45,21.2,63.0,7.3,8.1,27.5,1.8,Spinach
99,49,48,21.3,63.7,6.2,5.7,23.4,1.7,Spinach
125,41,68,20.5,69.1,6.6,5.1,20.0,1.5,Spinach
100,38,51,15.4,54.7,6.2,7.0,25.1,1.3,Spinach
92,60,40,18.9,50.9,7.1,7.7,23.5,2.0,Spinach
123,53,80,19.1,50.6,6.4,7.9,22.1,1.9,Spinach
121,39,64,17.2,50.6,7.3,7.4,22.1,1.0,Spinach
91,31,79,17.6,55.5,6.9,9.9,26.7,2.0,Spinach
105,33,71,19.3,66.9,6.3,6.3,24.8,1.0,Spinach
121,31,68,21.4,63.2,7.4,6.9,25.0,2.0,Spinach
121,35,54,15.1,59.9,7.5,9.7,27.5,1.0,Spinach
120,44,53,18.3,50.3,7.0,8.7,22.1,1.7,Spinach
92,54,73,16.1,64.6,7.1,7.7,22.4,0.9,Spinach
110,32,40,15.3,70.0,6.8,9.1,20.4,0.6,Spinach
119,55,68,20.7,54.4,6.6,8.5,26.4,1.7,Spinach
108,55,59,17.7,62.2,6.3,6.4,28.0,1.2,Spinach
130,44,80,18.6,52.8,7.0,9.4,28.0,0.8,Spinach
107,32,48,17.4,64.6,6.9,7.0,23.2,1.0,Spinach
113,57,61,15.5,69.2,6.4,5.1,21.2,1.2,Spinach
112,54,69,17.6,54.6,7.0,5.8,25.9,0.6,Spinach
129,37,77,18.2,52.9,7.3,7.4,27.9,1.5,Spinach
106,54,49,16.0,65.1,7.1,7.5,25.1,1.6,Spinach
130,31,80,15.4,53.3,7.1,7.5,18.7,0.9,Spinach
102,36,79,19.1,67.8,6.3,5.3,19.2,1.6,Spinach
105,41,54,18.4,51.6,7.5,9.5,18.2,1.5,Spinach
99,41,41,16.5,50.6,6.3,7.2,20.5,1.3,Spinach
112,31,48,17.9,59.3,7.2,5.2,23.9,1.9,Spinach
105,42,78,16.6,65.8,6.6,9.7,24.8,0.8,Spinach
108,59,59,19.1,68.6,7.4,9.8,22.8,1.0,Spinach
115,60,78,21.3,56.1,7.3,9.2,23.2,1.2,Spinach
105,49,76,15.9,61.5,6.9,5.1,26.7,0.6,Spinach
126,49,46,17.8,61.9,6.8,7.2,21.3,0.8,Spinach
127,30,47,17.1,61.5,6.5,7.2,20.9,1.8,Spinach
96,33,41,15.4,60.9,6.1,6.1,27.7,1.6,Spinach
100,56,80,17.8,65.9,6.5,8.9,25.3,1.3,Spinach
93,31,46,21.3,53.1,7.5,8.4,26.8,1.5,Spinach
90,51,51,20.0,51.5,6.8,6.9,20.6,1.2,Spinach
120,48,46,16.9,63.6,6.5,8.1,19.9,1.9,Spinach
117,46,53,19.0,56.3,6.4,5.1,18.8,1.6,Spinach
117,42,72,17.3,66.4,6.5,6.1,19.7,0.9,Spinach
112,35,80,20.2,62.2,6.2,7.7,23.4,2.0,Spinach
91,30,74,16.3,69.8,7.4,5.8,18.4,0.8,Spinach
107,35,72,15.8,53.7,6.1,7.0,26.7,1.5,Spinach
94,49,80,20.5,66.5,6.3,5.9,19.8,1.2,Spinach
103,48,45,20.4,50.2,6.6,6.5,24.2,0.6,Spinach
119,33,77,17.4,59.1,7.4,6.9,19.0,0.9,Spinach
90,30,62,21.6,58.1,7.0,7.7,19.6,0.9,Spinach
100,45,65,19.2,67.9,7.2,5.8,18.2,0.7,Spinach
91,58,65,17.1,56.0,6.6,5.3,20.3,1.5,Spinach
101,45,67,21.1,61.8,6.5,6.6,21.0,1.5,Spinach
129,59,65,19.0,58.4,6.6,7.2,27.3,1.0,Spinach
105,36,49,16.0,60.5,6.6,5.6,25.2,0.6,Spinach
129,52,66,16.3,66.2,6.6,6.2,24.1,1.4,Spinach
126,34,48,17.8,51.8,7.4,7.2,26.1,1.1,Spinach
117,50,57,17.2,61.5,6.2,6.0,25.5,0.8,Spinach
98,50,55,15.3,52.2,6.1,7.7,19.3,1.7,Spinach
124,58,42,21.1,53.3,7.2,5.5,24.5,1.3,Spinach
123,31,64,20.9,62.5,7.3,9.2,25.0,1.8,Spinach
127,43,63,18.0,51.0,6.8,6.1,23.0,0.9,Spinach
105,30,57,17.2,60.3,6.4,8.6,19.5,1.0,Spinach
99,56,64,18.0,65.7,6.5,8.3,21.2,1.7,Spinach
105,36,75,21.7,51.7,6.8,8.5,23.4,0.8,Spinach
117,59,43,15.3,60.0,6.4,7.5,22.1,0.7,Spinach
129,43,48,19.4,65.8,6.3,5.2,23.5,1.1,Spinach
115,33,54,17.7,57.1,6.3,8.6,18.3,0.8,Spinach
118,54,60,15.0,50.3,6.5,6.8,24.5,1.9,Spinach
120,38,48,17.0,60.8,6.2,6.6,19.3,0.7,Spinach
92,48,64,20.9,68.8,7.2,9.5,21.8,0.9,Spinach
97,56,65,16.8,69.9,6.8,9.7,25.5,1.1,Spinach
113,51,69,19.6,69.2,7.4,6.2,20.6,1.8,Spinach
129,50,41,18.1,57.7,6.1,6.7,21.0,1.2,Spinach
99,60,69,21.4,52.7,7.0,9.5,24.7,1.2,Spinach
92,56,65,15.6,63.2,7.1,5.9,18.0,1.6,Spinach
125,53,51,17.2,68.3,6.4,6.1,24.1,1.3,Spinach
130,52,75,18.4,55.8,6.6,6.6,25.6,1.0,Spinach
98,59,76,16.4,69.3,6.3,6.9,19.8,0.7,Spinach
115,35,69,20.0,60.0,6.8,7.0,24.1,0.8,Spinach
127,59,50,20.4,58.1,7.4,7.7,27.5,1.4,Spinach
94,54,71,19.6,54.1,6.8,7.4,18.3,1.8,Spinach
111,48,50,19.1,57.9,6.6,7.7,23.2,2.0,Spinach
124,51,53,17.2,69.4,7.0,6.7,24.7,1.0,Spinach
94,51,48,18.7,66.3,6.7,9.7,25.8,1.7,Spinach
112,34,72,17.1,69.4,7.3,6.9,22.1,0.9,Spinach
118,38,51,18.6,53.0,6.1,5.7,19.6,1.9,Spinach
92,30,78,15.4,68.4,7.1,8.6,21.7,1.6,Spinach
104,51,80,20.1,59.3,6.1,9.5,24.2,0.8,Spinach
117,35,64,16.3,54.2,7.3,5.5,26.5,1.3,Spinach
112,30,42,21.7,52.8,6.9,5.6,24.7,1.9,Spinach
123,57,60,18.4,62.7,6.4,5.4,24.6,1.1,Spinach
90,41,73,21.6,62.0,6.3,10.0,24.0,1.8,Spinach
120,47,59,16.3,61.8,6.5,9.9,23.0,1.3,Spinach
98,55,59,20.7,58.1,7.3,5.9,20.9,0.6,Spinach
92,46,56,20.0,60.6,7.2,5.0,27.0,1.5,Spinach
97,38,73,17.8,64.6,6.5,8.7,19.9,1.3,Spinach
90,48,57,19.5,65.6,7.4,6.7,23.8,1.0,Spinach
93,44,43,16.8,62.2,6.5,6.3,22.0,0.7,Spinach
94,32,71,15.4,51.0,6.8,9.0,19.6,0.9,Spinach
98,53,46,20.0,56.2,7.1,7.7,24.8,0.9,Spinach
127,44,65,19.1,68.8,7.3,7.6,24.1,1.9,Spinach
116,39,44,15.5,64.8,7.3,9.5,21.7,1.5,Spinach
120,45,41,16.5,67.3,6.4,7.1,25.4,1.9,Spinach
128,41,50,15.5,59.2,7.1,9.5,18.5,1.4,Spinach
128,52,52,17.0,66.8,6.5,9.1,21.9,0.8,Spinach
123,52,57,17.7,59.0,6.1,9.2,22.0,1.0,Spinach
117,53,73,22.0,64.9,6.4,9.3,21.2,1.8,Spinach
95,47,45,19.7,68.9,7.1,9.0,23.0,1.0,Spinach
111,49,43,16.7,54.6,7.0,6.6,25.9,1.7,Spinach
96,50,68,15.9,54.6,6.5,8.0,26.5,1.7,Spinach
102,59,44,20.6,51.7,7.3,6.5,21.1,0.8,Spinach
115,58,45,21.5,66.4,7.4,5.2,21.5,1.1,Spinach
91,48,78,21.8,57.4,7.2,5.4,27.3,1.2,Spinach
123,58,48,19.4,66.9,7.1,5.8,22.6,1.6,Spinach
111,40,54,19.6,69.2,6.6,5.9,20.6,1.3,Spinach
95,51,65,18.0,63.8,7.1,7.8,25.0,1.1,Spinach
112,60,67,17.0,51.8,6.9,5.8,19.6,0.6,Spinach
118,45,53,19.5,67.3,6.2,9.9,18.5,1.9,Spinach
111,36,41,20.0,56.2,6.8,8.9,24.4,0.7,Spinach
123,38,68,21.6,57.9,6.2,9.8,24.1,1.1,Spinach
125,58,72,19.1,61.6,6.1,8.1,18.5,0.9,Spinach
111,60,44,19.0,57.9,6.8,5.8,27.9,1.1,Spinach
120,39,43,19.5,69.9,6.7,6.4,25.0,1.4,Spinach
117,43,56,19.8,61.8,6.7,5.4,25.6,1.6,Spinach
113,50,50,19.0,69.8,7.0,9.3,21.3,0.9,Spinach
96,56,45,19.1,64.2,6.8,8.3,23.3,1.1,Spinach
109,57,44,18.2,63.9,6.5,7.3,19.4,0.6,Spinach
113,60,53,16.4,65.4,6.9,6.7,20.7,1.8,Spinach
115,49,46,18.2,58.6,6.1,9.9,25.6,1.6,Spinach
92,31,77,18.1,56.0,6.5,5.4,21.8,1.1,Spinach
111,54,48,17.6,52.2,6.2,6.3,26.7,0.7,Spinach
116,51,43,16.9,64.0,7.0,5.9,25.9,0.7,Spinach
124,35,61,21.1,58.2,6.3,9.9,23.6,0.7,Spinach
98,55,60,21.4,60.4,7.1,8.6,24.3,1.3,Spinach
94,31,59,16.8,68.9,6.6,9.0,23.9,0.9,Spinach
104,45,43,17.3,52.3,6.3,8.3,20.3,1.3,Spinach
108,41,63,15.1,66.4,6.2,9.1,25.7,1.3,Spinach
129,47,68,19.4,67.7,7.1,9.3,23.4,0.5,Spinach
127,47,64,15.6,66.1,6.3,9.6,20.5,0.8,Spinach
127,35,40,19.3,62.2,6.7,9.1,24.2,0.6,Spinach
96,53,55,17.1,57.1,7.0,8.4,22.3,0.6,Spinach
116,43,71,20.7,69.5,6.3,8.5,23.9,1.7,Spinach
128,45,76,16.3,55.0,7.3,7.5,26.1,0.7,Spinach
114,41,66,16.7,59.1,7.2,9.7,20.6,1.8,Spinach
108,51,62,21.8,56.0,7.0,7.0,23.2,1.6,Spinach
113,34,78,20.7,55.5,6.6,5.1,27.4,0.9,Spinach
91,35,41,18.2,60.3,7.3,9.8,20.9,1.3,Spinach
115,43,45,19.5,65.0,7.4,6.7,27.0,2.0,Spinach
98,60,78,18.7,64.8,6.5,6.2,18.5,1.2,Spinach
122,34,80,16.3,51.0,6.8,9.7,23.4,1.0,Spinach
118,32,56,21.8,59.2,7.2,7.8,18.8,0.9,Spinach
91,49,45,19.3,65.4,6.8,8.6,23.3,1.0,Spinach
94,57,74,21.2,62.5,6.5,8.5,28.0,0.6,Spinach
97,58,62,21.3,62.9,7.3,7.5,23.7,0.9,Spinach
109,48,51,16.1,55.6,7.1,6.3,20.8,1.1,Spinach
102,45,63,20.1,60.6,7.0,8.2,20.4,0.8,Spinach
115,41,51,17.6,67.4,6.5,7.3,22.7,1.6,Spinach
124,52,70,15.8,58.2,6.3,6.4,18.4,1.4,Spinach
120,56,40,19.3,68.7,6.1,9.2,24.2,1.2,Spinach
90,48,49,15.7,58.9,7.2,9.4,20.3,1.9,Spinach
111,31,74,16.0,56.9,7.0,8.4,19.6,1.5,Spinach
90,48,77,15.9,65.7,7.0,7.0,23.6,1.9,Spinach
115,59,57,15.2,56.1,7.2,5.1,20.8,2.0,Spinach
103,37,41,15.7,67.5,6.9,8.6,23.4,2.0,Spinach
103,34,66,21.0,62.0,6.8,6.2,23.3,0.9,Spinach
111,53,79,21.2,67.8,6.2,9.9,24.8,1.4,Spinach
113,57,55,19.7,55.8,6.6,8.2,19.2,0.7,Spinach
105,37,55,18.1,61.7,6.4,9.5,24.3,1.2,Spinach
97,55,62,21.0,51.7,7.1,6.0,26.6,1.1,Spinach
106,51,73,16.4,60.9,6.5,8.7,19.5,1.4,Spinach
109,37,78,20.8,53.2,6.0,7.7,24.0,1.5,Spinach
114,45,45,17.3,63.0,6.2,7.6,26.4,1.5,Spinach
110,53,79,17.2,54.2,7.4,5.4,19.4,1.3,Spinach
95,38,76,21.1,60.4,7.1,6.6,24.7,1.1,Spinach
106,46,48,21.4,55.6,7.5,8.3,25.5,0.7,Spinach
114,54,45,21.1,64.4,7.4,5.2,24.2,1.3,Spinach
121,53,57,15.0,61.5,6.7,8.4,23.5,1.6,Spinach
97,40,72,16.4,65.9,6.8,7.9,23.6,0.8,Spinach
106,53,45,19.3,69.7,6.5,9.0,23.8,1.8,Spinach
121,42,55,18.0,69.6,6.9,7.6,19.9,1.6,Spinach
115,54,50,15.4,61.9,6.5,6.7,23.6,0.6,Spinach
107,60,64,20.1,50.8,6.2,9.2,23.7,1.8,Spinach
90,31,74,20.7,59.2,6.9,8.2,22.1,1.9,Spinach
112,50,59,18.1,66.9,7.0,7.7,26.8,0.5,Spinach
114,53,68,15.1,53.9,7.3,6.7,22.2,1.8,Spinach
96,54,43,15.5,56.3,7.3,5.5,25.4,1.1,Spinach
119,44,55,20.3,62.8,6.1,6.8,24.8,1.5,Spinach
93,43,73,17.5,67.4,7.0,8.0,25.8,1.9,Spinach
102,44,60,21.2,57.4,6.7,5.7,26.8,1.5,Spinach
112,56,73,20.3,66.5,6.9,6.5,25.2,1.3,Spinach
101,40,58,20.4,54.8,6.4,5.4,21.2,1.7,Spinach
99,34,70,17.1,60.6,6.7,7.4,25.0,1.0,Spinach
104,51,58,18.8,57.2,7.2,8.1,25.0,1.6,Spinach
129,32,49,19.0,61.5,7.2,9.8,26.7,1.5,Spinach
92,33,61,19.8,53.8,7.0,8.2,20.4,1.9,Spinach
103,34,49,21.8,65.5,7.3,9.4,19.0,1.1,Spinach
127,40,73,17.2,54.8,7.4,10.0,20.9,1.5,Spinach
128,41,54,18.9,66.6,6.6,7.9,21.5,1.7,Spinach
103,30,50,18.9,68.8,7.3,9.0,18.7,1.2,Spinach
92,43,70,21.5,53.4,6.6,8.5,22.1,1.6,Spinach
128,51,74,18.1,62.2,7.0,9.9,25.4,1.5,Spinach
108,55,57,16.1,51.7,6.6,7.6,22.5,1.4,Spinach
106,33,63,19.9,57.1,6.3,7.0,23.4,1.8,Spinach
124,44,74,21.4,58.9,7.2,5.3,18.4,0.9,Spinach
118,38,63,21.3,68.0,6.3,7.5,22.6,1.5,Spinach
115,60,49,21.5,62.3,6.4,7.6,21.5,1.3,Spinach
121,36,40,16.7,50.0,7.5,9.8,18.6,1.8,Spinach
124,36,42,21.2,64.6,6.5,8.0,22.3,2.0,Spinach
101,51,47,18.1,68.4,6.7,5.7,27.5,1.2,Spinach
105,40,68,17.4,55.8,6.6,7.3,18.3,0.7,Spinach
97,44,47,21.4,58.2,6.4,7.7,23.3,1.7,Spinach
99,41,58,15.7,50.6,6.6,5.6,19.9,0.9,Spinach
107,45,60,15.6,66.0,6.3,8.8,26.1,1.0,Spinach
104,40,66,16.8,66.4,7.3,6.2,20.4,1.8,Spinach
101,50,72,20.9,57.4,6.5,6.1,20.3,0.6,Spinach
112,30,71,18.3,67.2,6.4,7.4,27.8,1.9,Spinach
123,55,64,16.7,65.1,6.1,5.7,19.3,0.6,Spinach
121,34,63,16.7,57.4,6.7,5.9,20.3,1.0,Spinach
121,44,53,19.7,51.2,6.9,9.1,23.6,1.0,Spinach
113,53,72,18.9,59.9,6.4,9.9,24.2,1.2,Spinach
119,46,71,18.1,55.1,7.3,6.2,26.1,0.9,Spinach
116,36,41,17.0,52.3,7.3,6.1,26.8,1.1,Spinach
98,50,42,16.9,63.0,7.1,6.4,23.8,1.8,Spinach
90,44,44,19.4,64.6,6.4,7.4,19.6,2.0,Spinach
105,57,75,18.4,68.8,7.3,7.4,19.1,1.2,Spinach
108,38,76,20.7,59.0,6.1,7.6,20.1,0.6,Spinach
101,31,53,20.8,53.5,7.1,7.6,26.6,1.5,Spinach
106,51,56,16.0,66.2,6.5,7.9,19.8,0.6,Spinach
130,53,63,15.2,68.5,6.7,6.3,27.5,1.2,Spinach
70,72,79,29.9,56.6,6.1,6.3,18.2,1.3,Tomato
74,64,96,29.2,51.8,5.6,8.1,22.7,1.4,Tomato
52,58,69,24.1,56.9,6.2,9.0,24.1,1.7,Tomato
67,59,91,28.0,65.7,6.2,6.5,24.2,0.8,Tomato
90,40,95,29.7,66.6,6.3,5.2,21.8,1.8,Tomato
65,40,63,28.3,53.6,6.6,8.2,19.8,1.8,Tomato
82,51,99,28.6,60.4,6.4,6.0,18.5,1.7,Tomato
51,69,66,25.9,62.5,6.3,5.9,20.2,1.8,Tomato
85,47,87,22.8,66.1,6.7,6.1,26.3,1.1,Tomato
77,58,82,27.2,64.5,5.7,9.5,19.4,1.9,Tomato
60,46,64,23.8,64.7,5.6,8.3,27.2,1.2,Tomato
66,44,82,29.5,51.1,6.7,6.4,19.6,1.4,Tomato
53,54,68,29.4,52.5,5.7,9.9,27.8,1.4,Tomato
67,47,100,23.2,64.6,6.3,8.2,26.8,1.0,Tomato
50,50,76,29.4,65.5,6.0,5.7,22.4,1.7,Tomato
68,56,83,25.1,55.0,6.7,5.3,19.4,2.0,Tomato
84,79,80,26.0,65.1,5.8,6.9,21.6,1.7,Tomato
86,79,82,28.0,68.3,5.9,9.4,25.1,1.2,Tomato
90,52,79,24.3,52.0,6.1,6.1,18.3,1.5,Tomato
72,59,92,24.7,54.4,6.4,9.7,19.8,1.0,Tomato
82,53,88,25.8,50.6,6.5,8.4,22.0,1.8,Tomato
80,51,77,25.2,66.4,6.1,8.9,19.9,0.9,Tomato
60,58,75,29.8,64.2,6.4,7.0,23.4,0.6,Tomato
51,79,85,26.9,61.3,6.8,6.1,22.6,1.3,Tomato
64,67,60,24.3,56.1,6.1,7.9,18.0,0.9,Tomato
60,50,91,28.1,65.8,6.0,7.4,21.1,0.9,Tomato
55,57,73,22.4,53.4,6.4,7.4,19.4,1.6,Tomato
64,42,78,29.1,57.1,6.8,5.1,23.8,2.0,Tomato
81,50,76,28.0,69.1,6.0,7.3,22.4,0.9,Tomato
72,52,100,22.5,57.8,5.6,7.3,18.8,1.3,Tomato
88,58,66,24.9,63.3,5.8,9.4,19.7,1.7,Tomato
51,80,79,26.9,55.6,6.5,8.4,20.9,1.4,Tomato
51,43,93,29.9,68.7,5.6,9.8,27.8,0.7,Tomato
62,72,91,24.7,69.4,5.9,6.2,22.2,1.9,Tomato
78,73,87,29.4,60.1,6.7,7.8,26.8,2.0,Tomato
81,72,69,28.3,50.2,6.3,9.1,26.1,0.5,Tomato
86,52,94,24.3,66.0,6.7,6.4,18.0,1.7,Tomato
50,77,89,26.7,53.7,6.4,8.6,21.7,1.4,Tomato
64,72,91,27.5,62.9,6.3,9.6,20.3,1.3,Tomato
53,56,68,22.4,68.0,6.6,5.6,20.2,0.7,Tomato
62,77,71,29.3,50.2,6.7,7.1,25.7,1.2,Tomato
78,80,97,26.9,51.4,5.8,8.4,25.9,1.2,Tomato
79,71,95,23.5,52.3,6.8,5.6,26.8,1.0,Tomato
73,80,77,22.6,62.2,6.4,6.6,23.8,1.8,Tomato
87,49,77,27.5,69.4,6.4,9.1,22.6,1.0,Tomato
66,57,86,29.9,51.3,5.8,6.0,23.6,1.3,Tomato
78,73,68,26.7,66.5,6.4,8.1,20.5,1.6,Tomato
52,62,94,26.3,59.1,6.0,6.1,20.4,0.8,Tomato
88,60,73,25.3,64.4,5.6,6.3,26.4,1.9,Tomato
84,77,68,26.0,56.4,5.9,9.2,25.1,0.8,Tomato
76,69,89,28.0,64.9,5.5,8.1,19.5,1.7,Tomato
62,47,90,29.2,64.4,6.6,6.5,19.2,1.1,Tomato
78,53,95,22.6,61.4,5.8,8.0,22.3,1.5,Tomato
86,72,98,24.2,64.2,6.0,5.6,21.3,1.7,Tomato
70,44,62,22.7,67.1,5.5,8.1,25.3,1.4,Tomato
60,42,92,22.2,51.5,6.7,6.7,19.5,0.6,Tomato
73,57,86,25.2,62.4,6.4,7.0,19.7,1.4,Tomato
74,44,65,22.0,68.9,6.2,5.2,25.7,0.6,Tomato
71,46,97,26.5,58.6,6.5,10.0,18.8,1.4,Tomato
89,51,87,24.1,69.7,6.5,9.7,20.2,1.8,Tomato
50,77,74,29.7,52.3,5.5,6.4,22.6,1.7,Tomato
74,59,73,27.3,52.9,5.5,5.7,27.3,2.0,Tomato
73,67,99,23.3,67.7,5.5,7.8,21.1,1.3,Tomato
75,59,86,27.6,56.0,6.8,5.2,22.3,0.9,Tomato
74,55,81,25.4,58.5,5.8,5.6,23.3,1.9,Tomato
80,48,92,23.1,64.5,6.4,8.2,28.0,1.0,Tomato
68,57,87,24.0,50.4,6.8,6.4,20.7,0.8,Tomato
87,45,62,29.5,68.6,5.7,8.7,22.7,1.9,Tomato
51,71,65,28.9,58.2,5.6,7.0,26.2,1.4,Tomato
80,64,74,29.4,68.8,5.7,6.2,27.9,0.6,Tomato
51,43,65,26.6,65.3,6.4,8.7,18.6,1.7,Tomato
69,44,72,23.1,50.8,5.7,8.6,27.4,1.9,Tomato
71,47,70,26.2,55.3,5.8,5.5,23.7,1.4,Tomato
52,48,99,27.1,57.4,6.4,7.0,18.4,1.0,Tomato
74,54,98,24.5,66.0,5.9,6.4,27.3,0.5,Tomato
60,56,62,27.2,54.4,6.1,8.9,24.3,0.7,Tomato
80,44,62,28.2,52.7,5.5,8.2,20.2,0.7,Tomato
90,57,67,29.1,53.4,5.8,8.9,22.3,0.8,Tomato
58,70,73,27.5,67.6,6.6,7.6,26.5,1.6,Tomato
74,67,76,26.2,51.2,6.4,6.5,19.9,1.5,Tomato
72,80,85,24.2,69.9,6.1,7.9,23.9,1.4,Tomato
59,73,60,29.6,68.4,6.7,9.1,20.6,1.3,Tomato
54,63,82,22.5,58.7,6.1,7.6,27.1,0.7,Tomato
72,77,71,22.7,65.7,6.2,6.2,23.8,1.2,Tomato
87,63,73,28.0,51.0,6.2,5.7,25.0,1.9,Tomato
62,55,93,27.4,62.8,6.5,5.7,19.2,1.0,Tomato
51,43,94,24.8,56.7,6.1,7.7,27.4,1.3,Tomato
76,49,100,24.5,52.4,6.5,6.0,22.2,1.1,Tomato
67,64,100,22.8,54.3,5.9,6.5,21.5,1.6,Tomato
80,40,93,22.2,64.9,6.2,9.3,22.6,1.1,Tomato
70,66,72,27.6,57.8,6.0,9.4,22.6,1.1,Tomato
78,42,91,23.3,54.9,5.7,8.1,19.5,1.0,Tomato
58,49,91,23.9,65.7,6.0,5.4,21.1,0.8,Tomato
64,49,82,28.4,59.0,5.9,7.2,18.0,0.6,Tomato
71,59,69,27.9,68.5,5.5,7.4,23.6,1.3,Tomato
59,45,90,26.2,56.9,6.1,5.1,18.0,1.6,Tomato
72,78,80,24.8,53.0,6.8,7.2,21.4,0.8,Tomato
59,56,98,23.1,69.9,6.4,6.0,22.4,1.3,Tomato
59,70,70,29.2,60.9,5.8,5.3,18.9,1.4,Tomato
87,73,84,28.9,68.9,6.3,5.9,22.0,0.6,Tomato
51,44,79,24.4,55.3,6.1,8.1,18.1,1.7,Tomato
84,68,70,27.9,54.7,6.3,9.4,24.2,1.4,Tomato
51,49,94,29.8,64.3,5.7,8.1,22.9,1.7,Tomato
67,66,67,25.5,60.0,6.7,8.8,23.8,1.3,Tomato
88,74,94,25.5,58.0,5.6,8.0,18.9,1.9,Tomato
78,63,92,26.9,57.6,6.2,8.9,19.3,1.9,Tomato
50,64,87,26.4,65.5,5.9,5.8,22.4,1.4,Tomato
71,58,70,29.5,53.8,6.3,6.7,20.5,0.9,Tomato
81,46,60,22.6,53.4,6.0,5.9,24.1,0.9,Tomato
75,80,70,29.4,52.8,6.8,5.9,22.9,1.6,Tomato
75,44,91,28.1,59.4,5.8,5.9,21.0,1.2,Tomato
52,52,67,29.5,61.7,6.2,5.6,20.7,1.0,Tomato
79,64,72,24.6,61.0,6.3,5.8,23.0,1.0,Tomato
53,65,70,24.4,53.0,5.9,8.5,24.3,2.0,Tomato
89,45,91,25.5,68.6,6.0,8.9,24.7,1.8,Tomato
55,40,89,24.9,57.8,5.8,8.2,21.9,1.1,Tomato
70,59,73,29.6,67.2,6.6,7.9,22.4,1.0,Tomato
69,66,86,22.3,61.2,6.6,9.1,24.4,0.5,Tomato
52,48,89,28.7,63.9,6.5,7.4,25.7,0.6,Tomato
75,66,99,28.9,67.3,5.8,9.9,24.1,0.8,Tomato
60,66,96,27.5,61.3,5.9,5.1,20.8,1.2,Tomato
50,64,91,22.7,54.5,6.5,8.2,20.1,1.3,Tomato
86,77,68,27.3,60.6,5.9,6.3,18.7,0.7,Tomato
76,67,97,22.1,59.5,6.7,7.3,27.5,1.6,Tomato
85,60,72,26.1,59.3,6.5,6.0,21.8,0.9,Tomato
77,48,100,25.2,52.3,5.7,7.6,23.8,1.1,Tomato
57,77,60,28.9,54.7,5.9,5.9,24.5,1.2,Tomato
86,67,87,23.8,56.8,6.4,5.9,27.3,0.7,Tomato
66,76,98,26.5,55.7,6.5,9.9,18.1,1.7,Tomato
71,64,85,23.6,57.4,5.6,6.4,26.3,0.9,Tomato
78,48,70,24.6,61.8,6.1,5.8,21.7,1.0,Tomato
88,59,98,24.3,64.0,5.9,7.4,23.7,0.6,Tomato
51,70,94,23.5,62.8,5.8,7.5,19.6,1.9,Tomato
84,42,64,28.5,66.7,6.6,6.8,26.8,1.9,Tomato
50,73,98,23.1,58.3,6.4,7.2,25.7,1.6,Tomato
51,76,81,26.6,68.1,6.8,6.2,19.8,1.1,Tomato
83,56,66,28.6,53.2,6.8,8.8,23.8,1.1,Tomato
61,52,74,25.1,54.5,5.6,8.6,21.9,1.2,Tomato
58,69,90,23.4,55.5,6.0,6.6,23.6,1.0,Tomato
84,68,100,23.7,69.3,5.9,8.8,19.8,0.6,Tomato
71,68,63,28.9,63.1,6.6,5.2,24.0,0.7,Tomato
79,40,90,26.7,51.1,5.8,8.5,23.5,0.9,Tomato
88,46,87,23.8,60.4,5.6,8.8,19.2,1.4,Tomato
62,55,72,24.5,53.3,6.1,7.0,24.8,1.9,Tomato
70,56,99,25.2,62.9,6.6,6.8,20.9,0.7,Tomato
83,55,80,23.4,50.3,6.6,8.6,23.1,0.6,Tomato
63,63,67,24.6,58.1,5.6,7.8,25.8,0.7,Tomato
85,51,96,28.6,63.2,6.1,9.9,21.3,0.6,Tomato
77,40,61,28.7,68.4,6.5,8.4,18.9,1.2,Tomato
57,57,70,27.6,54.0,5.9,7.1,26.0,1.1,Tomato
52,69,97,26.7,60.9,5.6,5.0,22.3,1.3,Tomato
63,72,72,22.7,52.5,6.5,6.7,22.6,1.5,Tomato
53,73,93,22.7,69.4,6.5,6.7,18.4,1.8,Tomato
66,62,61,27.8,61.4,6.0,5.4,26.2,1.8,Tomato
89,73,86,26.8,65.4,6.4,6.6,24.8,1.8,Tomato
85,80,86,25.7,62.5,5.6,7.3,23.0,1.4,Tomato
73,50,64,26.5,58.1,6.6,9.3,22.0,0.6,Tomato
56,41,71,24.7,62.1,6.7,9.1,27.2,2.0,Tomato
90,40,99,29.4,64.6,6.7,8.3,23.8,1.1,Tomato
73,77,90,28.5,64.8,5.8,9.4,21.2,0.6,Tomato
64,59,73,23.4,66.9,5.7,9.8,18.4,0.6,Tomato
57,56,65,25.4,54.4,5.9,8.1,20.5,1.1,Tomato
67,50,87,25.8,66.6,6.8,5.4,22.1,1.9,Tomato
88,58,71,24.8,66.0,6.1,8.4,20.6,0.8,Tomato
78,75,77,22.2,68.2,6.2,6.1,23.3,1.5,Tomato
78,65,78,26.3,56.3,6.7,9.7,25.2,0.9,Tomato
83,65,72,24.5,62.3,6.6,5.0,18.5,1.4,Tomato
65,45,84,28.3,67.1,6.4,8.9,20.2,0.9,Tomato
79,75,82,22.9,59.6,6.2,8.9,19.2,1.2,Tomato
79,61,60,26.0,62.7,5.7,6.2,21.5,0.6,Tomato
80,48,94,23.1,69.2,6.3,9.9,22.1,1.3,Tomato
62,60,95,23.1,57.1,6.2,7.4,19.8,1.9,Tomato
65,53,82,22.7,67.3,6.3,7.5,26.4,1.9,Tomato
80,56,61,22.1,53.3,6.3,6.8,19.2,1.9,Tomato
51,53,91,29.0,59.9,6.3,7.9,18.8,0.9,Tomato
64,66,96,27.7,58.3,5.7,7.7,18.8,0.6,Tomato
85,56,87,29.5,60.3,6.5,8.2,24.1,0.8,Tomato
55,78,74,26.4,50.6,5.6,8.5,28.0,1.8,Tomato
50,69,91,28.1,59.6,5.6,6.6,21.6,0.5,Tomato
76,60,82,27.2,52.4,6.8,10.0,20.8,0.7,Tomato
73,76,86,29.3,61.6,6.7,8.7,20.3,1.9,Tomato
60,48,99,24.8,50.0,5.7,6.7,18.9,1.0,Tomato
62,68,91,28.9,50.0,5.8,6.4,23.6,1.6,Tomato
82,58,82,23.6,65.0,6.3,7.1,18.1,1.1,Tomato
85,60,86,22.1,56.0,6.7,5.1,19.8,1.5,Tomato
70,56,65,25.5,63.5,6.4,9.5,27.4,1.6,Tomato
66,59,89,28.8,60.0,5.8,7.1,22.4,1.8,Tomato
57,78,70,26.9,69.7,5.9,8.9,22.9,1.6,Tomato
63,72,81,24.3,60.8,6.6,8.6,18.4,1.1,Tomato
77,57,64,23.7,68.6,5.9,6.6,20.7,0.9,Tomato
73,49,66,26.3,56.3,5.7,7.0,19.2,2.0,Tomato
82,79,64,22.9,64.8,6.1,6.4,27.5,1.2,Tomato
82,65,71,27.1,53.1,5.6,6.6,22.7,1.6,Tomato
56,48,78,22.0,60.0,5.7,5.8,25.9,1.8,Tomato
70,40,82,29.6,69.4,5.7,9.6,25.2,1.8,Tomato
54,40,61,23.7,53.8,5.8,5.2,24.7,1.8,Tomato
66,78,97,25.9,62.5,6.3,6.5,27.1,1.2,Tomato
63,61,77,27.2,68.3,6.8,8.8,24.7,1.8,Tomato
55,74,70,23.3,50.4,6.5,8.0,22.2,1.6,Tomato
55,40,74,27.0,54.2,6.0,7.4,24.9,1.2,Tomato
50,68,99,23.8,57.1,5.8,6.1,27.5,1.7,Tomato
69,65,71,29.1,50.1,6.6,8.0,22.0,1.2,Tomato
70,59,63,22.2,56.3,6.3,5.1,23.2,0.8,Tomato
51,77,96,22.7,67.6,6.5,6.3,27.4,0.7,Tomato
69,71,68,29.9,54.3,6.1,9.8,27.8,0.9,Tomato
64,40,83,29.2,60.2,6.4,9.2,20.2,0.6,Tomato
59,48,89,28.8,51.7,6.7,7.9,22.9,1.8,Tomato
52,64,81,26.5,61.6,5.8,8.1,27.8,1.4,Tomato
69,75,100,28.3,69.8,6.3,5.1,25.3,1.3,Tomato
68,50,73,24.9,65.6,6.7,6.2,26.5,0.5,Tomato
72,74,94,26.1,50.6,6.6,8.3,21.1,1.8,Tomato
78,68,66,28.0,59.5,6.6,7.6,19.2,1.1,Tomato
71,60,89,26.8,52.0,6.5,8.2,21.3,1.0,Tomato
85,52,69,28.0,68.8,6.4,6.6,26.5,1.2,Tomato
85,71,96,27.5,64.2,6.2,7.7,19.2,0.9,Tomato
55,65,83,26.1,65.4,5.7,8.4,26.1,0.7,Tomato
56,56,67,25.4,52.2,6.0,7.3,18.1,0.7,Tomato
76,44,87,25.3,55.7,6.5,7.3,23.4,1.6,Tomato
88,50,88,24.4,52.9,6.7,7.7,25.1,0.9,Tomato
51,62,97,28.2,53.2,5.9,7.2,27.7,0.9,Tomato
64,76,95,27.2,52.7,5.8,6.5,18.2,1.1,Tomato
90,79,82,24.1,65.3,5.8,7.2,23.3,0.7,Tomato
79,60,84,26.9,69.8,6.5,8.2,20.4,1.3,Tomato
57,54,73,28.3,56.1,5.6,6.2,19.7,1.3,Tomato
53,53,87,22.5,50.1,5.9,9.3,19.4,1.0,Tomato
51,49,93,29.5,68.5,5.6,5.7,19.2,0.8,Tomato
59,72,74,24.8,50.8,5.7,8.5,22.9,0.8,Tomato
63,55,80,24.8,60.7,5.8,7.2,20.6,0.6,Tomato
52,66,93,24.2,59.7,6.0,7.7,21.2,1.1,Tomato
73,41,88,29.3,52.8,6.4,9.0,24.6,1.6,Tomato
63,58,100,22.7,56.7,6.6,7.5,22.4,1.8,Tomato
55,48,74,29.8,59.6,6.5,7.2,20.1,1.3,Tomato
51,63,81,27.2,58.0,6.6,9.8,22.5,0.5,Tomato
77,41,97,27.0,53.5,6.6,6.9,26.5,0.6,Tomato
70,55,72,23.8,52.8,6.6,5.0,25.5,1.3,Tomato
65,45,71,26.8,54.8,6.3,6.4,24.1,0.8,Tomato
71,77,66,29.1,60.5,5.9,5.9,21.7,0.8,Tomato
55,51,65,22.7,62.8,5.9,8.8,27.2,0.7,Tomato
80,68,95,24.5,61.7,6.7,6.4,19.5,1.8,Tomato
50,69,70,28.0,54.8,6.0,8.6,22.1,1.8,Tomato
71,59,84,22.3,59.7,6.2,9.7,26.8,1.8,Tomato
82,74,63,27.4,57.1,6.8,5.2,27.0,0.6,Tomato
70,55,85,25.2,69.5,5.7,9.2,18.8,0.6,Tomato
68,72,94,28.9,60.7,5.8,8.9,19.7,1.3,Tomato
66,41,82,29.8,56.1,5.6,6.0,27.3,1.0,Tomato
76,72,100,23.1,55.9,6.3,5.5,21.1,1.2,Tomato
57,63,74,23.4,65.7,5.7,8.2,23.9,2.0,Tomato
89,56,74,28.3,64.2,6.5,7.7,21.2,1.5,Tomato
57,43,79,29.6,65.1,5.7,6.1,24.4,0.6,Tomato
61,43,85,22.5,52.8,6.4,7.4,24.3,0.5,Tomato
55,59,95,24.3,64.5,6.0,7.3,24.8,1.9,Tomato
57,64,91,28.0,53.0,5.7,8.7,23.6,1.4,Tomato
84,73,66,25.5,56.9,6.2,8.8,21.6,0.8,Tomato
77,57,69,28.7,66.5,6.6,6.3,21.4,0.7,Tomato
67,67,68,28.7,57.2,6.2,7.5,27.9,1.6,Tomato
87,44,89,23.2,55.4,6.2,7.6,23.6,0.6,Tomato
88,53,65,29.0,60.5,6.2,9.8,21.8,0.6,Tomato
79,40,91,26.6,68.4,6.2,8.3,23.2,1.6,Tomato
57,40,82,28.6,62.8,5.9,7.2,18.8,1.5,Tomato
56,78,85,23.1,50.2,5.5,8.0,24.7,0.6,Tomato
51,71,72,24.6,57.9,6.1,9.4,21.3,0.7,Tomato
74,50,82,25.0,52.3,5.8,9.6,20.3,1.1,Tomato
72,58,64,25.8,61.6,6.8,9.8,22.0,0.8,Tomato
85,68,71,26.7,64.2,6.2,7.2,24.0,1.5,Tomato
86,42,80,26.1,54.6,6.7,8.3,20.8,0.8,Tomato
71,62,68,29.8,52.7,6.6,9.9,21.9,1.8,Tomato
63,49,74,25.6,55.6,6.8,8.2,21.0,1.6,Tomato
76,55,92,29.7,60.8,6.1,8.1,19.8,0.8,Tomato
77,64,99,25.9,67.0,5.7,5.2,23.3,1.5,Tomato
61,68,91,28.3,64.1,6.4,5.9,22.1,1.4,Tomato
62,51,71,22.6,53.6,6.0,7.0,18.9,1.8,Tomato
54,77,79,24.1,61.0,6.2,7.7,23.4,1.5,Tomato
60,73,65,22.2,53.9,6.4,9.8,27.5,1.7,Tomato
56,43,85,28.3,59.5,6.6,6.0,21.3,1.6,Tomato
60,79,84,23.1,60.8,5.6,6.5,27.9,1.1,Tomato
57,53,80,29.1,65.1,5.8,8.7,25.1,1.8,Tomato
65,44,85,26.3,52.1,6.1,5.3,19.7,0.8,Tomato
79,64,75,28.5,52.1,6.0,8.6,18.8,0.8,Tomato
88,46,82,24.3,59.4,5.9,5.5,19.0,0.9,Tomato
61,43,87,27.5,53.3,6.4,7.0,21.2,1.7,Tomato
71,43,97,27.5,61.4,6.2,9.8,20.7,1.4,Tomato
60,53,80,23.0,53.9,6.5,6.0,22.9,1.6,Tomato
80,53,94,22.5,53.8,6.5,8.7,23.2,1.7,Tomato
65,65,88,23.9,62.5,5.7,7.4,23.3,1.7,Tomato
82,45,69,22.9,57.2,6.2,5.6,24.5,1.7,Tomato
54,70,78,24.3,61.2,5.5,8.4,22.6,0.6,Tomato
84,42,89,25.7,65.2,6.5,7.5,25.5,0.8,Tomato
51,62,68,24.6,57.4,6.4,8.7,19.0,2.0,Tomato
81,62,88,28.6,55.2,6.0,6.0,26.2,0.7,Tomato
68,73,76,28.3,66.3,5.8,7.3,27.1,0.7,Tomato
50,65,90,25.9,54.3,6.4,8.6,22.9,1.0,Tomato
70,60,90,22.7,59.9,5.9,6.7,21.2,1.5,Tomato
50,46,67,27.2,59.0,6.2,6.7,24.7,0.8,Tomato
82,50,86,22.5,50.0,5.9,5.4,20.4,1.5,Tomato
67,48,93,29.4,50.5,6.4,6.4,19.9,1.5,Tomato
53,47,74,29.5,51.3,6.1,6.5,21.2,1.2,Tomato
76,51,83,24.7,63.4,6.3,7.3,23.4,0.9,Tomato
88,41,79,28.4,61.1,5.9,8.0,25.3,1.4,Tomato
68,73,94,28.7,54.8,6.1,9.4,23.4,1.9,Tomato
72,56,84,29.5,66.7,6.7,8.3,20.1,1.2,Tomato
80,72,99,25.6,50.4,6.4,6.4,19.2,1.0,Tomato
80,43,82,23.9,62.2,6.2,5.3,24.9,0.7,Tomato
79,44,73,22.1,65.9,6.8,9.6,19.6,1.1,Tomato
82,57,66,24.6,59.0,5.7,7.4,20.1,1.5,Tomato
90,76,73,29.4,62.6,6.1,9.0,25.7,1.7,Tomato
54,62,61,23.6,66.7,6.0,8.4,25.3,1.2,Tomato
50,78,77,26.8,52.0,5.8,5.0,19.3,1.6,Tomato
81,61,83,24.1,60.8,6.7,8.6,19.7,1.8,Tomato
70,46,83,26.8,54.0,6.0,5.2,25.8,1.1,Tomato
81,59,68,26.5,62.6,6.6,7.2,26.9,1.8,Tomato
72,55,88,26.5,51.2,6.6,6.9,27.8,1.8,Tomato
54,80,68,29.9,61.0,6.8,5.8,24.5,0.7,Tomato
65,58,94,28.4,54.3,6.2,8.1,18.7,1.8,Tomato
84,48,77,27.7,60.3,5.9,9.4,19.3,1.0,Tomato
81,54,100,23.4,59.9,5.7,7.7,24.6,1.0,Tomato
63,45,80,27.5,63.6,6.2,7.8,20.5,1.4,Tomato
84,67,66,27.6,50.2,6.3,8.1,19.0,1.1,Tomato
50,42,85,24.4,50.9,6.5,7.4,24.2,0.7,Tomato
88,43,74,29.7,59.8,5.6,8.2,20.5,0.6,Tomato
85,74,100,25.9,67.3,6.8,9.4,23.7,1.7,Tomato
55,80,88,24.6,60.1,5.8,9.9,25.0,0.6,Tomato
88,62,72,26.1,57.3,6.0,7.4,22.7,1.3,Tomato
80,59,73,27.0,54.4,6.0,7.3,26.1,0.8,Tomato
51,41,74,23.8,52.2,6.4,6.9,27.3,0.9,Tomato
59,73,95,25.1,59.4,6.2,9.8,20.7,2.0,Tomato
71,61,91,22.9,62.2,5.7,8.0,26.5,1.4,Tomato
53,58,98,29.2,51.4,6.6,9.3,20.3,1.6,Tomato
89,40,77,24.4,66.5,6.5,6.7,20.7,0.8,Tomato
58,42,96,26.5,51.9,6.5,5.9,26.6,0.6,Tomato
59,40,78,22.2,54.4,6.6,5.1,24.6,1.7,Tomato
51,40,79,27.6,58.0,5.9,9.3,20.5,0.6,Tomato
85,75,69,24.8,65.6,6.2,9.8,25.0,1.4,Tomato
61,42,75,28.8,56.1,6.5,8.6,22.6,1.3,Tomato
55,68,81,22.5,67.7,6.5,6.8,23.1,1.2,Tomato
75,43,96,23.7,51.1,5.7,6.1,27.7,1.9,Tomato
52,70,88,28.7,67.5,6.1,8.9,22.1,1.0,Tomato
84,71,91,24.5,65.8,6.5,5.7,19.5,1.1,Tomato
67,57,89,23.9,61.1,6.7,6.7,19.8,1.1,Tomato
75,50,60,29.0,54.0,6.0,6.6,23.3,0.9,Tomato
87,76,93,23.3,60.0,5.7,6.5,24.8,1.7,Tomato
60,44,77,22.3,68.5,5.7,7.6,19.8,1.0,Tomato
62,76,64,29.4,69.8,6.7,8.3,21.9,1.6,Tomato
82,70,73,23.1,65.5,6.8,9.8,24.1,1.9,Tomato
59,40,88,22.7,58.4,6.5,6.7,22.7,1.4,Tomato
73,47,76,23.7,51.0,5.9,9.8,18.6,1.0,Tomato
56,47,66,22.6,68.4,6.7,8.4,24.2,1.2,Tomato
62,40,76,29.6,59.2,6.0,8.2,25.5,1.5,Tomato
80,70,93,26.2,57.9,5.7,7.0,19.1,0.8,Tomato
83,55,67,24.8,56.7,6.2,9.8,26.9,1.9,Tomato
61,56,76,29.8,68.1,5.7,9.9,19.7,1.6,Tomato
84,42,74,24.8,65.8,5.6,7.0,18.0,1.7,Tomato
69,66,88,30.0,50.1,6.8,7.3,24.4,1.4,Tomato
80,65,95,23.4,54.9,6.6,8.2,22.0,1.7,Tomato
72,72,66,24.1,58.5,6.7,7.2,24.3,1.0,Tomato
59,67,74,22.7,57.5,6.4,6.0,26.4,1.8,Tomato
72,54,89,29.0,62.8,5.7,6.2,26.0,0.7,Tomato
75,76,92,22.9,61.4,5.9,9.1,22.7,0.9,Tomato
70,47,86,26.8,61.0,6.4,9.1,20.2,1.9,Tomato
68,74,75,27.3,69.3,6.8,6.9,19.4,0.8,Tomato
89,44,88,28.7,59.6,5.7,5.6,19.0,0.6,Tomato
58,58,98,27.3,64.4,6.7,6.7,19.8,0.9,Tomato
65,61,85,27.4,63.7,6.3,5.8,27.9,1.4,Tomato
80,69,72,28.6,61.0,6.3,7.6,21.5,0.8,Tomato
67,46,67,29.5,63.8,6.7,5.1,22.1,1.6,Tomato
57,56,86,29.2,64.2,6.4,7.4,26.3,1.9,Tomato
90,49,81,23.2,68.3,6.0,8.6,22.7,1.3,Tomato
72,69,82,26.7,67.4,5.6,9.6,27.3,0.8,Tomato
60,51,84,25.6,66.7,6.5,7.2,27.4,1.9,Tomato
67,79,63,27.1,66.2,5.8,9.3,21.0,1.0,Tomato
68,75,92,28.5,53.3,6.0,6.7,18.3,1.1,Tomato
86,77,94,27.8,67.2,6.1,5.5,26.5,1.9,Tomato
69,52,62,24.1,55.5,6.5,8.8,21.5,1.0,Tomato
89,74,85,26.0,51.2,6.5,6.4,19.7,1.0,Tomato
69,79,98,24.6,67.5,6.5,9.2,22.8,0.8,Tomato
81,80,82,24.7,53.6,6.3,5.4,19.3,1.7,Tomato
51,47,78,27.9,63.3,6.7,9.4,18.4,1.1,Tomato
73,45,93,24.2,70.0,5.9,5.4,27.0,1.4,Tomato
59,74,87,24.0,50.3,5.6,7.4,18.6,1.3,Tomato
86,69,72,29.4,61.4,5.6,8.2,27.1,0.8,Tomato
67,53,64,24.4,55.5,6.2,7.2,24.4,1.6,Tomato
65,42,80,28.5,68.9,5.8,8.8,25.4,1.8,Tomato
53,74,78,22.7,68.1,6.3,6.1,26.5,1.9,Tomato
58,56,92,27.1,66.9,6.1,6.1,21.4,0.8,Tomato
72,45,89,26.8,53.5,5.8,7.2,19.6,1.9,Tomato
51,57,62,26.8,59.8,5.8,5.2,26.9,1.6,Tomato
90,56,74,23.1,61.6,5.8,7.7,19.5,1.1,Tomato
62,74,66,27.2,59.0,5.7,7.7,21.1,0.9,Tomato
57,43,81,26.5,65.9,5.8,7.4,24.8,0.8,Tomato
75,65,74,26.7,63.4,6.1,7.1,20.7,1.1,Tomato
59,63,85,29.5,52.8,6.5,6.3,22.7,0.7,Tomato
64,64,100,22.2,60.5,5.6,6.9,23.8,1.8,Tomato
71,72,91,26.9,50.9,5.6,7.8,20.9,1.2,Tomato
75,64,60,24.4,50.2,5.5,5.2,23.6,1.4,Tomato
74,65,76,26.2,52.7,5.5,6.7,19.0,1.1,Tomato
79,58,69,23.1,53.3,6.2,6.1,20.7,1.4,Tomato
88,43,94,22.4,50.8,6.4,8.5,20.9,1.7,Tomato
76,68,87,27.8,56.3,5.8,7.1,18.3,1.5,Tomato
82,40,95,22.9,54.0,6.1,5.2,19.6,0.6,Tomato
85,75,88,25.3,59.3,6.1,5.6,26.6,0.7,Tomato
79,46,68,26.3,61.4,6.6,7.6,19.6,0.8,Tomato
67,76,70,24.9,59.9,6.5,8.1,21.4,1.6,Tomato
57,66,65,23.8,55.0,5.6,6.0,27.3,0.8,Tomato
73,41,99,27.1,56.4,5.6,7.0,27.1,2.0,Tomato
58,41,84,27.5,52.3,5.6,7.5,19.8,0.8,Tomato
89,51,76,29.7,52.7,6.1,9.2,19.7,1.8,Tomato
88,55,90,26.6,51.3,6.1,9.3,21.7,0.6,Tomato
85,73,70,23.4,67.8,6.2,5.7,18.4,1.9,Tomato
82,52,78,29.1,62.9,5.5,6.4,23.6,2.0,Tomato
68,59,63,27.2,67.0,6.4,7.9,19.5,1.8,Tomato
75,64,74,29.6,57.5,5.9,6.1,18.2,2.0,Tomato
55,41,62,26.5,60.1,6.6,5.1,26.0,1.4,Tomato
84,68,78,28.3,69.7,5.5,6.2,26.0,1.3,Tomato
56,42,68,25.6,63.3,6.2,9.7,23.4,0.8,Tomato
75,69,91,24.6,63.0,6.1,9.1,22.6,2.0,Tomato
63,59,71,26.7,56.3,6.3,9.6,27.8,1.5,Tomato
57,64,60,28.8,50.9,5.9,8.1,23.8,1.5,Tomato
53,51,62,25.4,59.3,6.2,8.7,23.0,1.3,Tomato
65,74,98,29.1,53.5,5.9,7.0,19.1,1.0,Tomato
59,76,68,27.3,61.8,6.2,9.6,23.9,1.3,Tomato
87,60,96,27.6,66.8,6.1,7.3,21.6,1.6,Tomato
69,75,83,29.5,54.1,6.3,8.5,19.7,1.0,Tomato
60,43,78,29.6,52.8,6.2,5.7,24.9,0.6,Tomato
52,41,96,29.0,60.1,5.6,6.4,22.9,1.3,Tomato
56,74,84,22.5,63.3,6.6,8.9,20.2,0.8,Tomato
79,72,69,25.3,55.1,6.7,6.6,27.3,2.0,Tomato
64,70,65,22.5,57.0,5.6,7.9,18.2,1.1,Tomato
72,77,91,26.3,61.4,6.4,6.2,26.4,0.9,Tomato
56,59,73,27.2,54.3,6.7,8.0,21.6,0.8,Tomato
72,66,64,28.1,58.7,6.4,6.5,20.6,1.8,Tomato
75,77,77,28.2,53.8,6.5,6.4,23.5,0.6,Tomato
88,73,84,25.3,61.4,6.7,9.7,21.6,1.2,Tomato
79,70,76,26.7,69.6,6.3,7.0,22.0,1.3,Tomato
80,55,66,23.5,55.1,6.6,8.5,20.3,1.9,Tomato
78,64,73,26.9,62.9,6.6,6.2,19.5,0.7,Tomato
59,71,78,26.5,61.4,6.8,6.3,23.3,0.7,Tomato
55,44,65,27.5,66.3,6.3,8.5,24.8,1.0,Tomato
81,58,72,28.6,60.2,6.7,7.0,18.5,1.0,Tomato
81,56,96,28.0,52.2,6.0,8.5,23.5,1.3,Tomato
87,59,97,24.5,57.6,6.7,7.7,21.8,2.0,Tomato
74,49,68,27.3,56.6,5.8,5.8,19.2,1.9,Tomato
66,80,64,24.7,53.8,5.8,7.6,26.6,1.8,Tomato
69,68,98,29.7,61.9,5.6,7.9,19.8,1.9,Tomato
69,44,73,25.4,65.7,6.1,8.4,20.7,0.9,Tomato
53,53,89,22.6,51.0,5.6,8.5,27.0,0.5,Tomato
71,74,93,28.1,54.5,5.8,6.9,21.2,1.2,Tomato
58,72,84,26.9,61.1,5.5,6.4,18.9,1.0,Tomato
55,45,76,25.5,60.2,6.0,8.4,22.7,1.4,Tomato
64,56,79,29.5,56.5,6.7,5.8,19.7,1.7,Tomato
78,69,75,26.4,61.2,6.6,10.0,22.7,1.5,Tomato
56,71,85,28.2,52.1,6.3,6.6,25.7,1.5,Tomato
71,72,79,23.3,61.9,5.6,7.3,24.0,1.1,Tomato
86,47,84,27.0,60.7,5.8,5.9,19.5,1.7,Tomato
73,79,88,23.0,59.9,5.7,7.3,18.1,1.4,Tomato
60,67,98,26.3,64.3,6.6,9.8,21.5,1.9,Tomato
78,57,76,22.1,65.7,6.5,8.7,23.4,0.9,Tomato
88,79,71,23.5,52.6,6.4,7.8,25.2,1.8,Tomato
58,48,99,23.0,66.7,6.6,7.8,26.0,1.2,Tomato
71,57,79,25.8,65.3,6.5,5.0,20.0,1.2,Tomato
71,54,72,27.9,64.8,6.7,5.1,18.5,1.1,Tomato
80,74,61,28.3,56.2,5.6,6.9,26.2,1.5,Tomato
62,40,83,22.1,60.7,6.6,6.4,25.4,1.0,Tomato
63,71,67,25.8,57.6,6.6,9.7,26.6,0.7,Tomato
76,65,78,23.6,51.5,5.9,7.5,18.7,1.1,Tomato
76,76,79,22.0,56.6,6.7,7.5,21.3,0.6,Tomato
89,59,88,24.8,66.9,6.4,7.1,23.8,1.2,Tomato
89,46,100,26.7,58.0,6.2,6.2,23.8,1.6,Tomato
79,71,85,26.8,56.5,6.3,8.9,22.2,1.8,Tomato
89,75,89,26.7,62.7,6.5,6.9,21.7,1.0,Tomato
62,70,97,26.9,52.2,5.6,7.3,24.5,1.2,Tomato
64,58,87,22.3,69.4,5.8,7.8,24.7,0.6,Tomato
74,49,89,25.5,66.7,5.6,5.2,25.6,0.6,Tomato
82,54,60,28.8,57.8,6.5,8.3,20.0,1.3,Tomato
85,44,85,23.7,53.9,6.7,5.6,25.2,1.5,Tomato
90,45,98,29.9,51.9,6.4,9.6,27.0,1.1,Tomato
71,57,83,22.5,65.0,5.9,9.5,25.5,1.0,Tomato
51,41,94,24.6,70.0,6.0,9.5,25.5,1.6,Tomato
90,80,72,28.2,59.0,6.5,5.7,27.0,1.1,Tomato
88,76,81,22.5,57.3,6.7,5.8,24.9,2.0,Tomato
75,68,88,22.6,59.7,5.9,7.8,27.4,1.7,Tomato
52,45,65,28.2,69.8,5.7,6.3,27.3,1.0,Tomato
85,54,87,25.7,62.9,6.6,9.4,19.4,0.8,Tomato
65,73,72,22.2,57.3,6.0,8.8,23.8,0.6,Tomato
72,66,80,27.0,63.9,6.5,5.5,20.2,0.6,Tomato
53,40,77,23.3,53.3,5.7,8.2,20.7,1.6,Tomato
84,72,75,24.9,69.8,6.0,5.2,21.4,1.6,Tomato
73,58,65,23.0,52.1,5.5,9.0,21.9,1.3,Tomato
66,68,85,26.8,52.8,5.5,5.1,20.1,1.2,Tomato
79,54,66,23.3,57.8,6.7,6.9,27.3,1.0,Tomato
59,63,99,23.5,67.2,6.6,7.4,23.5,0.5,Tomato
68,71,83,29.0,61.4,6.2,5.7,23.4,1.1,Tomato
82,51,76,25.2,51.2,6.0,8.3,24.1,1.9,Tomato
85,52,99,23.1,58.5,6.7,9.6,22.1,1.3,Tomato
77,62,96,27.1,61.9,6.1,8.3,24.7,1.2,Tomato
84,44,67,25.2,59.3,5.8,5.0,25.2,0.8,Tomato
69,71,87,27.5,56.5,5.6,6.9,26.8,1.7,Tomato
89,59,75,28.3,51.6,5.8,7.2,20.2,0.8,Tomato
77,47,93,26.2,65.8,6.5,8.5,26.0,0.8,Tomato
85,52,67,22.5,57.4,5.8,6.0,21.6,1.6,Tomato
76,65,72,25.6,63.1,6.0,6.7,27.8,1.9,Tomato
65,47,87,29.7,59.2,6.5,7.5,26.3,0.5,Tomato
72,49,55,19.1,66.1,5.5,9.2,23.0,0.8,Strawberry
68,65,79,20.2,64.8,5.9,5.4,25.9,0.7,Strawberry
47,43,53,23.2,76.7,5.6,6.5,26.1,1.6,Strawberry
70,57,84,24.4,79.2,6.1,7.8,27.8,1.2,Strawberry
77,46,53,20.0,77.6,5.9,6.4,23.9,0.5,Strawberry
70,44,81,25.6,77.3,5.8,9.4,19.6,1.1,Strawberry
48,69,62,24.0,61.9,6.0,7.3,26.9,1.7,Strawberry
67,65,77,25.5,61.6,5.9,7.5,23.8,0.8,Strawberry
58,30,58,19.5,67.6,6.0,5.8,25.5,1.0,Strawberry
53,30,78,18.0,63.2,5.7,8.7,27.9,1.0,Strawberry
43,61,66,21.1,66.6,6.0,7.6,27.7,0.7,Strawberry
46,60,61,18.8,65.0,6.2,8.3,18.5,1.3,Strawberry
58,65,57,20.1,71.6,6.0,6.8,23.2,1.9,Strawberry
41,62,83,18.9,75.4,5.6,9.5,27.3,1.4,Strawberry
71,55,88,22.5,60.6,5.8,7.1,22.5,1.2,Strawberry
56,53,58,23.3,71.6,6.3,7.4,27.0,1.4,Strawberry
79,38,59,23.6,79.5,6.3,9.2,27.4,0.9,Strawberry
51,66,89,23.5,77.2,5.9,6.6,22.7,1.7,Strawberry
50,51,87,19.0,72.5,5.6,7.4,20.2,1.5,Strawberry
58,59,83,22.7,73.1,6.3,5.7,26.5,1.9,Strawberry
46,50,51,20.0,76.1,5.8,10.0,21.1,1.6,Strawberry
58,59,62,19.6,68.8,5.6,5.2,22.4,1.8,Strawberry
73,60,86,23.3,79.7,5.6,9.4,24.2,1.0,Strawberry
57,67,54,21.5,77.4,5.8,6.9,26.9,1.0,Strawberry
53,50,53,24.2,63.5,6.3,6.1,19.0,1.9,Strawberry
79,31,55,24.6,79.7,6.1,5.0,23.4,1.8,Strawberry
62,51,89,21.6,67.9,6.3,7.8,24.3,1.2,Strawberry
45,48,65,25.6,62.4,5.9,6.9,22.8,1.4,Strawberry
79,32,56,18.2,78.4,6.1,9.4,21.6,1.0,Strawberry
51,36,56,22.0,61.5,5.8,9.0,26.2,0.8,Strawberry
52,39,90,24.6,71.6,5.8,6.7,23.4,1.5,Strawberry
78,56,80,22.3,66.7,6.4,6.8,18.4,0.6,Strawberry
42,53,79,18.1,76.7,5.6,5.9,27.3,1.7,Strawberry
53,56,66,26.0,69.2,6.4,7.2,22.5,1.0,Strawberry
40,55,74,23.0,64.9,6.3,6.8,19.2,1.1,Strawberry
69,36,55,20.5,65.3,6.2,6.5,22.2,1.0,Strawberry
73,65,81,24.7,70.3,6.5,7.7,27.5,2.0,Strawberry
75,41,57,18.4,69.4,6.0,8.7,21.9,0.6,Strawberry
72,48,83,25.7,63.7,6.1,8.4,19.6,1.8,Strawberry
59,59,63,20.6,65.3,6.5,7.7,27.1,1.6,Strawberry
65,54,75,20.7,69.4,5.9,8.7,26.6,1.6,Strawberry
67,55,59,18.4,71.2,5.6,5.6,19.9,0.8,Strawberry
59,30,58,18.3,65.1,6.2,8.8,26.9,1.0,Strawberry
80,65,74,20.7,74.6,6.0,8.7,20.0,1.6,Strawberry
59,36,64,23.1,62.1,6.1,9.3,18.4,1.4,Strawberry
45,33,61,25.8,62.3,6.4,8.3,19.9,0.8,Strawberry
51,30,79,26.0,69.1,5.9,5.9,21.1,0.7,Strawberry
61,58,85,22.9,65.5,6.4,9.4,22.4,1.4,Strawberry
72,58,85,19.0,71.7,6.1,6.9,18.4,1.8,Strawberry
44,43,58,18.5,70.4,6.1,7.1,26.4,0.8,Strawberry
80,37,76,24.2,72.4,5.8,8.4,22.6,1.2,Strawberry
40,58,81,21.0,70.2,5.5,5.7,21.3,0.5,Strawberry
48,34,68,25.4,64.2,5.9,7.1,19.0,0.8,Strawberry
43,67,74,23.0,62.2,6.3,7.6,22.3,1.9,Strawberry
44,49,73,21.5,75.2,5.7,8.1,23.7,1.6,Strawberry
77,65,66,21.0,67.0,5.5,9.1,19.1,1.2,Strawberry
63,44,53,19.3,73.6,6.3,5.8,22.7,1.3,Strawberry
52,53,71,22.2,68.2,5.5,9.8,26.9,1.2,Strawberry
60,33,51,24.1,63.6,5.9,9.5,24.7,0.8,Strawberry
59,52,68,19.9,66.2,5.7,7.0,18.0,1.5,Strawberry
42,44,54,21.9,74.5,5.6,8.7,18.8,0.5,Strawberry
42,54,50,25.0,67.8,5.6,8.7,24.8,1.2,Strawberry
72,61,71,19.4,75.8,6.0,6.3,21.7,1.3,Strawberry
62,49,54,24.3,77.9,5.9,6.1,24.6,0.8,Strawberry
62,35,69,19.5,76.9,6.4,6.0,23.6,1.7,Strawberry
58,40,51,18.4,68.4,6.3,5.9,20.6,1.5,Strawberry
76,64,60,25.1,68.3,5.6,9.3,21.2,0.6,Strawberry
54,68,76,20.0,70.4,6.3,5.4,21.7,1.6,Strawberry
59,66,72,21.6,60.4,6.1,5.4,22.2,0.6,Strawberry
68,61,63,25.6,71.5,6.2,7.7,25.8,1.5,Strawberry
51,67,82,21.2,78.3,5.6,9.5,27.0,1.8,Strawberry
66,50,56,18.8,72.4,6.2,5.7,24.3,1.9,Strawberry
49,61,51,21.2,64.9,5.9,5.6,19.7,1.8,Strawberry
80,33,56,21.7,66.6,6.0,9.0,20.6,1.2,Strawberry
66,64,63,25.8,69.1,6.0,8.0,24.9,1.3,Strawberry
56,67,50,24.2,61.7,6.3,9.3,26.5,1.7,Strawberry
60,66,90,19.5,68.4,5.9,10.0,27.7,1.6,Strawberry
68,37,65,25.7,72.7,6.3,7.7,24.2,1.1,Strawberry
57,51,89,22.2,64.1,5.9,5.8,20.9,0.7,Strawberry
78,44,50,24.4,73.7,6.0,7.9,24.0,0.5,Strawberry
72,32,61,20.4,74.3,5.6,5.4,21.6,1.6,Strawberry
79,32,67,25.7,69.2,6.1,9.0,26.1,1.4,Strawberry
64,61,61,19.8,72.5,5.6,9.8,23.1,1.3,Strawberry
49,53,55,21.9,64.8,5.9,7.4,25.4,1.3,Strawberry
76,45,76,21.8,75.3,6.3,7.5,27.0,1.4,Strawberry
74,48,90,20.5,66.9,5.7,9.3,21.8,1.6,Strawberry
76,57,90,23.0,76.7,5.8,9.0,27.9,0.8,Strawberry
57,37,57,18.1,75.8,5.7,5.4,22.1,1.6,Strawberry
57,56,71,25.6,69.4,6.4,7.3,22.2,1.4,Strawberry
76,44,66,23.0,79.1,5.6,5.8,20.3,2.0,Strawberry
65,64,58,23.6,68.9,5.8,6.6,26.8,1.5,Strawberry
65,34,80,18.6,71.9,6.2,9.6,21.3,1.5,Strawberry
71,66,83,21.3,64.2,6.2,7.6,26.5,1.9,Strawberry
41,51,57,20.0,71.2,5.5,6.4,27.9,0.5,Strawberry
51,31,69,18.8,60.0,6.4,7.1,27.0,0.7,Strawberry
70,49,59,25.7,68.0,6.3,8.0,23.4,1.2,Strawberry
50,45,68,19.0,61.5,5.9,6.4,27.0,1.1,Strawberry
77,39,74,20.3,61.9,6.4,9.6,21.3,1.3,Strawberry
60,66,75,24.4,67.7,5.6,9.1,21.1,1.1,Strawberry
44,68,74,22.1,71.6,5.6,8.4,18.5,1.7,Strawberry
46,31,54,22.0,67.5,6.5,5.9,25.0,1.1,Strawberry
59,44,75,25.1,75.8,5.8,7.3,27.7,1.1,Strawberry
42,38,89,21.7,73.2,5.6,7.8,19.3,0.7,Strawberry
75,61,83,22.1,76.1,6.2,8.3,19.2,1.4,Strawberry
79,67,68,25.7,61.0,5.7,8.2,22.5,1.7,Strawberry
61,57,52,19.3,77.5,5.7,8.3,21.1,1.0,Strawberry
44,69,53,18.8,77.3,6.2,5.3,19.7,1.9,Strawberry
46,41,75,18.9,73.8,6.2,6.3,24.6,1.4,Strawberry
70,67,90,18.0,77.4,5.9,8.0,21.9,1.9,Strawberry
77,38,89,23.1,73.3,5.9,6.1,21.9,2.0,Strawberry
55,31,70,22.9,60.1,5.6,6.1,20.5,0.6,Strawberry
74,44,54,21.7,67.7,6.3,9.0,27.3,1.1,Strawberry
79,37,68,24.9,65.0,5.8,7.7,19.8,1.1,Strawberry
64,38,90,18.1,77.4,6.3,5.3,21.1,1.6,Strawberry
76,36,52,25.5,67.6,5.9,9.4,19.5,0.5,Strawberry
46,48,77,20.1,71.0,6.4,6.7,20.4,1.9,Strawberry
48,34,77,21.9,69.1,6.0,7.0,20.7,1.7,Strawberry
70,62,61,23.1,69.5,5.7,9.7,23.7,1.6,Strawberry
66,59,60,19.7,70.8,5.8,8.2,27.7,1.8,Strawberry
44,55,77,18.9,77.7,6.4,7.3,18.4,1.2,Strawberry
56,49,84,18.4,74.1,5.7,5.8,24.5,1.6,Strawberry
80,35,82,21.6,61.7,5.5,9.5,26.5,1.1,Strawberry
48,58,51,19.3,62.6,5.6,6.3,19.6,0.8,Strawberry
76,49,62,20.9,67.9,5.9,8.6,20.5,1.1,Strawberry
73,31,55,23.2,75.0,5.8,5.1,18.6,0.6,Strawberry
68,46,69,19.4,69.5,5.7,5.8,27.5,1.9,Strawberry
79,66,85,23.5,71.7,5.7,7.2,22.1,1.3,Strawberry
77,35,52,24.6,74.1,5.7,7.5,23.8,1.3,Strawberry
61,45,71,23.7,71.1,6.5,6.1,22.0,1.9,Strawberry
74,67,51,21.1,67.1,5.6,5.8,23.5,1.4,Strawberry
62,58,86,24.7,75.0,6.0,6.1,23.8,1.2,Strawberry
47,42,84,21.6,74.5,5.9,9.6,19.8,1.8,Strawberry
45,32,65,21.4,73.7,6.2,5.5,21.8,1.1,Strawberry
44,58,60,24.8,72.3,5.6,7.2,19.6,1.9,Strawberry
63,58,65,25.0,67.1,6.3,6.7,22.9,1.4,Strawberry
70,38,65,19.7,79.1,5.7,7.5,20.6,0.9,Strawberry
69,47,67,20.7,65.9,5.6,5.1,27.5,1.0,Strawberry
49,61,82,21.3,77.4,6.0,7.8,19.0,1.2,Strawberry
80,54,71,19.6,71.4,6.2,5.0,27.1,1.6,Strawberry
52,40,66,19.0,73.9,6.1,9.0,24.6,1.6,Strawberry
79,32,87,21.7,68.4,6.5,8.6,18.6,1.6,Strawberry
57,53,76,20.6,74.6,5.6,9.7,19.3,1.0,Strawberry
70,52,73,19.7,79.7,6.1,8.6,24.6,1.3,Strawberry
73,59,84,19.5,61.8,5.8,9.4,18.5,0.6,Strawberry
57,60,54,22.4,79.6,5.7,8.8,20.3,1.7,Strawberry
60,42,51,20.4,68.9,5.7,8.2,22.2,0.8,Strawberry
67,46,90,25.2,75.0,6.3,8.6,19.0,1.3,Strawberry
52,31,86,21.6,75.7,6.3,5.1,27.1,1.9,Strawberry
60,55,70,22.4,78.6,5.7,8.0,24.1,0.8,Strawberry
78,61,77,19.5,64.2,6.5,5.9,25.5,1.5,Strawberry
67,66,89,18.3,64.2,6.4,9.6,19.9,1.0,Strawberry
68,68,87,24.3,63.2,6.3,7.0,20.9,1.6,Strawberry
47,55,77,18.2,63.7,5.5,8.3,23.9,1.4,Strawberry
72,69,67,19.6,76.3,5.9,5.7,23.4,0.6,Strawberry
64,44,63,21.7,73.0,5.8,9.4,26.5,1.6,Strawberry
60,41,69,20.1,62.1,5.9,8.6,19.6,0.9,Strawberry
59,44,52,18.8,73.5,6.4,5.3,25.8,1.2,Strawberry
59,70,84,18.9,66.7,6.2,5.4,19.9,1.9,Strawberry
77,66,79,22.1,64.6,5.6,8.4,18.4,1.0,Strawberry
76,48,75,24.0,64.1,5.6,8.6,18.5,1.9,Strawberry
52,50,82,25.2,78.0,6.3,8.6,21.7,0.8,Strawberry
43,49,62,25.5,65.9,5.8,8.7,23.4,1.5,Strawberry
80,68,77,21.9,66.4,5.6,8.2,21.7,1.2,Strawberry
64,35,74,24.3,61.3,5.7,7.4,19.7,0.7,Strawberry
62,47,70,22.3,76.9,5.9,6.6,20.3,0.8,Strawberry
49,31,54,25.6,71.2,6.0,7.5,27.3,0.9,Strawberry
69,46,50,18.1,69.1,5.6,6.1,21.7,0.9,Strawberry
69,37,57,19.1,77.8,5.5,9.5,26.1,1.4,Strawberry
67,68,60,22.4,73.5,5.8,6.2,22.3,1.8,Strawberry
56,49,89,23.4,63.0,5.7,5.8,26.1,1.2,Strawberry
75,57,60,20.2,73.5,6.1,5.4,27.2,1.8,Strawberry
77,42,78,21.2,74.2,6.2,8.6,21.9,0.7,Strawberry
50,34,80,22.2,70.7,6.0,9.4,26.5,2.0,Strawberry
49,39,85,23.7,71.1,6.2,8.3,24.8,1.6,Strawberry
77,68,75,21.6,77.4,6.1,9.5,27.5,1.3,Strawberry
49,58,56,23.9,72.5,6.0,5.4,26.3,0.6,Strawberry
71,55,82,19.3,67.1,6.3,5.6,18.4,0.5,Strawberry
73,43,52,23.5,61.0,6.3,5.6,20.3,1.2,Strawberry
43,69,89,22.1,66.4,6.4,8.3,19.9,1.5,Strawberry
50,56,69,18.8,79.5,5.9,8.5,24.4,1.8,Strawberry
56,31,54,20.9,65.2,6.4,8.8,27.2,0.7,Strawberry
56,40,50,20.0,76.9,5.7,5.3,20.5,1.6,Strawberry
46,69,51,23.9,66.9,6.3,6.7,26.3,2.0,Strawberry
43,70,59,19.6,78.5,5.7,6.4,27.3,1.8,Strawberry
65,56,71,24.2,70.4,6.4,5.1,18.8,1.5,Strawberry
70,55,79,24.2,60.5,5.6,8.0,21.5,1.6,Strawberry
63,56,76,25.7,79.7,6.2,5.2,27.5,1.8,Strawberry
57,36,88,24.6,74.2,5.5,9.8,25.2,0.6,Strawberry
72,34,69,24.6,63.8,6.5,9.0,26.6,1.1,Strawberry
61,44,59,24.0,61.9,6.4,5.2,24.8,0.8,Strawberry
45,70,66,24.4,70.1,6.4,9.2,20.9,0.6,Strawberry
47,38,89,22.6,69.5,6.2,6.5,24.0,1.1,Strawberry
54,70,61,24.2,68.6,6.5,8.7,18.6,0.8,Strawberry
79,39,79,18.5,63.3,5.8,7.6,25.7,0.9,Strawberry
54,32,58,18.4,61.3,5.9,8.8,18.8,1.9,Strawberry
59,30,86,24.2,79.1,6.2,8.3,19.4,0.7,Strawberry
40,57,79,21.8,75.4,6.1,7.4,20.4,0.8,Strawberry
59,49,70,19.3,76.4,6.5,5.3,18.2,1.1,Strawberry
40,47,62,23.5,65.2,6.3,8.9,21.5,1.0,Strawberry
61,68,58,21.6,60.6,5.9,9.6,22.3,0.5,Strawberry
56,43,70,24.8,61.8,6.5,6.8,19.2,0.6,Strawberry
40,34,59,25.6,70.4,6.1,5.6,24.2,0.5,Strawberry
72,61,67,18.9,68.3,5.7,5.4,22.3,0.6,Strawberry
65,45,56,25.4,60.4,5.8,6.5,24.6,0.9,Strawberry
70,41,63,24.3,68.7,6.3,8.7,19.2,1.7,Strawberry
58,69,86,20.1,66.3,6.2,9.5,23.7,1.4,Strawberry
43,59,51,19.5,69.4,5.6,9.5,25.6,1.3,Strawberry
42,59,85,21.3,71.4,6.1,9.1,22.6,0.9,Strawberry
68,30,69,20.2,74.2,6.0,7.1,24.4,1.6,Strawberry
43,57,88,21.4,61.3,5.8,6.9,25.7,0.7,Strawberry
42,70,63,21.2,71.1,5.9,9.6,18.5,0.7,Strawberry
54,58,65,23.3,72.1,6.3,6.5,21.6,0.6,Strawberry
71,69,73,21.1,66.7,5.5,8.3,24.8,0.8,Strawberry
51,30,73,19.5,73.8,5.7,8.0,27.3,1.2,Strawberry
61,45,65,23.1,64.3,6.1,8.4,22.5,1.0,Strawberry
56,31,84,20.5,67.9,5.5,6.5,19.5,1.2,Strawberry
43,43,56,18.9,69.6,5.8,7.7,27.8,1.0,Strawberry
74,43,54,25.9,60.9,6.1,6.6,23.0,1.7,Strawberry
71,61,72,24.6,62.2,5.8,8.8,26.1,0.9,Strawberry
68,39,61,21.7,79.7,6.5,9.0,20.1,0.6,Strawberry
56,41,85,24.8,79.8,5.6,6.8,18.7,0.6,Strawberry
40,30,58,23.5,68.1,5.8,5.1,19.2,1.0,Strawberry
76,48,76,25.5,79.2,5.9,7.6,25.1,0.5,Strawberry
67,55,90,21.7,76.0,6.5,9.9,27.0,1.4,Strawberry
64,52,79,23.6,68.6,5.8,5.5,22.1,1.3,Strawberry
49,51,69,21.7,75.8,6.1,6.1,23.3,1.2,Strawberry
64,35,74,21.5,73.4,6.0,8.6,20.4,0.9,Strawberry
70,33,88,23.6,76.5,6.3,5.3,19.7,0.8,Strawberry
66,47,85,18.4,79.2,6.2,6.0,20.9,0.7,Strawberry
48,69,82,23.1,66.6,5.6,9.0,25.3,0.9,Strawberry
70,61,53,21.3,79.3,6.4,7.5,23.9,1.0,Strawberry
58,31,86,25.8,74.6,5.7,5.4,25.6,1.3,Strawberry
71,67,58,19.4,60.3,6.2,6.3,19.0,1.7,Strawberry
52,44,74,23.4,73.3,6.4,5.8,22.2,1.8,Strawberry
66,53,79,21.2,72.8,5.9,5.7,18.7,1.3,Strawberry
59,62,75,24.6,79.7,6.4,8.5,22.0,1.1,Strawberry
60,35,82,24.2,66.8,6.5,9.2,25.5,1.1,Strawberry
75,47,68,20.1,78.9,6.1,5.1,23.4,0.7,Strawberry
46,67,82,23.9,70.9,6.3,8.9,21.8,1.8,Strawberry
56,67,55,19.3,69.3,6.3,9.4,24.5,1.4,Strawberry
57,34,81,22.6,75.7,5.6,5.8,19.9,0.8,Strawberry
76,32,72,24.4,73.1,5.7,9.9,18.5,1.2,Strawberry
61,30,87,18.3,74.9,6.0,7.6,24.2,1.5,Strawberry
60,35,58,22.1,62.6,5.8,5.8,20.2,0.6,Strawberry
53,58,74,20.6,62.1,6.3,6.3,18.8,0.9,Strawberry
45,48,87,19.9,74.8,5.5,7.4,21.9,1.6,Strawberry
77,50,88,20.6,69.3,6.2,7.8,18.6,1.3,Strawberry
59,35,89,25.7,60.1,5.9,5.6,19.5,1.7,Strawberry
68,65,88,22.2,79.2,5.6,8.4,20.8,0.9,Strawberry
59,56,84,25.0,67.8,6.3,9.9,20.1,1.1,Strawberry
78,42,86,25.3,63.4,6.3,8.5,20.8,1.8,Strawberry
60,63,63,20.5,70.6,5.6,8.9,23.6,0.8,Strawberry
44,40,75,25.3,79.9,5.5,6.1,23.0,1.1,Strawberry
77,54,58,21.5,65.0,6.3,5.1,26.7,1.1,Strawberry
45,30,80,18.6,65.9,6.4,5.3,24.3,0.7,Strawberry
68,36,71,20.1,70.8,6.4,9.7,26.7,1.4,Strawberry
64,38,53,19.4,75.6,6.0,8.6,20.6,1.6,Strawberry
62,67,53,18.0,62.2,6.1,8.1,20.6,1.5,Strawberry
56,33,65,20.9,63.2,5.8,5.2,20.8,0.7,Strawberry
71,45,85,24.0,63.2,5.7,7.4,25.3,0.9,Strawberry
52,34,52,21.9,78.3,6.4,5.4,26.5,1.7,Strawberry
59,64,73,19.0,77.7,5.8,6.0,21.6,1.5,Strawberry
72,44,69,23.0,66.5,5.6,5.7,20.3,2.0,Strawberry
58,51,70,24.1,68.6,6.2,9.6,21.5,2.0,Strawberry
56,35,87,21.6,73.9,6.0,6.6,19.8,1.7,Strawberry
72,42,82,23.3,62.8,6.0,8.1,18.5,1.6,Strawberry
77,63,89,19.6,66.6,6.0,6.3,22.4,1.8,Strawberry
52,52,52,21.2,74.8,6.4,7.6,21.4,1.9,Strawberry
68,69,72,24.5,72.6,6.4,8.6,18.2,1.9,Strawberry
69,42,78,20.5,66.2,6.3,7.7,23.4,1.4,Strawberry
60,54,70,19.7,65.0,5.8,6.9,22.6,1.7,Strawberry
61,39,80,22.1,60.7,6.1,6.4,20.0,1.7,Strawberry
47,46,75,19.6,67.2,6.1,8.9,22.9,0.5,Strawberry
57,31,64,19.2,74.5,6.2,9.0,19.6,1.8,Strawberry
72,51,90,23.4,65.0,5.7,6.5,21.0,1.9,Strawberry
61,67,81,20.1,74.3,6.3,9.8,27.9,1.4,Strawberry
72,38,71,22.3,77.3,5.9,5.9,26.9,0.6,Strawberry
57,68,60,22.5,62.5,5.8,9.5,20.5,1.5,Strawberry
49,45,69,24.5,70.0,6.3,7.9,25.6,0.5,Strawberry
67,63,81,23.0,68.7,6.3,6.2,27.1,1.7,Strawberry
61,69,86,18.9,76.2,6.4,8.0,20.0,1.6,Strawberry
62,51,62,21.4,63.5,6.0,7.0,19.1,1.3,Strawberry
46,42,72,19.0,78.2,6.3,8.2,27.4,1.0,Strawberry
72,63,73,25.9,61.6,6.0,9.1,22.0,1.8,Strawberry
47,49,79,26.0,76.5,5.7,6.6,24.9,0.5,Strawberry
40,56,72,18.8,61.3,5.6,6.3,20.1,1.8,Strawberry
68,63,89,18.1,70.1,6.4,6.7,19.3,1.7,Strawberry
56,35,75,20.0,79.2,5.8,7.8,23.6,1.1,Strawberry
59,53,62,20.7,68.0,5.6,6.8,21.8,1.9,Strawberry
65,69,55,18.1,79.0,6.1,10.0,24.8,0.7,Strawberry
44,51,55,25.2,60.8,6.4,9.7,19.0,0.7,Strawberry
62,37,81,21.4,75.9,5.6,6.8,23.7,0.8,Strawberry
56,44,73,25.1,70.9,6.1,9.2,24.2,1.7,Strawberry
79,55,75,19.7,67.7,6.1,9.7,20.7,2.0,Strawberry
57,35,63,23.1,64.6,6.1,5.9,27.8,1.7,Strawberry
50,64,86,21.1,67.9,5.6,7.3,24.0,1.4,Strawberry
56,70,54,23.5,67.4,6.3,5.2,23.6,1.2,Strawberry
80,48,76,21.6,75.9,6.1,7.6,18.5,1.4,Strawberry
62,40,81,23.8,76.8,6.3,6.8,19.2,1.2,Strawberry
77,42,55,25.1,61.1,6.2,6.9,25.6,1.6,Strawberry
63,53,67,20.3,62.7,6.0,7.1,24.9,1.9,Strawberry
69,36,83,24.1,71.4,6.2,8.2,26.6,0.7,Strawberry
43,50,81,22.0,62.8,5.7,7.5,21.8,1.1,Strawberry
73,39,85,23.4,63.7,6.2,7.8,19.8,0.7,Strawberry
73,62,84,20.7,65.2,6.0,5.9,24.6,1.2,Strawberry
79,66,71,20.2,71.4,5.6,8.6,25.6,0.9,Strawberry
56,59,62,24.9,67.8,6.0,5.4,24.4,1.1,Strawberry
55,46,60,21.6,69.7,6.2,8.8,25.0,0.6,Strawberry
45,30,56,24.0,61.4,6.0,8.1,25.1,1.9,Strawberry
40,54,76,23.9,72.7,5.7,9.1,19.1,1.4,Strawberry
50,41,53,23.6,77.4,5.6,8.6,25.5,1.6,Strawberry
75,52,56,18.7,70.4,5.9,9.9,25.6,1.1,Strawberry
69,39,83,20.4,61.7,5.7,8.8,27.0,1.0,Strawberry
45,30,67,22.0,72.7,5.6,8.9,20.4,1.1,Strawberry
74,50,80,20.6,69.4,5.9,8.0,26.0,1.7,Strawberry
68,54,75,21.2,64.4,6.3,9.8,23.0,1.1,Strawberry
79,63,83,23.7,73.8,6.3,8.5,18.3,1.0,Strawberry
71,47,62,21.2,64.3,5.9,5.5,18.3,1.5,Strawberry
58,36,76,25.1,61.0,5.5,8.4,18.6,2.0,Strawberry
54,44,53,22.4,64.5,5.6,5.6,23.1,1.1,Strawberry
47,41,64,20.5,60.6,5.9,6.9,19.2,1.3,Strawberry
76,32,77,23.3,72.8,6.4,5.5,19.4,1.4,Strawberry
70,38,87,23.3,65.9,6.3,9.6,25.7,0.5,Strawberry
65,47,55,24.7,67.7,6.4,9.1,22.0,0.7,Strawberry
77,30,86,24.5,61.3,5.5,5.7,26.5,1.9,Strawberry
77,62,85,25.7,70.7,5.7,9.8,21.7,1.2,Strawberry
46,70,50,24.5,76.4,6.1,7.4,26.0,1.0,Strawberry
49,65,55,22.9,74.5,5.5,9.8,24.8,2.0,Strawberry
59,43,87,20.8,76.6,5.7,7.9,22.9,1.9,Strawberry
49,54,59,18.3,72.7,5.9,7.0,23.9,0.8,Strawberry
75,37,72,22.3,75.8,5.9,7.0,24.7,1.5,Strawberry
77,64,88,24.7,74.8,6.4,8.8,23.6,0.7,Strawberry
70,41,52,18.7,72.0,5.8,7.9,27.6,1.2,Strawberry
74,60,54,25.9,70.5,6.0,6.2,21.2,1.7,Strawberry
76,57,65,22.4,68.6,6.3,5.5,21.0,1.5,Strawberry
67,58,73,19.2,65.0,5.9,9.9,22.2,1.0,Strawberry
58,66,68,24.4,69.0,6.3,8.0,27.3,1.0,Strawberry
70,32,57,24.1,67.3,5.5,9.7,19.3,0.9,Strawberry
53,64,76,23.1,76.7,5.9,8.7,19.8,1.4,Strawberry
60,58,63,23.3,74.3,6.0,5.4,24.7,1.9,Strawberry
56,63,68,22.4,62.2,5.9,5.5,19.2,1.9,Strawberry
77,68,59,24.4,64.7,6.0,9.8,21.2,1.9,Strawberry
55,68,59,19.9,73.6,6.5,6.6,21.7,0.5,Strawberry
61,31,50,22.3,61.5,6.1,7.8,24.2,1.3,Strawberry
73,51,61,18.7,76.3,5.6,8.5,24.1,1.2,Strawberry
44,32,56,21.0,65.9,5.8,7.8,19.6,1.4,Strawberry
56,51,89,21.9,65.3,5.9,7.9,24.9,0.8,Strawberry
55,39,61,23.7,77.3,5.6,7.9,25.4,0.8,Strawberry
68,60,69,19.9,62.8,5.6,6.2,19.4,1.0,Strawberry
61,30,87,19.3,69.7,5.8,7.5,27.3,1.4,Strawberry
73,49,57,25.9,75.2,6.2,5.8,24.8,1.8,Strawberry
60,57,61,19.5,73.0,5.6,7.8,19.7,1.3,Strawberry
52,66,73,23.1,68.4,6.5,5.6,25.7,1.0,Strawberry
72,34,88,24.3,61.9,5.6,8.1,28.0,1.7,Strawberry
55,52,59,18.6,79.9,5.6,8.3,24.1,1.5,Strawberry
64,54,76,22.6,75.4,6.0,5.8,26.7,1.2,Strawberry
45,40,88,25.3,70.1,5.6,6.0,20.1,1.4,Strawberry
65,38,70,25.6,72.7,6.5,8.5,18.9,1.2,Strawberry
61,57,90,18.6,68.4,5.7,7.9,23.6,0.8,Strawberry
44,67,71,18.1,79.6,5.5,8.9,23.3,0.7,Strawberry
45,50,65,24.8,70.3,5.8,7.7,25.1,1.0,Strawberry
75,58,70,19.9,79.1,6.5,9.9,18.3,1.3,Strawberry
50,50,81,25.4,63.3,5.5,8.0,21.1,1.9,Strawberry
70,33,73,23.4,73.7,6.3,8.5,20.2,0.6,Strawberry
73,45,59,18.4,76.8,5.5,7.6,20.1,1.7,Strawberry
51,34,66,25.6,70.5,6.2,8.4,24.0,0.9,Strawberry
63,67,70,18.7,71.9,6.5,5.5,27.6,0.6,Strawberry
62,32,80,25.8,62.1,5.5,8.5,24.2,1.5,Strawberry
71,61,66,25.7,68.3,6.0,10.0,22.5,1.0,Strawberry
64,66,50,18.6,78.4,6.3,8.3,19.8,1.2,Strawberry
61,44,60,22.6,66.5,6.2,8.3,22.9,0.8,Strawberry
46,34,74,20.3,61.5,6.1,6.4,21.9,1.1,Strawberry
59,42,84,22.8,77.3,5.9,6.7,23.0,1.9,Strawberry
62,39,57,22.6,66.0,5.5,9.7,25.8,1.2,Strawberry
73,58,53,25.6,78.5,5.6,6.3,22.9,0.9,Strawberry
65,32,54,18.8,80.0,5.8,9.3,26.9,0.6,Strawberry
40,68,87,24.5,67.4,5.8,5.4,21.2,1.2,Strawberry
49,58,61,25.2,73.6,6.4,8.5,25.9,1.1,Strawberry
43,67,64,22.0,70.0,6.2,7.2,23.6,1.9,Strawberry
48,70,65,25.4,68.1,5.7,8.2,19.7,0.8,Strawberry
62,68,61,23.3,76.9,5.7,5.9,23.7,2.0,Strawberry
50,60,53,19.9,66.9,5.7,7.3,20.7,0.9,Strawberry
67,44,75,19.3,63.7,5.6,9.7,22.5,0.9,Strawberry
76,54,61,24.5,64.8,6.1,8.7,23.8,0.9,Strawberry
41,56,59,21.4,77.3,5.8,8.6,21.1,0.8,Strawberry
61,54,78,22.2,74.0,5.7,9.0,19.4,1.4,Strawberry
73,57,84,18.0,70.1,5.9,5.2,26.2,0.7,Strawberry
63,55,54,23.2,75.6,5.7,5.4,23.4,1.5,Strawberry
78,52,60,20.6,77.0,6.1,8.6,20.9,1.9,Strawberry
52,50,79,24.3,70.6,6.3,7.7,21.0,1.6,Strawberry
53,61,61,24.5,68.5,6.0,9.6,22.3,0.9,Strawberry
62,65,63,21.7,66.4,6.0,5.6,18.7,0.7,Strawberry
75,53,85,23.6,62.1,6.0,6.0,23.8,0.9,Strawberry
77,46,74,25.3,68.1,6.3,6.7,19.1,0.6,Strawberry
62,45,64,21.3,62.7,6.4,5.9,27.8,0.5,Strawberry
49,63,72,21.7,71.6,6.3,8.1,19.2,1.3,Strawberry
47,70,61,18.3,74.3,5.7,8.8,21.0,1.0,Strawberry
46,40,57,25.5,60.7,6.2,7.5,20.8,1.0,Strawberry
77,52,88,22.3,74.4,5.6,8.7,27.8,2.0,Strawberry
52,45,69,18.7,61.1,6.1,5.8,21.4,0.7,Strawberry
59,34,60,19.6,75.6,6.3,5.3,18.4,1.5,Strawberry
77,65,75,24.7,70.3,6.4,7.2,21.2,1.7,Strawberry
51,34,80,19.4,65.9,5.7,5.9,26.0,0.8,Strawberry
75,40,79,24.7,65.5,6.0,9.8,19.3,0.8,Strawberry
53,62,80,22.7,67.2,6.3,9.6,22.8,1.9,Strawberry
56,32,80,22.3,61.6,6.1,9.4,23.4,1.3,Strawberry
49,36,59,22.8,75.2,6.3,5.5,27.2,1.7,Strawberry
67,60,74,21.1,76.5,6.3,9.9,19.0,1.7,Strawberry
78,41,68,22.2,65.6,6.1,6.1,24.0,1.3,Strawberry
46,57,54,24.2,66.1,6.0,5.6,20.7,1.5,Strawberry
73,66,82,22.7,76.1,6.4,5.0,25.8,1.9,Strawberry
68,61,80,18.9,62.2,6.5,8.3,24.7,1.0,Strawberry
65,34,84,21.8,64.8,6.3,9.6,23.1,1.6,Strawberry
79,35,68,21.1,79.0,5.8,9.3,18.9,1.4,Strawberry
59,67,50,19.9,67.1,6.0,5.8,27.5,1.5,Strawberry
54,46,56,24.0,70.0,6.4,9.9,23.1,1.0,Strawberry
71,66,70,23.0,77.8,6.3,8.8,23.7,1.3,Strawberry
72,52,82,22.0,75.7,6.1,8.9,24.1,1.7,Strawberry
63,52,70,24.8,63.4,5.7,6.2,24.5,1.4,Strawberry
51,43,75,25.9,60.9,5.7,6.2,22.9,1.4,Strawberry
57,44,83,23.2,68.3,5.9,6.7,26.8,0.9,Strawberry
52,58,61,22.0,69.6,6.4,8.6,27.6,1.4,Strawberry
79,42,76,21.9,60.7,6.4,6.4,26.6,2.0,Strawberry
74,37,84,24.8,66.5,5.7,8.6,27.2,1.0,Strawberry
68,39,71,21.4,74.3,6.0,6.6,22.7,1.3,Strawberry
42,66,61,22.6,73.2,6.3,6.0,27.6,0.8,Strawberry
48,69,66,19.5,76.1,5.6,5.2,21.1,0.8,Strawberry
53,52,75,24.1,78.7,6.5,9.9,23.1,1.4,Strawberry
76,42,50,21.6,69.4,5.8,9.2,19.4,0.5,Strawberry
48,66,73,26.0,66.5,5.7,9.2,25.6,1.3,Strawberry
59,40,90,25.4,64.4,5.8,9.9,23.4,2.0,Strawberry
78,59,86,25.2,68.1,5.9,9.4,18.2,1.5,Strawberry
40,57,80,18.6,75.3,6.0,5.8,20.9,1.0,Strawberry
43,39,63,23.4,69.6,5.8,6.8,27.4,1.0,Strawberry
63,64,75,24.0,72.5,5.5,5.8,18.8,0.8,Strawberry
40,33,74,25.5,73.9,5.6,7.2,27.2,0.7,Strawberry
67,31,66,20.2,63.0,5.9,6.1,20.4,1.9,Strawberry
62,62,65,25.6,66.0,6.4,5.8,20.6,1.3,Strawberry
51,49,67,22.5,61.4,5.6,8.3,24.1,1.3,Strawberry
55,69,68,21.9,79.0,6.4,9.9,21.8,1.5,Strawberry
57,51,89,21.0,72.1,5.6,8.9,20.7,1.0,Strawberry
45,55,86,25.0,67.9,6.1,6.1,21.1,0.8,Strawberry
56,33,54,21.4,73.7,6.3,5.3,25.0,1.1,Strawberry
52,45,90,18.5,61.4,6.1,7.7,24.4,1.0,Strawberry
50,48,63,18.4,63.7,6.2,5.7,27.4,1.4,Strawberry
47,35,56,20.6,64.7,6.1,5.6,20.4,0.9,Strawberry
41,50,85,21.2,63.3,6.5,6.7,26.7,1.2,Strawberry
62,58,53,21.6,79.6,5.9,6.2,18.2,1.6,Strawberry
59,44,86,20.2,63.6,5.7,6.0,20.2,1.2,Strawberry
78,59,57,21.2,64.0,6.0,6.5,20.6,0.5,Strawberry
57,57,67,23.8,62.0,6.4,8.8,24.9,1.2,Strawberry
67,44,67,24.0,78.1,6.0,8.1,21.1,1.7,Strawberry
44,44,82,22.8,76.8,5.6,5.3,23.8,2.0,Strawberry
79,68,76,18.3,78.6,6.3,7.3,19.2,0.7,Strawberry
74,62,73,19.6,60.3,6.0,9.9,19.0,1.9,Strawberry
50,60,89,22.9,60.9,6.2,8.2,25.2,0.9,Strawberry
41,45,50,19.4,62.4,5.9,6.4,19.2,1.2,Strawberry
66,69,73,24.6,67.7,6.3,8.1,26.5,1.5,Strawberry
42,40,89,25.9,66.0,5.5,5.1,24.8,0.8,Strawberry
54,52,73,21.3,74.0,6.1,7.9,18.1,1.4,Strawberry
45,66,89,22.9,70.7,5.7,8.1,27.9,1.0,Strawberry
62,34,63,19.4,70.4,6.4,5.5,26.4,1.5,Strawberry
77,36,78,20.9,65.4,5.6,10.0,24.2,1.2,Strawberry
47,30,75,19.9,66.7,5.6,8.7,19.7,1.0,Strawberry
66,59,86,23.8,67.6,6.4,7.4,22.9,1.1,Strawberry
66,59,55,23.0,73.2,5.8,6.4,21.7,1.6,Strawberry
48,46,88,19.4,65.8,6.2,6.9,22.6,0.8,Strawberry
64,41,81,20.0,68.7,6.1,9.4,18.8,0.9,Strawberry
59,66,61,18.2,68.6,6.1,8.4,27.5,0.9,Strawberry
66,33,87,25.0,72.9,6.3,9.8,23.8,1.8,Strawberry
70,36,64,24.6,77.4,6.1,6.2,19.8,1.2,Strawberry
67,45,58,22.8,62.4,6.2,6.2,23.4,1.7,Strawberry
45,52,65,21.3,76.4,6.3,5.6,23.7,1.4,Strawberry
51,44,60,25.1,62.2,5.6,5.5,21.4,1.1,Strawberry
79,65,63,25.8,65.9,5.7,5.3,22.5,1.7,Strawberry
46,70,58,19.1,79.9,5.8,5.9,25.3,1.5,Strawberry
42,50,70,21.2,61.3,6.3,9.7,19.9,1.6,Strawberry
76,67,72,19.4,76.0,6.2,6.4,25.8,1.6,Strawberry
75,68,83,21.4,72.9,6.0,7.3,23.1,1.9,Strawberry
68,59,55,21.5,74.7,5.5,8.8,19.3,0.7,Strawberry
41,38,82,24.6,73.3,5.8,9.7,22.5,1.1,Strawberry
60,67,71,23.4,61.1,6.1,6.6,19.3,0.8,Strawberry
51,67,66,21.6,61.6,5.7,6.6,23.4,1.0,Strawberry
58,54,85,19.0,62.7,5.8,8.3,21.6,0.8,Strawberry
79,50,50,23.1,68.0,5.9,8.2,18.1,1.3,Strawberry
41,62,67,25.9,61.6,6.2,9.1,23.9,1.9,Strawberry
49,41,60,23.6,74.6,5.6,9.2,23.4,0.8,Strawberry
43,45,72,21.3,78.3,6.1,5.5,27.7,0.6,Strawberry
43,54,56,23.3,61.5,6.4,7.2,27.8,1.5,Strawberry
68,32,86,19.6,72.0,6.1,8.0,18.3,0.6,Strawberry
73,61,86,23.3,76.8,5.5,5.4,25.6,1.8,Strawberry
63,49,67,22.0,79.9,6.0,5.6,23.3,1.2,Strawberry
67,34,56,19.1,60.7,6.2,9.7,25.8,1.1,Strawberry
69,64,71,24.9,68.8,5.6,7.2,20.4,0.7,Strawberry
70,33,76,19.9,62.6,5.9,8.3,20.5,1.6,Strawberry
66,49,85,23.6,74.0,6.2,9.4,27.0,0.9,Strawberry
47,37,77,22.2,71.5,5.6,6.7,21.3,1.1,Strawberry
59,64,75,22.5,74.0,5.7,6.6,18.8,1.0,Strawberry
77,41,63,24.0,79.7,5.9,7.4,23.2,2.0,Strawberry
40,57,63,23.1,67.1,5.6,8.4,19.6,0.7,Strawberry
