N,P,K,temperature,humidity,ph,rainfall,label
108,59,58,25.365170607547725,89.458788648591,5.946134345653038,298.83740155258624,Rice
85,37,45,32.861119153342855,84.28598626023808,6.729158064924414,223.9152511149958,Rice
91,56,35,32.33454809946873,80.28061067243968,6.1376817945217095,249.22072758306882,Rice
80,42,53,30.56875291148331,94.67116911075786,5.469164497944448,233.99224337175758,Rice
89,54,43,25.754175042691323,81.25788556950083,6.1939122265018005,235.959660874669,Rice
116,46,50,27.92890219767729,96.02187915797525,5.032476057083478,253.78415266987002,Rice
100,54,52,29.791708723772967,80.512160221939,6.486971605832194,295.54577678648974,Rice
105,46,59,23.816310799389527,97.0010772098295,6.256733706288425,204.8316679622276,Rice
107,42,54,24.626355448379055,92.03225863023805,5.734711411510398,281.6735949088771,Rice
84,37,37,26.634817968961936,98.54461034389094,5.292473291983117,261.9346632787491,Rice
81,48,55,20.842284866349523,94.46815569800007,5.060567769995659,291.15020974297215,Rice
100,36,42,26.730234345737163,98.51075107557755,6.8938336940615175,218.8720116298646,Rice
102,54,42,26.85484134824103,99.58590955460872,6.5961242979160355,231.77084134549983,Rice
100,56,40,32.000550890685325,84.22347328119454,5.649808704979929,217.98913176158408,Rice
115,36,36,31.71434935594712,85.3390794155321,5.949376316677343,229.43072379123802,Rice
93,42,40,33.101794933650865,81.55110992395777,5.968415360777472,297.7337317228786,Rice
109,57,46,31.028679194294476,81.56341267279764,5.13111531406069,215.06805591541087,Rice
104,45,56,28.80773505602491,93.61656131087094,5.830811169260079,271.34405183631196,Rice
95,51,36,30.830856053844748,96.91301700932328,5.0623778807197946,279.04132778136375,Rice
97,43,58,25.96639592472806,92.0932508130719,6.448576461259948,222.41042647291732,Rice
88,54,60,21.768675820669106,91.84400108774396,5.479890896234287,287.65156999632126,Rice
112,53,60,32.35465064063112,82.05696707848122,5.971327610258054,274.42887812060667,Rice
118,37,50,20.760855998464184,82.62215147714807,5.193018873917563,292.45756776287,Rice
91,51,54,34.986441792956676,84.64032980453163,6.222490173253738,274.1049533788482,Rice
111,53,53,29.07175860134498,82.08004105873442,6.430002959047448,286.6207986306381,Rice
109,42,50,25.636269793061018,98.97333362706351,5.201704857445158,238.22305508668916,Rice
113,49,58,27.075242691709953,96.99068321609172,5.546879708935992,227.1074003284435,Rice
114,37,50,29.62160486603522,95.30679801574686,6.3387768830410565,255.79031698592254,Rice
118,37,46,29.130003439369013,92.40798592934989,5.930480560587476,248.31763118313233,Rice
116,39,53,33.17817841516305,87.42235474061233,6.820319818952925,272.6932655813148,Rice
83,42,39,22.121270082208994,93.48265273678581,6.684591571562903,231.17419831485506,Rice
88,50,56,24.253226406953065,82.79201268067592,6.699459748586065,238.48248178506321,Rice
103,55,56,20.201840905584316,89.97607083080638,5.742563839120386,225.50613270152962,Rice
84,48,55,26.958407402646646,97.7233429041199,5.099087482772533,243.98819694075476,Rice
106,50,57,34.34160765211588,82.84993599599977,6.4053269095090055,238.9709709195495,Rice
113,54,48,22.791471624240764,83.11825267372176,5.239795434664705,285.7304207607168,Rice
80,60,43,24.65449740036639,89.17416468333808,6.541856424582248,201.89901607684016,Rice
86,56,56,25.57746555387029,97.63171140429597,6.895685502537547,275.1614444778485,Rice
116,51,47,22.146540332865825,89.14815942351179,6.046867451772625,206.04519046328352,Rice
112,37,43,28.849752463044034,87.10346204362853,5.060668296918394,285.2127046325188,Rice
89,42,37,27.26542391899433,99.9599494304808,5.7796171216106575,216.11133260564392,Rice
108,36,42,27.173096172807455,90.18128148970851,5.320796187586681,284.9902212039917,Rice
88,53,50,22.6636517670381,99.9224545552125,5.643143700550128,248.40997885463997,Rice
114,46,54,31.124616691544702,80.41057501702622,6.828791582274511,274.2620608048835,Rice
106,43,50,21.101834667298757,94.3069334259618,6.948222664952135,268.32017574788154,Rice
100,55,60,29.048997101158307,85.17422015615996,6.600783254737699,263.0656031426743,Rice
100,42,49,23.830514615707564,95.57500111096876,6.302673211348873,207.349627285146,Rice
114,48,45,29.771089693056794,99.88342660980248,6.059919873314115,280.4994144118635,Rice
101,40,39,34.45509008414602,89.75366859875103,6.147579120691878,284.82595325922466,Rice
95,36,36,25.845012147841963,83.27494380370199,5.113639228781906,295.72117047098493,Rice
114,45,46,34.204455093384496,95.68468721856945,6.544029839979203,229.10740412613777,Rice
104,40,55,24.462548636688574,97.4142155659959,6.3587104490905215,217.2722383074417,Rice
113,41,39,26.024417027032086,82.94983827648366,6.271399378505154,273.8355330596925,Rice
110,48,57,28.039969326872907,88.89892037971619,6.678785035795098,246.47245425141045,Rice
94,59,45,30.26896973551989,92.41685118256297,5.0839932248449164,297.42045322845775,Rice
108,47,48,31.095341610026644,85.43989497661454,6.1262385791393354,236.53872309782554,Rice
111,55,53,34.55997257219912,96.57160336840289,6.195083149975871,297.4692193674414,Rice
99,54,39,31.621118522294132,93.96125941634695,6.2454123972761595,211.90172151412756,Rice
111,58,58,29.308479218427102,83.03969760608382,5.792232841365241,279.9636879987358,Rice
117,58,44,29.805742336208848,87.17476114049006,5.123188450654627,244.3623863560145,Rice
120,36,40,20.01537056879003,80.47203959403893,6.753575080928848,259.06635002209805,Rice
91,58,53,30.699266773201508,97.57500295025352,6.302592415966431,247.18793895260495,Rice
103,42,56,33.97864163090601,94.05482825399612,5.803509131572655,289.81118242574087,Rice
120,50,41,32.02468084995492,94.5315863027159,5.039829032363051,219.26116831067313,Rice
104,39,35,32.73038108576253,83.37076267316918,5.809473129213076,253.60467631067255,Rice
90,40,56,20.31847566913074,92.71682032793933,5.947928712872249,247.90663377649145,Rice
116,59,58,22.511199805149815,86.9746729950882,5.085662136458405,240.08697126584502,Rice
96,56,49,29.066226013971978,99.78680049113696,5.0543732579748335,248.66947172663134,Rice
88,44,37,32.34958418295158,98.07477035722965,5.90569153497454,289.45687427784827,Rice
120,41,36,30.086469427098535,92.24203194839876,6.452172189761237,274.7335369715192,Rice
111,43,53,23.71500780504296,93.97617000156188,5.168317410080354,269.00120645980996,Rice
100,40,37,33.6967883275526,83.5044261997438,5.072011253026839,279.1742481640879,Rice
113,44,38,32.17010413297423,89.82136949591974,6.2546080089609,275.53028069437823,Rice
84,52,53,29.930084861770776,97.39462063445738,6.604714746453725,278.0889070377872,Rice
103,46,51,24.559296708345997,81.21075908442108,6.160530401127132,274.866753879671,Rice
115,53,38,28.9929291525994,91.88539232060373,5.101421921880657,253.04414488731163,Rice
89,45,43,23.334418860577685,98.01796006467481,6.998324716473432,230.43523532553758,Rice
109,44,44,21.63067801715179,99.95533922635326,5.776917105715237,240.20183841499488,Rice
119,54,60,29.799905372474633,90.9759899823046,5.696849506420566,288.47657037069325,Rice
118,55,41,34.97961255203599,86.74839493971263,6.6097290732029395,267.2983841072501,Rice
87,60,58,21.862425777582295,99.71926671785258,6.157585560904464,269.52691703794113,Rice
95,48,36,30.79244470249528,88.70589232082341,6.37812046883877,234.46193984443255,Rice
107,52,51,23.742195379626086,82.63320293297524,6.994340406249748,287.0939213578869,Rice
111,60,50,31.959540675957257,90.8042787994991,5.255679930372609,251.43306740334083,Rice
84,41,53,33.94752570162916,89.8354653174153,5.634882688195983,241.861782645218,Rice
102,48,52,26.71754612573682,85.42894572208127,5.884850736511051,262.8674740510126,Rice
91,38,45,22.774826551008818,96.16731336798584,6.5290403062058004,255.70119475359417,Rice
100,48,50,22.259519324286966,90.71782690178992,6.766158227979227,298.97852936190594,Rice
114,58,36,31.65439608817441,89.06889593518468,5.243689650745468,225.34843337505237,Rice
110,58,54,25.048090972864898,91.28590982863449,6.8135804536853595,293.8109107215107,Rice
84,54,52,29.677733243453538,86.21799737124832,6.480971343578435,272.52788470427765,Rice
89,46,51,25.864990173534686,81.3154599368908,6.867758760028025,242.37710368037253,Rice
112,56,41,28.591817461360147,98.4545012050795,5.78271943615141,216.12621657283492,Rice
86,56,46,22.12725187030763,83.78522250006151,5.796165004870901,255.01088645769397,Rice
86,56,35,28.36347916281793,97.15747097115195,5.989035926506678,206.19148917520815,Rice
103,45,42,29.862647707839955,81.97857511947379,6.483889030274764,229.5111943369225,Rice
104,40,50,20.456050596085753,84.40574832271382,5.2483636944270735,205.43330898888027,Rice
94,35,36,30.563903170408125,90.07834754192437,5.400195201576882,241.77069586207406,Rice
118,57,46,26.700576227028495,97.43890322692491,6.88178069090121,215.6895023033178,Rice
120,40,37,33.19556866466684,89.73940539563779,6.779383000470856,244.13288122024335,Rice
105,50,44,23.03212932383353,81.67008304885178,6.523575037707239,233.27444734234146,Rice
120,45,54,29.18468741689228,83.27631394078854,6.016056699561638,274.1581774643256,Rice
105,57,58,31.178243818714073,82.53327657134392,5.544989589315419,244.9032085034044,Rice
83,59,53,28.393236599413054,97.61110491093945,5.187837390229054,292.77084382453455,Rice
120,48,53,24.757743995144754,83.71889626636805,5.367164691951972,264.1056216296202,Rice
114,43,60,25.81471497415442,96.32540342494553,5.6657169464782715,270.0851822834811,Rice
117,58,60,28.195991662101726,86.60822404994063,5.913522483593992,214.11599607314017,Rice
80,53,40,31.578101807053663,87.09788500097005,5.66097093874841,285.9967310572906,Rice
101,43,42,23.845247702940178,85.66916342869213,6.789613451460159,200.5095871703089,Rice
85,45,58,23.21617704611932,80.32464554032639,6.463356267208021,269.95229418203377,Rice
118,52,53,25.615512330354797,98.82358459253882,5.68447221265339,280.6290527865163,Rice
97,47,37,26.736552807475732,93.10975107166722,5.069259799621328,281.6962787445717,Rice
101,51,45,32.52261034760245,93.87395712222389,6.232903572753551,241.7693327530652,Rice
89,45,40,30.67508920308635,81.55562025820433,5.856922183110656,271.4614644207875,Rice
113,55,39,23.658526875351896,94.68326689759658,6.630093506463189,253.15067060613418,Rice
111,46,39,26.7030657310449,84.51212123426546,6.516339292829886,277.44174972537604,Rice
114,50,38,28.83930769338173,82.53462462533403,6.713122671255701,208.07723499878256,Rice
103,56,48,21.677754817813582,92.98942302463925,5.039907334754239,219.09223128702186,Rice
119,49,58,25.628082727578224,81.72208601344558,5.5747985540024345,271.65891674552086,Rice
95,37,57,28.558149429120068,93.41960600483226,6.932557507106694,282.2470848884923,Rice
116,42,35,34.55678613727189,82.69281663638522,6.040957332604735,255.09855980503838,Rice
89,43,45,21.73740653832248,96.38097518937928,6.408015291318598,254.46113783322744,Rice
88,42,41,23.620545047931657,99.40859323452639,5.54594599466358,290.14981692694283,Rice
97,47,56,22.91518582799817,81.28221519715426,6.857002316352502,227.330535987437,Rice
118,37,44,20.078178386615324,94.23841226782206,6.321928443890059,273.67898618706704,Rice
115,52,43,31.599821078615026,93.7582179362403,5.924107016800065,201.0518333798968,Rice
96,39,43,32.043513878579795,93.80574906917023,6.12885124290972,229.7262975184984,Rice
119,42,36,26.604022101720126,99.86267790399312,5.869424773242579,268.80896301921587,Rice
96,46,38,32.62237576171249,96.70334466105787,5.591396718942519,214.66359766494762,Rice
101,59,39,22.823260766870174,85.73597378841501,6.7075492080453545,292.16793646854654,Rice
115,47,42,28.90485720855634,86.22207083411988,6.561388768057267,249.8233898647104,Rice
108,52,39,34.572507475006624,97.65444026797097,6.008680672525872,213.86228430053745,Rice
120,50,60,33.09834717979672,97.4583317866748,6.6372160284069,230.48466946041037,Rice
89,45,53,21.722053660946905,86.6045011850341,6.092526416425384,298.45215152559354,Rice
116,59,48,25.633965884368397,86.30144920773888,6.2003816594407395,288.9946704059764,Rice
85,36,60,22.40865340401104,95.4359662369712,6.198312761987603,212.51688386971426,Rice
110,35,45,23.13541294040194,89.348598091444,6.432733750201994,257.90948292882905,Rice
109,38,56,33.897793129207344,80.26305797880953,5.640522912172522,237.3311827394108,Rice
85,37,49,29.969240856955036,98.09996356427969,5.519773665379687,216.42024458420678,Rice
119,50,57,34.29265585878707,90.5742942119997,6.737961246711745,294.710814212059,Rice
108,54,56,21.505979947528143,93.79357477060908,5.961498011225295,261.35779736553314,Rice
115,42,54,30.138045947078517,88.26822471177265,6.80866094353474,208.13451307085492,Rice
97,38,45,20.451181008177464,87.04685761663774,5.658698912712779,273.3479060649108,Rice
91,57,50,27.178165349308177,97.01473318991498,5.660959851093978,242.33642442435794,Rice
115,51,47,30.451770156033653,86.66638915444317,5.807454594693675,288.1052260656578,Rice
82,40,43,30.24306770144398,94.86022003581789,5.748859930155476,245.09431898769748,Rice
99,42,37,21.887420168364454,93.41453609796291,6.748423719570316,281.54418310866674,Rice
116,50,57,26.188799984964756,86.5452941320748,5.275971463794484,270.9880233311659,Rice
83,53,39,30.02881039630646,96.31018413841508,5.093226548562726,278.0712523860891,Rice
83,58,37,23.27298530775565,87.0725479139189,6.752882224439469,211.66064497009847,Rice
87,53,51,21.81825450040768,82.44948963396456,5.1466140078279485,216.73257031463484,Rice
92,50,37,24.16688443499319,80.57653871414979,5.457405937423625,254.4743224317589,Rice
118,43,35,24.498851792757534,90.1933378486753,5.4213477371651555,201.50319085333422,Rice
83,50,50,23.212795100098035,82.72832829043662,5.25211757058517,281.8809148244909,Rice
106,43,58,25.299725826107892,94.34122194980807,5.115753394645148,234.52366070041074,Rice
101,58,49,33.55063121292908,84.556338791711,6.236615289335368,220.87591127591946,Rice
120,48,41,22.64014057184275,86.89517910708035,6.258518838752756,218.15419099943617,Rice
106,39,52,33.23699530373654,92.84821965096255,5.175462527919011,258.4098780852832,Rice
108,39,35,25.98006798439978,81.62723110091656,5.861682014503892,274.28295587961424,Rice
89,48,42,28.281233066806948,97.77997806609129,6.413433018868348,292.424486961915,Rice
112,45,48,32.00328753443383,99.65015286324898,5.703722112462883,229.31462074424957,Rice
80,48,57,30.49245872411705,86.07577229872794,6.04399246511013,209.5069996505622,Rice
113,39,45,30.544551270555573,85.01341073841999,5.522386805013953,284.8639001854632,Rice
106,53,56,31.08443863183401,96.9884660564733,5.644217001358928,282.5120422914525,Rice
113,49,39,29.655658391814477,92.61227815999916,6.88355621970835,238.17576404537812,Rice
116,53,58,24.48829524108487,87.18909432344046,5.4205730233821585,244.03151369553723,Rice
97,48,38,20.714979581504352,83.80370428704275,5.9257583823440205,298.53828113471366,Rice
96,36,59,22.399331196602013,90.8170042406842,5.012769068826114,296.8412710336162,Rice
87,60,55,20.273775264411125,98.33084250991004,5.277346940753941,245.99575109279436,Rice
84,44,46,25.206302989012784,96.68969001631673,6.644428950083958,238.20952507719397,Rice
115,50,51,25.072782862751065,96.66022517592654,5.901857259823565,295.87462705138415,Rice
112,48,38,34.36398609277042,93.72295924640143,6.015187099616259,283.2503033654592,Rice
111,39,37,32.96721603169718,80.24380483834706,6.66155637110964,274.49787544537907,Rice
116,49,41,32.116801622992206,88.84967559541386,6.998919542957736,220.91175033881765,Rice
98,60,35,25.947038558792528,94.11828856236222,5.570913335748603,238.78033882536295,Rice
111,44,46,34.247498568954725,97.76208639778848,6.50382321618992,217.94341365155714,Rice
98,48,52,31.149686156323213,91.51865685098107,6.443915156216082,225.83552620626952,Rice
86,43,45,32.00487797652939,92.8959506095515,6.572219835532113,270.48479384660754,Rice
107,44,56,26.308931042656894,96.7680906516049,6.74524871780633,250.8165254051955,Rice
112,53,57,32.504889475563076,80.96045497857084,5.463297015895843,263.32300594496155,Rice
89,44,48,28.17614492520527,91.79556381307177,6.645125211054877,297.4793336467712,Rice
103,40,43,31.115830770873778,89.36245200099813,5.150962656728169,251.5799417508353,Rice
88,46,50,28.427202784771822,87.97140010622638,5.830777465034329,286.20496549635953,Rice
106,41,43,34.151532621532525,82.18743459601724,6.533970711651194,298.86087673433036,Rice
113,52,57,28.868188250968323,84.20630002947642,5.503850950828588,238.17438877666063,Rice
104,51,37,32.07286935742905,87.70393042324123,6.7160830330041,259.56150449408983,Rice
110,44,39,34.21618296916044,89.53396851038968,5.589967336590607,206.97790743272472,Rice
95,54,43,24.867669242123352,91.13173657479354,6.055771643607665,213.910804745688,Rice
95,46,45,25.918421943205107,88.68306275925633,6.724636604864875,274.0164033336398,Rice
85,45,35,23.183009012149043,93.4532004707051,6.068997797104098,222.49193270605875,Rice
100,48,49,27.498346663482934,80.56484413245342,6.336378276460058,268.62778714906443,Rice
116,46,44,34.820850375050426,86.03761966097463,5.045895706785932,238.97318429645745,Rice
109,39,41,29.786080655818658,80.65514567692122,5.616965057251853,220.67155031163477,Rice
111,44,48,22.7457697367203,90.92714519864595,6.627278864212252,289.34210573843995,Rice
84,55,58,29.99332310917844,80.15969793942146,5.0419495797236085,290.4642059249023,Rice
86,58,55,32.34733626901194,94.91413818262137,5.217981274172553,249.99276863053052,Rice
112,37,41,29.487898629607145,80.1842261223759,5.0351827316201,287.35584700443445,Rice
107,44,40,22.001035570246284,94.65277403112154,5.061742034079892,228.0578153955618,Rice
95,56,46,34.788294659306565,84.77219180200937,6.142083216868442,279.69015219379025,Rice
109,55,45,27.833320312232882,81.39044188273974,5.488316855441691,206.79034077624888,Rice
111,47,52,22.291386136691848,97.29027453263093,5.229879952469192,207.12031279240577,Rice
104,48,50,21.448238232745588,97.09903739537486,5.562162715332409,298.5104499446708,Rice
106,42,57,33.58413548317337,82.02220405899634,6.754416309302625,295.2596586465588,Rice
115,40,44,30.550077763613025,91.17345491144954,6.169423391520159,208.8600968126745,Rice
99,46,46,33.89134418715403,92.30789288618637,5.3730859556040675,220.2040756232945,Rice
82,57,40,21.680942427584895,88.19949828736384,5.198272541395267,283.97745153455935,Rice
80,35,42,24.229408898659468,98.79406901000299,5.521333118199964,292.6592275721236,Rice
88,38,42,24.06929891908365,86.63460549788891,5.4177487363361045,286.24466389227337,Rice
84,43,52,32.01218274756513,92.2410113481618,5.826784221499784,244.15376360690414,Rice
89,54,44,29.1677881070928,92.10165467390432,5.68055086827135,237.85537938946513,Rice
114,48,51,29.180727021035338,80.41382216709553,5.517330095660969,292.54889068909745,Rice
113,41,54,24.983710179576203,82.79731345455293,6.720202468128712,297.0066975491678,Rice
84,47,56,28.033750839895617,92.59407500770789,5.732337310229337,217.57224606163732,Rice
108,59,57,33.87441573166795,91.73754299064089,6.132867325150067,243.46720436270684,Rice
85,45,47,21.296509308389147,86.83332086414723,5.058772728984093,209.4836519264539,Rice
102,40,35,24.35011325870378,95.90067020885795,5.590563319171055,201.3456103027419,Rice
100,48,57,24.748005482576147,84.08810274140039,5.30088884400399,287.9450768249666,Rice
108,50,36,27.00060569914534,95.9670069516525,5.535928606348581,248.3325824312937,Rice
101,46,39,24.22415651257139,83.4864933266003,5.27123136388609,218.68676303492566,Rice
105,45,42,31.038620947578266,82.67663082233679,5.1031142249962285,276.02182570893234,Rice
95,37,40,32.86770710044215,98.75141449983708,6.756387264280311,247.12137436189545,Rice
96,46,43,30.09636403307738,98.35933623345947,5.755302474596053,246.6721968876847,Rice
107,37,40,28.187052411629086,89.8867287709528,5.697286655763806,210.95373996951838,Rice
106,48,55,32.31052881476762,98.80834915133299,6.124397910870728,256.72394206582715,Rice
112,58,43,34.37818051334345,91.85210042064841,5.502380006761229,283.452433993908,Rice
117,59,49,32.54771689931851,92.73988615723341,5.761681907967819,265.4352168947556,Rice
85,54,41,21.297404238641562,88.97635652913519,6.596040953455477,231.1335263654735,Rice
104,54,37,25.952754347000287,93.77782075223726,6.666230816374846,252.44368809576076,Rice
100,35,43,24.946859892284003,93.6853281689356,5.7759150481506785,279.5916887889222,Rice
103,52,43,25.29877373341867,93.78547181640005,6.350261037770332,265.83591504555045,Rice
88,35,47,27.6007678464829,84.20423198465723,5.563340832342278,261.9451277808516,Rice
87,45,48,34.790646795590675,98.89452113183353,6.227149632948198,252.564630649856,Rice
107,53,48,28.155773824498674,91.54381512431868,6.655779941042034,226.65278866471732,Rice
88,39,45,31.269765304929386,83.84807254222413,5.865603113047709,290.5939129226554,Rice
96,49,41,24.256478061191515,88.32026323723514,6.3273404829759565,218.63519220150152,Rice
100,57,49,24.98033018793327,94.95247813284311,5.3611628988440225,210.12399785609702,Rice
89,55,45,27.970489096714218,99.1450208395488,5.802587647657526,235.72603683034822,Rice
80,47,53,23.325616560475208,83.76307118916051,5.806309222861799,229.3126923933685,Rice
114,51,47,24.517273957983743,90.28574825014582,5.138674121697619,220.00771750781993,Rice
98,58,46,23.425368832629502,97.82349999757872,6.424841336354858,269.2928179981964,Rice
105,47,55,30.876614342119566,98.20695723611901,6.0201083176838015,212.98646190506713,Rice
118,37,44,23.98748266468362,99.09174652998419,6.64120600036239,271.8065266738261,Rice
105,55,39,26.87480033451616,85.71761281696091,5.791786263639633,289.2657085751519,Rice
116,36,46,28.56698473906762,93.72833757097354,5.846307233199083,299.30893618758705,Rice
114,35,45,28.086587151878454,92.13525900729773,6.197325375177578,247.5847210240676,Rice
114,45,38,28.08689395573736,97.3293413755568,6.708630087461562,219.1630694817635,Rice
84,36,50,26.964572783461165,81.63866040514077,5.4471461269776835,248.18703766677842,Rice
112,58,56,21.647777330321865,96.28150960649289,5.9766923201926465,202.93751837936495,Rice
112,37,56,28.542546424201348,83.60497599214179,6.924021076467551,285.89015182045625,Rice
109,54,59,30.45272778795973,90.02126447452362,5.190747275427668,210.36277262773777,Rice
86,52,46,28.716895549981793,98.46792104269522,6.7624901783701,257.1487760651289,Rice
80,39,42,27.53501857046561,81.90152673628951,6.508258969551987,239.904963161055,Rice
89,43,51,23.6546573606108,85.17593845868058,6.8511409409562205,204.92622286531105,Rice
80,37,60,30.985901757499594,99.4784690913584,6.579052701651154,229.19953399423807,Rice
93,48,43,21.8292983069847,93.56557692555103,5.2885672464854405,215.89331053612108,Rice
105,50,50,21.281546125326795,96.24325960299456,6.206816048127254,264.30131749754673,Rice
102,58,57,21.607129423836646,82.5376283784964,6.575093297047452,299.32904182649315,Rice
99,42,39,21.43264511255075,94.83208599662775,6.565606436664972,256.9988941963347,Rice
114,47,49,23.94652012350649,80.19290921837404,5.007064890519655,261.921531573695,Rice
111,51,52,25.588558599803747,92.47662778368291,5.444801187799949,296.78333592646095,Rice
117,54,50,20.764032630788876,86.66953805079905,6.277043516378731,252.85955400758792,Rice
118,37,52,29.938871216286003,84.08003587360407,5.273913405332357,259.0821405538692,Rice
115,51,40,29.89791153764055,91.27313402684119,6.47236237649962,254.12227400741378,Rice
95,45,52,30.171244356863,83.27572725890967,6.2755482169349275,286.0022840752584,Rice
112,40,51,27.61661977833576,94.32952917448549,6.876346903812559,284.4750425669789,Rice
94,40,44,26.947548308220032,95.05547190674466,6.093694808782023,212.03783946799103,Rice
90,43,36,22.01696456122137,96.69183223352405,5.790494188646502,214.95923413465476,Rice
84,45,41,26.724931999435594,96.1663897197565,6.645687211274993,256.2544451220572,Rice
103,52,39,31.350221625206075,81.2191162718499,5.69510881925809,294.17482598608433,Rice
90,46,43,31.53478471064038,86.27232955242978,5.904646560493747,220.06137529189175,Rice
106,51,42,24.058370811613273,80.88447052608977,6.7643285961575215,244.67540972108958,Rice
119,52,58,23.24950534161563,86.19625853901351,6.931173935768869,252.04433464979948,Rice
100,47,42,30.322224746269157,82.05132591526905,5.125639722268444,233.45788281502922,Rice
119,46,56,26.58465286767327,94.85354477665948,5.775293036585094,254.69394432331868,Rice
109,48,38,22.925490088012147,92.07275406126368,6.318355267826348,249.49498346965157,Rice
105,45,39,30.090002393220107,91.7437738212435,5.429567051374397,207.8845981058978,Rice
115,42,44,31.211028493375466,99.01375174298772,6.775337166645471,285.18540987652955,Rice
100,53,52,34.831968433354746,87.69334979742246,6.950236903549929,200.79458515734163,Rice
120,60,38,33.0460284278045,81.0962183753902,5.64493492723328,281.873924480669,Rice
117,38,46,25.067429431616887,84.21469859467672,5.676247708370491,285.8528435245995,Rice
108,58,48,24.30535276541863,84.45489741769656,6.294145400237842,221.46286003726064,Rice
85,41,57,32.328419855882544,81.19233271520879,6.825132850968005,233.93555064756234,Rice
88,48,60,31.17436831068682,83.89224707515909,6.19884324644813,285.1100298017384,Rice
90,54,42,32.259915123326486,95.02931074632674,6.621603489958755,297.0091151046109,Rice
97,48,48,34.16867474304451,90.01256233155001,6.537548633253993,213.99386335636734,Rice
100,43,58,32.403822046757355,94.53021823429776,5.156665522276571,289.1409115681059,Rice
86,37,43,29.440685804157816,94.94510419964368,5.313324745285598,240.98295390071152,Rice
94,52,39,31.646436136598552,84.25657525570496,6.9220415857375555,253.35674213067156,Rice
96,35,49,33.527251090440764,96.54441687238284,6.803818395895599,222.884216434732,Rice
84,41,55,25.77430478817815,86.98040248208625,5.938648549528088,231.26990761017151,Rice
120,50,57,27.940411352680158,91.8132709308045,6.456837764655788,202.0131861688104,Rice
86,56,35,32.109202659447064,94.05004056695526,6.301830871397008,280.4259512878851,Rice
114,60,45,20.22965317330395,85.41514909959398,5.175910922400447,201.48597887236303,Rice
92,56,49,32.02967232310962,98.49795625655851,5.673380901031042,250.60889062138693,Rice
87,35,37,30.992038537172235,88.36853725212409,6.339471615096566,227.64839324484848,Rice
98,45,58,32.07382674724941,86.93452061816747,6.287716628637166,218.50954938276493,Rice
96,55,55,23.00789120027456,95.95307977218667,6.898514678991425,269.76325652724165,Rice
94,41,55,23.227688166674515,86.30015039363781,6.107242297213362,211.5053197422534,Rice
91,41,56,26.670008281450823,98.40342593761743,6.266425968736222,293.38939220841655,Rice
118,56,45,32.01030107628864,93.81021784677839,5.247745405752122,205.4874282317955,Rice
116,46,52,34.95137010564961,98.38497112844412,5.391546442697505,214.09648043147408,Rice
91,47,44,23.559066066746535,86.46796160235772,5.573865029141349,221.95615647239038,Rice
107,50,58,31.270532297550673,86.76578119935839,6.24789266285789,267.472056720811,Rice
84,45,41,34.99284841615729,81.57964412927211,5.208076778923591,210.76259404005756,Rice
94,35,46,20.978316243579233,83.3463228351725,5.0603749122646615,297.8443892463637,Rice
92,53,57,32.924673832258826,86.99042342402842,6.412424846003768,273.2330332689796,Rice
97,35,59,20.533652627770223,95.28410120613592,5.529329886272269,279.6299365665046,Rice
116,56,48,28.764600430931353,81.82390810100694,6.880398187947176,243.1671610835466,Rice
117,59,46,31.119831405368604,93.52353691796034,5.811470946858734,295.06460551856577,Rice
114,48,58,26.332511604586923,81.38452378728789,5.135928311427512,287.8303186675274,Rice
120,50,52,30.075405279314722,97.6712515622272,6.227435228726741,298.9290384580934,Rice
119,40,38,30.215552318116224,92.62897184979751,5.866220339067331,296.06126375499065,Rice
120,46,60,32.856470207539545,85.84875410933398,5.924816522998033,227.048250760266,Rice
112,52,38,34.8772934002481,97.51010515044607,6.012200477059329,240.96826668271544,Rice
96,54,53,32.487725105801346,82.25248308429077,6.089809750875758,250.6307450067738,Rice
96,45,60,33.09696549787139,88.17425623414167,6.548716659595992,258.1809511984665,Rice
99,37,35,23.07602024990828,83.31764412770575,5.468690731963034,222.14419306691548,Rice
81,45,50,27.989878885363254,95.81351114091471,5.382410627654268,205.89656957588457,Rice
99,60,37,32.33296876135744,85.93138340569894,5.609899250950791,251.37384300683243,Rice
104,41,42,29.047197003672096,86.86153722360824,6.119118375190444,226.25858419754724,Rice
94,47,37,33.310043103084794,95.931265430058,6.264801608043371,279.70676088807727,Rice
84,59,36,31.575628903148335,83.08642300849911,6.439988662397325,280.51122496931555,Rice
97,59,45,32.59685341537252,81.83286040239655,5.738939228960444,285.0713512044254,Rice
81,50,60,32.78864673675714,85.29011672585261,6.927495010828783,216.40105859206312,Rice
95,43,54,26.079735075557696,85.84651946085593,6.035153686002878,214.46832819926334,Rice
98,42,40,34.59513836547861,84.10779005823527,5.598075253557521,200.34982271367087,Rice
105,38,44,24.51578272043022,86.3719000244408,5.735709775659549,231.75675759615945,Rice
106,44,36,33.22907611690002,97.59312061036456,5.389434919305599,225.01837787644402,Rice
85,54,56,24.557649592712533,80.10378732253642,5.647944360515339,204.64698792357882,Rice
113,47,41,26.316377903663092,99.34858316945589,5.290023876711224,239.13647668731292,Rice
98,41,56,28.808353932748567,90.18178280274344,5.068682293976245,249.38633861244102,Rice
100,40,39,26.06227693246864,87.85043019712305,5.749803561742874,221.00256353995445,Rice
120,58,37,30.306859162481715,80.6186057118048,5.664833419538985,203.1295129142444,Rice
99,51,48,30.93689317723572,96.05295286133423,5.674984910997182,297.9099784108969,Rice
111,42,60,24.96226414254394,99.37434759353904,6.662058490440915,298.8721018257053,Rice
114,38,42,30.58908215973549,90.1967384098793,5.960957963318986,267.9782990299544,Rice
86,58,54,29.278317058759146,93.79940644381523,5.239476458061009,288.92585134758247,Rice
109,56,49,21.144346356790255,89.43330840013093,6.082825152930416,207.07974486856045,Rice
101,60,55,27.07239818886302,94.92065681470105,5.550346645105025,213.14089963871191,Rice
101,50,40,24.084537342516136,84.80056134291858,5.724197334057698,240.5862990050026,Rice
113,38,37,31.791269648741004,86.87829012174488,6.250008335941068,255.1025095447876,Rice
81,49,49,25.088737637930013,93.24065937841921,5.650426446717031,220.53020842739502,Rice
114,55,41,31.380669038128566,82.72185141905645,5.81616797087521,232.82886910703797,Rice
104,55,57,21.69233376898544,96.4486404501967,6.2077986690486,227.8217216963999,Rice
80,57,44,24.760797625649488,88.17524683547846,5.307503153707179,280.0200354040537,Rice
111,43,56,33.58947006877362,82.30036135757524,6.366318136288754,279.40152945921324,Rice
94,36,37,31.366976905081373,91.50622767943777,6.612763113793003,296.5422463051576,Rice
100,36,42,20.19479218409302,94.43930070966996,5.259105670107784,273.0859421546826,Rice
115,46,41,21.575537507712717,90.2354811405527,6.759789459232836,249.75744881595972,Rice
103,48,39,21.55236206167921,94.6145624038825,5.929823520687584,216.28388643277358,Rice
90,42,45,25.008043770073627,80.03522426479417,5.374239378487507,294.95322529815735,Rice
96,54,59,28.471959098570807,99.27507475930354,6.691422088190366,237.83439228705151,Rice
87,35,50,34.57893295595895,92.29643060043969,5.95616711501453,252.49271862108452,Rice
117,44,47,23.6718988117708,85.23100447849818,5.032611141730594,266.923622482065,Rice
81,50,52,22.99715331337882,85.285275285524,6.558912805585525,233.38377500415956,Rice
110,42,45,22.034460320689753,80.74274509867472,6.201367888070994,262.9696667696651,Rice
90,52,43,25.368712292081106,80.82306574076217,6.697743756965606,221.41828428704446,Rice
104,57,38,30.189541037248304,90.44754963536687,5.667892050130127,264.07629136674956,Rice
116,55,54,33.340834192966284,89.59464607259756,5.15728050524456,251.7006178314747,Rice
96,53,57,30.277744150260958,85.00656095860052,5.67928174943609,230.7823063042638,Rice
120,45,44,25.151241879578873,81.86581523130215,6.852807020677927,219.24113010464006,Rice
112,39,58,31.765506561630048,97.06314369866699,6.438925014455193,209.02675156110897,Rice
104,50,55,33.38198309668551,96.02382392809315,5.977053779351045,221.85848698665203,Rice
118,48,54,33.260701859170695,97.936469682729,6.219302481975165,214.82549626228047,Rice
103,46,41,25.554147067009012,94.57419393694704,6.5590612591730535,224.77583790770439,Rice
81,53,49,33.73905428697006,89.82709227092361,6.007264092483282,207.8422716402091,Rice
118,43,39,25.766811460160557,91.20221876152547,5.133127333797056,256.3315103445627,Rice
111,56,56,29.696905197755772,82.88019012224636,5.0543131310331155,287.16581999340247,Rice
103,42,58,31.3124928676461,81.43558124506528,6.932316059493605,236.85212978661897,Rice
105,60,44,21.04781019419159,81.74349544913714,5.482606875046095,238.92645850814728,Rice
110,50,48,26.27819698561825,99.97577135324192,5.98875568211068,208.6594596113931,Rice
93,56,46,27.158628831551912,94.41142142431863,6.626183994660461,260.67865990659766,Rice
115,50,46,20.334620319038617,92.69832501395634,5.316584728551498,289.73465764052304,Rice
119,52,55,26.244349385567688,96.88728581307953,5.131123674606351,212.17751800239677,Rice
82,48,37,32.887054572103885,91.44217900512999,5.977513388289619,282.66642518667976,Rice
107,44,37,20.65717734296001,97.4928520231888,6.519515429068784,263.46172362996697,Rice
105,37,46,27.109553351443576,97.23921778182208,5.219191679860203,290.8439453331438,Rice
96,48,49,24.464878831434483,97.10138647192376,6.559692508941164,282.2510066405265,Rice
89,59,35,26.753451433128326,85.1133037771415,5.488824134987258,299.8395919193091,Rice
85,44,59,27.36505447090582,82.99562128072407,5.631404007476553,251.64625752881835,Rice
84,52,45,30.449540323877066,92.50743025623856,6.339250777484876,243.26944984127812,Rice
102,54,42,32.28935796305249,97.28900187065476,5.824811415748158,233.0870792017842,Rice
101,50,46,30.90963156673145,81.59316207224228,5.351474476739676,223.56804888808418,Rice
113,44,36,32.9955267226605,95.9467271856142,5.4075972824651934,239.50459654253834,Rice
80,54,58,34.62136739510218,93.97724195891772,6.398505801665261,231.3547448842981,Rice
97,39,54,20.86914222223405,88.33324080159844,5.923328332357612,261.3457954660952,Rice
118,45,46,21.36925875305782,84.32473650013239,5.772384735934462,205.30679540412655,Rice
99,48,48,34.04443020073226,81.13217437944488,6.4464967151442725,237.24500113599535,Rice
84,57,44,23.694708799945495,86.24209935009539,6.215833128739653,295.0146617788861,Rice
87,45,49,23.826276509110414,98.6534575620097,5.8466342482240234,266.0692573663901,Rice
103,49,58,32.45295270516055,90.49977714840684,6.018543712021297,258.8753103118526,Rice
120,45,38,33.12368245527891,88.302294391723,6.457277300898062,232.4283168174876,Rice
118,48,49,28.208026000650225,81.60148952647363,6.954055118962792,266.7983910263258,Rice
106,60,57,20.810590869019343,95.28435103282882,6.088127567705411,224.64811892661862,Rice
94,38,54,34.32822533522862,84.86100002118437,6.811914944491411,270.7158877965407,Rice
89,49,36,22.26368735218862,82.86918455935923,6.340036978395146,212.57598664028808,Rice
118,42,35,26.638392101846673,82.63086293989409,6.368215984727189,293.74306919628526,Rice
91,58,53,26.43396052733658,82.34414635175541,5.0703635513204475,252.5049448757157,Rice
91,39,36,29.42455797933241,87.6440208299316,5.749888213110497,248.94765026697763,Rice
85,56,35,22.279743413081516,96.9285778890709,5.949718143066483,249.71227224049923,Rice
93,53,46,22.91700456612353,98.7532186109338,6.627589404501716,258.3335917530498,Rice
119,56,47,22.48738154097217,82.07527324235338,5.158759310993602,266.91359195062455,Rice
115,37,52,32.35359163901863,83.24740383521899,6.57745319662097,214.92345990956468,Rice
88,50,54,26.074021890395876,95.38633550019621,5.887701855457757,281.7744765666751,Rice
120,37,45,25.2333466943957,86.72777593217891,6.027933715673424,241.87916396359432,Rice
104,46,49,31.2144923595566,95.79586499157068,6.531946419503901,292.1761352568259,Rice
85,42,58,28.94353165587581,93.7390696697269,6.306110522327246,203.72918365905366,Rice
82,45,53,22.908759555135113,96.77587316601429,5.862066886232853,225.6320233076211,Rice
112,44,60,25.720511468284307,90.33283192515196,6.4436640933132034,204.37902415270096,Rice
82,54,58,24.547163403365975,85.75783227365281,6.977890344496512,239.456020373045,Rice
104,60,58,23.713539437357433,98.6401110868383,5.285170195552918,273.31698965510896,Rice
80,35,53,25.28478944237493,97.19183905507508,6.944418403046287,284.85801199570574,Rice
97,44,39,34.832857359328145,81.70333219551097,5.307810010358571,224.1065808739894,Rice
106,43,46,32.8990404735735,86.45418445037329,5.754972220724387,206.0127555748965,Rice
108,37,38,27.994526458678514,81.13208005489524,6.588746274068559,229.74469019898117,Rice
86,55,55,29.642198659057172,91.36734264014805,5.384201442674755,237.38521781535687,Rice
110,55,43,31.860364322501475,98.06083483753343,5.729115401892465,263.1329689347567,Rice
88,53,53,28.60525655889711,82.17673324324095,6.102495507371447,281.2991376486118,Rice
102,39,60,24.730986500316828,99.68020956151746,5.632956125845528,223.94758093179425,Rice
96,35,47,33.05699755061026,92.05485132978887,5.202492098323766,248.8280729999436,Rice
92,59,43,29.17810548975501,82.33655268459462,6.958777927228955,232.57918081862192,Rice
92,49,55,34.40508738153855,88.84257926348404,5.636919607495968,257.3976485621627,Rice
119,36,56,24.20901504671588,92.25842361901674,5.1267308967274685,256.64825335999154,Rice
98,40,59,32.99771218225389,87.809159314358,6.37936515105519,246.68301888374685,Rice
91,38,46,28.422030159890223,93.34713877640547,5.797305570847224,214.50830719211055,Rice
110,45,53,23.62771590376049,89.95693099425235,5.66234076532842,251.42952253040983,Rice
81,35,52,27.603102961472437,92.66640120414637,5.7444697497800945,213.3919410173869,Rice
119,40,46,30.329931826397658,89.30502037450816,5.280854143958701,264.0030169346338,Rice
90,39,43,20.43650221441299,85.84793351840692,6.3966981180367934,268.8638579368191,Rice
94,45,56,28.2741586383812,81.62151909304096,5.037071427362287,233.59356489827164,Rice
89,45,39,28.5863602765955,97.6417831603981,5.685089225330429,238.12716582668423,Rice
120,49,37,28.08693411402961,94.38831353837956,6.444653665931321,231.80006337699106,Rice
115,44,36,32.17893606054235,95.11179390116708,5.567636114468633,268.6895276580559,Rice
94,55,46,20.245254049055927,98.09339970540276,5.0830628853758535,271.58646851927887,Rice
82,38,41,28.085272274359887,93.64368940290538,6.495002213655096,200.84075707489163,Rice
99,56,42,20.9568470486013,93.11390464667879,6.451241035989952,245.9053483148117,Rice
93,37,41,32.80682116998601,90.02737211341453,5.48059796354848,285.63070703217045,Rice
82,36,53,33.98588985204078,96.96182696999331,5.735445884991574,232.89310939320694,Rice
90,37,57,33.649693971662934,94.41076595824553,6.857636149144485,236.99099519866692,Rice
85,58,57,29.58453338825396,98.33570008697548,5.300935433683534,239.66316052313962,Rice
119,43,47,33.457852547850024,85.78426211844952,5.658646436532955,297.15121388804954,Rice
81,57,45,29.724671778878253,83.07530827794707,6.449404651930078,259.4495168333531,Rice
101,41,48,24.703886298016403,81.06645955089952,5.680084683774565,277.51592919529327,Rice
114,46,60,29.371722872479566,83.35702339387103,6.221676424296463,258.00270114637914,Rice
107,47,37,30.739644402259724,99.00526563916223,6.044973781610936,268.55878649721217,Rice
116,40,37,29.126711984654577,99.98921596211639,6.937676489721334,220.36092213787447,Rice
96,43,51,22.083386036643866,92.89817811025004,5.534190171158019,229.3772732777637,Rice
102,57,58,29.93872394424453,92.11483013753394,5.185804780251475,268.95743971557505,Rice
100,58,58,23.656667103287713,80.21029800868266,6.950514594436496,261.27524658890275,Rice
93,37,38,26.630143807292356,95.01538196657253,5.140314479741495,272.11244165192244,Rice
82,55,51,34.65939550478214,93.13148224827813,6.151375313773846,223.0827132535377,Rice
110,47,41,22.21262109906996,80.13633281097239,5.131834881746682,293.94781344433926,Rice
116,39,55,33.44441520680803,95.7885419014715,5.0176792671644925,291.41452539549533,Rice
95,55,38,23.953010088800045,80.40602774182108,5.274765247818821,221.58233618982607,Rice
81,41,46,25.827125483642018,94.0806749950942,6.40042726527539,215.3163281332353,Rice
105,37,59,25.543529456049942,95.75339967044098,5.959802023889877,284.35791124925595,Rice
82,42,46,24.162013477424345,98.18845149611505,5.662977443358552,260.6328652729801,Rice
110,53,44,33.55088028598958,96.66349610900977,5.5934326123135865,271.10219084183154,Rice
120,54,56,26.934675074000467,82.24135480272561,6.331648451676386,202.9472017524794,Rice
97,35,59,22.730945323040093,85.7540016137007,6.84760612951014,294.1415580381814,Rice
81,44,41,27.780319420249626,84.93842207545934,6.937494113497618,202.1462714950436,Rice
97,42,46,29.487796450173413,90.76875397997746,5.373935772648217,230.25273923164488,Rice
88,35,52,32.940086842546066,98.8539053457713,5.856816882102059,219.7306226937252,Rice
98,42,48,30.72191132138753,88.72726194988113,5.933318131469604,293.80071814531203,Rice
103,43,43,34.52550110060776,99.65212690746698,6.484924452832235,202.4810809681444,Rice
85,45,47,22.782197848473047,99.59858268393921,6.857598228891687,257.5110187043818,Rice
83,58,53,22.690128201619565,86.25344550899429,6.564358367997686,251.9499622067347,Rice
109,36,46,34.69378701746557,87.8547748188501,6.722749846611558,284.97458491250075,Rice
99,47,56,25.295516426751792,89.19201251585181,6.397965042617981,229.49875786691945,Rice
112,56,46,29.824809309433626,85.41720285788215,6.36703389855842,205.92507180680124,Rice
107,60,60,24.495351284703403,81.09052258660454,5.871779131778151,203.80750992629103,Rice
94,53,40,24.440920909738335,82.47832453823266,5.611973767295012,274.0380908652603,Rice
104,53,43,25.673774011449996,91.54281312563961,5.305140269848566,218.5090670247809,Rice
104,41,36,25.904746638944548,96.70540672574245,6.497452863735286,288.2239201015342,Rice
105,56,52,23.170872083451354,85.57618061469756,5.045728227181546,272.14635361598624,Rice
107,58,38,22.27612050890666,80.3188590896726,6.658065968229703,249.2679198154463,Rice
114,58,40,22.8712197360869,90.70402616906793,5.623864259051166,262.29348220520933,Rice
119,40,55,34.47488453426756,95.76959118476205,6.425334169891238,218.93256443531968,Rice
84,45,35,30.360976954308065,99.36937562987785,6.734325476913589,222.33333343324892,Rice
108,42,52,23.440526616753512,96.788681237256,6.7501943975595164,286.7341278780275,Rice
105,35,46,27.890185843619506,87.79008752035921,5.509186829225634,286.76619540447126,Rice
119,45,59,24.365271330071412,99.06356931208596,6.194862933603614,221.9520837520853,Rice
104,53,56,32.959946232032685,98.86049276088096,5.570588046669498,235.40421039811565,Rice
97,56,59,32.15900642832525,92.99814193157799,6.287386046920768,210.62959521154735,Rice
114,43,48,22.763216341769024,82.72000479728369,5.346895309307334,277.08354901610085,Rice
110,36,57,27.239160013767837,84.79740520783363,6.97535787089286,205.82883708559027,Rice
106,57,35,21.001174229008516,81.0507201765327,5.797378668681489,276.22784673570254,Rice
115,47,35,30.818873099843863,81.07603101664336,6.3203772242945035,241.58213717418604,Rice
110,50,41,20.233072285500207,99.72971968536632,6.994006682651784,214.26538174421137,Rice
80,57,41,22.46936132729463,88.65351702129395,5.7984912938642506,268.5159661214379,Rice
95,56,45,25.408091662668085,97.62979939634286,6.067654080640517,276.4695106270918,Rice
110,58,51,30.26122592944591,85.74693478837919,6.742099988429002,287.8944653321326,Rice
107,52,50,31.015159810508052,84.93548993727063,6.912688872852298,219.32037462814046,Rice
110,48,51,21.302772642512707,89.89503835529909,5.81533539281722,233.69793663740572,Rice
119,54,53,20.027050889487374,98.4515709347793,5.020906493513854,244.30777825856566,Rice
92,50,38,34.825449291615236,84.4699778630866,5.653423668420536,210.36078195487357,Rice
97,60,47,27.028881703924757,82.06172089114308,6.109004889830808,292.0371371215509,Rice
116,45,47,34.75948743401226,96.70797392591862,6.385951432675492,254.15008934289233,Rice
86,44,38,26.370434796811704,81.26555919137299,6.578462890322804,217.243964322465,Rice
83,35,49,22.632941965317027,89.62869522759418,6.418857702881408,246.71834704941443,Rice
62,44,50,16.330719035947876,49.469447966674636,6.86638366165552,92.57496072138561,Wheat
76,30,49,19.75099363767223,59.9370355229043,7.084883025826712,75.10775084138217,Wheat
63,33,31,23.271441243050695,52.31420113575622,7.421314206838342,52.56287715783042,Wheat
80,50,32,24.174739702441173,54.928872317193004,7.0652155642350465,66.42275779323924,Wheat
87,46,39,20.225906111675034,45.47554937051328,7.013630565414957,84.51217832546145,Wheat
60,46,30,24.88552001819992,59.255514929397464,7.29963153913577,79.02514076376508,Wheat
93,31,37,16.08980505847958,52.833382976298076,7.194858525269204,86.59986046259687,Wheat
89,32,47,24.125949031151578,53.103258722001485,6.144912891995902,65.81582285825205,Wheat
67,50,47,21.595344726643297,56.693989821664424,6.010231242828269,96.41294570714555,Wheat
76,32,36,20.00986745700078,48.7070720600565,6.905935142654046,91.57279528991785,Wheat
87,46,49,17.782412288237875,57.029033847786955,6.522876848586241,80.37567920416411,Wheat
98,43,40,18.07332602909948,51.471735785706024,6.802980102811813,93.69795271579282,Wheat
82,36,32,23.78270344794545,42.69089621864037,6.906575394793974,53.91576395348884,Wheat
90,30,40,18.816793934029352,56.16954368825388,6.4148596259822686,78.69093372515334,Wheat
68,40,49,24.765191904651303,53.98059936894435,6.308030834686221,87.20631284011475,Wheat
75,32,38,24.584980685656625,52.02998489639593,6.162941445983432,69.81310808514475,Wheat
86,32,43,18.442724510341368,50.0486808562054,7.467311156488519,53.36150372099139,Wheat
68,43,38,21.841324193024096,44.82017890100005,6.908528063832213,55.5819686242413,Wheat
95,38,49,17.476035904000828,53.67195668923215,6.790433793885457,85.18386802072311,Wheat
61,36,46,20.737350856944516,47.27981802890986,7.248949224888544,52.188459286843795,Wheat
92,49,37,16.55728190599196,52.42105054192893,6.336214187248942,85.22938157557687,Wheat
80,39,33,17.98368194743221,43.43385941966035,6.392561252669497,50.91174081371512,Wheat
96,39,45,22.30857203562105,48.20554830247918,7.407541742578463,50.59610888459656,Wheat
95,49,46,19.621557787612815,59.056375916078935,6.088093419680635,52.88156371511804,Wheat
85,35,43,20.9605798940678,45.944465265717454,6.419279799975901,58.53103063150523,Wheat
63,34,34,23.65489862479282,56.503419545298115,6.260099453124571,69.63053209538549,Wheat
100,31,45,22.101890624167368,42.34505708851943,7.413547827997189,88.26733274556034,Wheat
92,47,32,23.000031682718344,49.855520303781574,6.643866561189064,80.23885050549637,Wheat
80,37,41,16.36774777156937,50.1253590735077,7.33571193859214,74.8290856592619,Wheat
81,31,42,21.22507230677347,56.8805695239559,6.915851088168645,94.86810592428229,Wheat
99,35,45,20.021445062094315,59.33715020374186,6.710782079486586,81.17123979207022,Wheat
67,42,38,22.370374242954654,40.1618075133679,6.026968897460884,64.79911526964801,Wheat
78,47,34,18.393129125208482,45.947597971254524,7.265687218039878,75.17956158485683,Wheat
63,32,42,16.291208058615013,49.034111852828275,6.147354776531246,70.85121315066544,Wheat
74,35,44,19.429796740073677,43.94223685276775,7.14546952484875,67.04007367765014,Wheat
74,49,46,19.75735969669058,59.130297163122314,7.172496437976077,86.85333217871718,Wheat
67,40,48,22.108258663811885,58.687241895640085,6.81213798348762,79.92031641616089,Wheat
71,37,34,19.592335278368687,54.020786775106906,7.22036113598384,90.04089403704594,Wheat
99,42,46,24.820899340311037,59.22817423410406,6.313615100757893,86.8265771941995,Wheat
83,48,42,22.28465627281406,57.40810819882888,6.877095833316326,64.83662328356141,Wheat
83,39,48,24.601039515411895,56.74545335427218,6.119196649934797,69.79603325965111,Wheat
74,50,31,15.642521790891807,53.03888322949812,7.194303447760333,58.07314256891852,Wheat
96,32,41,19.491115613682258,54.14258509548323,6.850754194983288,69.98137345180601,Wheat
82,35,32,17.835448200535012,49.08993293464284,7.080676309693192,67.76622106455592,Wheat
88,48,31,15.94926610015024,57.34029194739965,6.1513094652298035,57.41997553763234,Wheat
69,50,43,16.292215641764123,43.43024909212581,6.921476204222581,90.95767036223464,Wheat
61,50,49,18.746042729736114,45.45960157559894,6.957058235117256,74.40674617206123,Wheat
67,48,37,18.305135012016194,49.23765656398307,6.777016086655603,82.90597981670567,Wheat
95,50,44,20.638752923584974,48.36859768845314,7.4690724628919645,95.39417565594232,Wheat
73,33,35,23.824123908015245,44.153252339469745,7.449732848929303,72.33874363066124,Wheat
92,48,43,21.94272314365221,40.5540397060853,6.690510464454535,69.85411677258053,Wheat
72,39,43,21.993122302541757,42.90502033792709,6.37206501515347,66.12143261764548,Wheat
80,37,46,17.06984334607549,54.30976431655202,6.203782490185077,61.76044045406159,Wheat
86,49,35,15.899568517435327,42.741027028728965,7.157752523557511,57.25218791464802,Wheat
89,36,30,21.626779090390436,51.70993054362114,6.880642633690361,60.81679352376765,Wheat
99,31,48,23.019256154266223,54.91133523610998,6.2389164760201705,63.90816365190241,Wheat
73,31,33,21.183890353008998,48.517009158464575,6.77013935877855,69.34784313145396,Wheat
81,36,42,20.13236601560465,54.772154024000535,7.127819102350021,80.4491186629499,Wheat
69,48,33,19.56306863355671,53.23024874765606,6.0410515987570825,57.225150607091265,Wheat
98,44,44,20.789285356581416,48.87757908088811,6.6955235604018535,68.4130406027837,Wheat
97,49,39,19.51315046458786,55.46940542977182,6.03073757629724,58.150434823029826,Wheat
76,47,42,24.093870218717743,41.119833351219086,6.323722720917694,56.39951162505578,Wheat
95,36,33,18.1097750207144,49.10301507558397,6.054255025406714,52.13785072443237,Wheat
76,43,33,15.80969715239769,43.12247355508971,6.1890796823563985,98.64204537805605,Wheat
66,49,31,24.16223706658286,40.327540508133026,6.129055894170685,68.38540178775648,Wheat
62,37,39,24.386091464928118,43.36572896559663,6.904141642593618,72.85695638592205,Wheat
84,32,45,18.069905490974108,54.886541051054785,6.691208325909561,77.9006820064223,Wheat
91,47,33,23.74411139724486,49.059067829662126,6.093441523220765,64.04819728131494,Wheat
72,44,34,18.935094753214916,41.200584308361414,6.120523370696607,77.43447183000038,Wheat
83,47,38,15.961871638801014,47.40492349170766,7.046007230060495,74.69494882340754,Wheat
83,48,34,23.627971348858242,47.43972187508826,6.940930383453807,61.537065943128525,Wheat
80,33,47,18.806301328167464,48.79322177380524,6.971383138506943,52.200058223752194,Wheat
61,49,34,24.02190595095454,52.47015573193731,6.935440796261734,52.27160621343002,Wheat
100,32,35,17.10376969309854,57.01936438103975,6.912141999209368,78.04518332882151,Wheat
77,47,34,22.26511719075193,52.48368682678381,6.735065235275016,59.96261625688149,Wheat
75,50,49,15.647942671086518,45.3014349701878,7.142343996475725,63.140361810998385,Wheat
69,42,38,15.070404066386601,41.44205585907882,6.191397729891557,62.6198814288674,Wheat
94,33,35,23.375527657644906,42.54731511388166,6.991976456481622,65.27073096983723,Wheat
92,36,44,23.097332302802485,40.04240227458501,6.095805909876487,93.61484968102178,Wheat
74,49,44,21.606227841935553,41.60557331201352,7.210755178779877,89.87426897115293,Wheat
77,38,32,19.935751194077064,48.65037718022633,7.159376055024735,55.48424753018436,Wheat
90,34,43,19.8410627723816,43.39786249440171,7.0735394299993,62.43691163849803,Wheat
91,44,30,19.513696913148266,42.463266462342766,6.3422090833940326,79.22626496988218,Wheat
65,50,44,19.538161777887183,48.52537091626119,6.841317347395645,51.507529015924675,Wheat
79,33,31,20.97449410158326,44.80902076591749,6.045445961279914,75.67489878518899,Wheat
95,32,44,16.06623779729664,48.38683761416183,6.166019255479322,67.63514786166937,Wheat
67,31,37,23.512965554974404,40.27066806675242,7.341423646156321,87.99650897745148,Wheat
61,46,38,21.431610372135676,51.904184866802375,6.568483045010192,88.19223949761297,Wheat
60,48,39,15.195675670258781,53.1832409564222,6.598530697590434,52.9214882130825,Wheat
85,44,30,20.400190177175016,46.523851936433964,6.522433647163042,55.4317731653957,Wheat
65,50,37,20.58550624457711,40.59443455945822,7.050038817262132,66.8410728937123,Wheat
65,42,50,22.973913676519274,54.719172302612144,6.572096205596929,75.61774405883682,Wheat
79,41,34,20.0286081787769,44.65554349809971,6.344184364115362,66.792781370785,Wheat
98,33,50,19.14482541667788,40.69914571041209,7.0705076245120075,51.75359230287274,Wheat
70,41,30,19.88141456162189,50.768161566535625,6.779032393405724,60.5995085984591,Wheat
62,40,38,16.892616340763624,48.81277402325648,6.71109671517875,87.68634793950494,Wheat
95,41,42,21.83558961954372,54.224185022753744,7.41877217891513,75.48618486488529,Wheat
78,32,32,18.029685277245278,49.90421465591304,6.465121867913256,64.02191364882852,Wheat
61,44,32,22.880547270251242,45.86227250433197,6.891614811244053,79.89339378553606,Wheat
76,49,31,24.82199067775856,40.859232596216,6.686638822855587,81.10060772604886,Wheat
93,49,46,19.218984998798483,51.02134950147973,6.105996686952033,70.82866752812384,Wheat
100,33,31,22.82845269517827,42.09665187792669,6.271983372413144,88.54061777315641,Wheat
70,36,47,19.126517105957014,47.520978443954945,7.292092585513185,85.41305178093887,Wheat
78,33,42,18.24034192549734,44.832358868762,7.078911309730142,68.87996173184536,Wheat
94,45,44,19.3584190356714,44.985134788989185,6.7975984099742135,55.53415227328151,Wheat
64,48,42,21.474297502801626,57.15468264644249,6.459486270167371,79.39401837065152,Wheat
75,48,31,17.141959711182288,57.03476786065452,6.055294252322525,95.46940191033892,Wheat
78,37,43,17.844281578181366,47.635228155321656,6.658376876847498,51.4927331845876,Wheat
99,44,44,21.991905300658253,56.41040512239299,7.010058437564534,57.078037408616815,Wheat
62,33,46,20.99169361745174,58.857930773910105,6.141264191432552,98.33597114600506,Wheat
90,30,34,21.873023161336253,50.104634956632886,6.8553397623744,97.32098621416293,Wheat
77,46,40,20.931893190568402,57.011483787114415,6.006968203297252,80.8341166373759,Wheat
64,37,37,23.204380301975515,59.25072897930859,7.24302358258933,76.28130275156803,Wheat
97,30,41,17.428090650916644,45.58508447152241,6.807541770837624,51.57296110203086,Wheat
61,31,37,21.26240359931657,51.38724918163591,6.3530736723210754,66.03061774186506,Wheat
63,38,40,24.55657323646411,44.46283073442286,7.068286722123669,97.95696517398143,Wheat
80,41,48,16.810713339858456,50.504155830479704,7.407789688741532,52.02705155131684,Wheat
87,41,41,22.13323273505869,42.031639466219815,6.17641231416881,84.00007806286501,Wheat
93,44,40,22.638581833188486,43.946178850714695,6.6347093850613374,73.10849004452004,Wheat
61,49,37,21.25530094259086,51.20881634393897,6.417257486079791,88.82199234130223,Wheat
76,36,38,21.023589435349628,45.62181690454924,6.047161174700583,74.55572272245632,Wheat
63,41,30,16.91078336660132,50.06615298399417,6.081056479283463,99.480507347866,Wheat
70,41,32,21.55261216664222,50.25362915717241,6.694345686650964,75.14897293681157,Wheat
60,38,39,22.84880095239957,57.68874341836774,6.443992155310737,64.91588219033592,Wheat
77,49,47,17.716350657285737,59.84599519189645,6.165599339732254,66.58871647379749,Wheat
66,45,45,15.593237888726819,49.96977075549812,7.114162424728194,71.68193574930066,Wheat
71,48,32,18.05367019033826,57.468196131929005,6.139182535322015,57.55990333779037,Wheat
69,37,42,15.501307617811502,46.21903348975983,6.260593383082485,82.32757551996974,Wheat
97,49,49,20.123628955990178,48.247885122378946,6.294301374065531,78.48125241190012,Wheat
77,47,32,23.375373416636897,58.045434743349034,7.046568617948624,88.065149493055,Wheat
82,41,37,23.017280532629243,49.383842963166245,6.861657280173548,54.48396609905334,Wheat
93,44,43,24.832569676115703,53.11841986337855,6.050422159019756,84.9582878490686,Wheat
70,38,49,20.419300560341057,40.674865451637366,6.480414754758665,60.90853094254531,Wheat
65,44,37,16.514435769952325,52.144285605470685,7.369470570362191,73.32426937332107,Wheat
79,47,39,24.654450861812535,40.845727966279064,6.809655845705947,52.314780097489056,Wheat
78,34,47,16.25341767390133,49.826415057567985,6.269049765368453,65.98934178724734,Wheat
62,42,49,23.883731726388728,53.18859265968298,6.370706127244001,52.73039651606031,Wheat
79,44,47,16.848768127804238,49.29037738917196,6.625013329433304,55.867682983659485,Wheat
62,48,42,24.604622172270805,41.78440059254004,6.6565010420088395,71.55271994232484,Wheat
73,40,31,18.794460586765883,59.94168091622948,7.176604436997195,84.66394326375047,Wheat
88,43,48,16.346482233940772,49.65590695458944,7.305914163982311,79.5804623409042,Wheat
96,39,30,21.5975421464236,55.49669887295277,7.310213130974923,69.27823996831901,Wheat
89,38,31,15.110980109962796,52.930771776382294,6.913590530647645,54.21793561847709,Wheat
74,34,49,15.63007218618639,49.60486512360216,6.141980237605351,93.02133185011593,Wheat
62,47,39,24.693987623616557,52.62759548320952,7.184569728411283,67.57912938587148,Wheat
71,45,35,21.26322776602853,43.488311972598176,7.361777610737691,76.10790053620093,Wheat
63,37,36,16.64595985756041,55.87976885932767,6.029457474252467,73.03657643406908,Wheat
100,41,37,22.918815878609088,50.96953896747846,6.498652038127543,99.41976270304284,Wheat
70,32,46,20.687974062578338,53.80274640737924,6.326596896737094,51.77941998614972,Wheat
100,47,38,22.318657136399764,43.23577298132052,6.324695098007345,62.466527508261635,Wheat
79,40,35,23.562173258663258,53.34277684315367,6.88029860007875,97.73403541294945,Wheat
67,30,37,21.25008987818447,48.7548115658436,7.321963880629683,70.48013221606286,Wheat
98,49,45,18.37139097197822,51.71672419574682,6.1549532963190945,63.43392876266711,Wheat
67,50,35,19.019465720032052,51.38378812088217,6.340786716179429,53.15435254721345,Wheat
86,37,43,18.653312494961526,47.83527559403422,7.439029269142219,70.0907202519021,Wheat
68,38,43,19.176111238620557,44.518193723543334,6.904437217303966,75.59276601069628,Wheat
80,44,30,19.612269600016422,53.247126898581065,6.349530134583932,83.65060615175346,Wheat
64,33,48,23.752088242459024,49.011668943733454,6.557989716341134,76.77183414515763,Wheat
90,46,49,23.073161067545556,53.91017948509117,6.254016769625786,92.02342006208043,Wheat
83,48,39,20.29982632688553,56.00020810044469,6.633366599963591,53.91200425020335,Wheat
73,45,45,22.97848656400631,45.421334505399145,7.283971593810215,99.74465506249825,Wheat
70,45,41,18.91990168749059,47.775915400307,6.715947681263118,96.83194103406848,Wheat
66,44,41,17.318661716973423,45.060750387644724,6.974907732356019,72.69555679771615,Wheat
63,38,41,16.440366037550902,58.174138086141596,6.942115114811882,80.96047859442533,Wheat
66,31,35,23.951689344414053,55.402462685780314,6.289887046102814,89.61953235934595,Wheat
62,34,32,22.419463269277706,42.87324100156291,7.294526954044435,61.574328202092325,Wheat
63,45,32,20.138950269120492,48.56895501622572,7.22460567554161,53.16641152221988,Wheat
73,30,40,19.14210379796988,48.289531357333466,6.761815571381284,92.10662461744187,Wheat
69,37,37,21.617754618475182,46.62868798086795,6.851310547221776,81.69528748445194,Wheat
80,40,36,15.917366276599324,43.23473210234896,6.738919811795431,58.728330270309584,Wheat
72,39,42,23.57694509690929,55.549691115322574,7.34743036074419,70.6451603127555,Wheat
70,44,44,18.49827744392408,45.07870394072583,6.767708732276357,63.4750165809035,Wheat
77,48,49,16.088733937844896,52.25424850747329,6.762505004117443,97.61294911915834,Wheat
88,43,34,24.66588217814313,58.1403808596266,6.573822180704929,68.56552590469123,Wheat
64,39,37,17.229522699452513,49.94010982342296,6.826320004229965,62.483517944599555,Wheat
99,50,35,16.712672472385236,55.822255200962,6.431149261420425,79.8212355462307,Wheat
76,36,43,24.28621415768216,50.26112600559121,6.763994287955046,87.74583778183921,Wheat
80,44,37,17.175571028333156,41.46890103968063,7.471967804063526,50.82022995436867,Wheat
88,35,42,17.150628531003058,45.542096515008836,7.214082711153505,62.42820413273435,Wheat
78,49,49,24.80777903829143,43.096942069651256,6.793694339138078,55.6385105377697,Wheat
73,49,43,16.797101238198753,49.62062415631236,6.6159083926552675,75.08515173733247,Wheat
91,42,43,19.80220757035219,56.60549048494785,6.232559721132685,65.35066054406137,Wheat
71,32,30,16.574044393282687,58.960930070011386,6.08615711961689,55.1428562807972,Wheat
78,35,50,24.24129290738314,51.18655611610974,6.682503890586667,99.94555572142092,Wheat
97,50,32,24.373797283673373,49.628734544114764,6.776220689410191,99.98285716860488,Wheat
75,47,42,16.29255315839462,57.294596040217684,6.0630734190653754,71.54922765248253,Wheat
88,50,39,22.899838690895024,59.153698151008555,7.496634290715921,79.01044534053818,Wheat
73,32,46,19.619677644476145,51.56128378378173,7.045652663414035,94.2460508929521,Wheat
61,35,36,24.534559167553386,58.87443741077012,7.1258121427893295,52.638723865461046,Wheat
90,35,38,21.7023698603929,41.86032538433087,6.237034250085348,86.24904780665409,Wheat
91,34,31,18.194043472212673,42.965880933975,7.438710084202706,55.586108762280745,Wheat
72,38,36,23.33482771242237,45.05298179442609,7.013261033066061,92.25247285079595,Wheat
93,42,41,18.503326391008983,41.75840458506508,7.000677660441763,73.38987197729257,Wheat
76,35,39,20.835903271090277,45.58107072008766,6.721867908044129,94.14380329348089,Wheat
74,44,44,23.431584780122712,56.90261023522221,6.482089390370851,50.35581184620193,Wheat
82,35,39,22.586824573057086,45.84151489847107,6.674905087161649,50.074290663584634,Wheat
79,45,48,21.042156121903005,41.802714408616964,7.348874411882948,78.75002216861347,Wheat
85,47,37,18.784924920285754,57.09972089031572,6.022956600176574,86.12583730740646,Wheat
79,38,33,24.666728100127656,46.599070059176796,7.1825170173869655,82.57756388827156,Wheat
60,43,34,17.090495519981484,51.761265561440595,7.281611982810458,77.61965751086761,Wheat
88,41,36,22.174698540453605,41.755450794529665,6.756461443634219,61.915350279573104,Wheat
88,40,48,20.668336181332762,53.73548883864752,7.416137400860339,84.70853362881428,Wheat
93,49,36,15.841780092916672,52.73079608359257,7.223952241305803,65.93040072726183,Wheat
74,40,46,16.694714866806525,42.12261620886301,7.425830114873635,65.52653227515171,Wheat
93,31,36,21.388722227200887,47.26470559757001,7.471400846752392,95.78076838117425,Wheat
75,40,49,20.030542537568984,48.83054574250997,7.196585783133848,78.15830762529475,Wheat
75,50,47,16.902356883127023,58.69225000132816,6.164250547752035,66.74125920324357,Wheat
63,38,46,24.065633207122424,57.75405109286038,6.6820756976550815,60.45661812892645,Wheat
73,47,47,17.27923667315653,44.26621736764992,7.375619589828216,96.74651413709404,Wheat
100,45,43,20.71737952589633,47.63442745205009,6.274807052573015,89.24450894417816,Wheat
97,46,48,22.18727233348453,43.957041961036765,7.09547932631798,63.56578558389587,Wheat
82,47,37,19.283889303258388,47.483161325606844,6.987152434410031,70.86663731290972,Wheat
74,40,50,22.595446920444502,51.24801735380606,6.9343696832186055,83.70974091141701,Wheat
73,32,30,20.236329006724294,54.03794303826285,6.764237019319363,74.8407164433491,Wheat
61,36,37,16.22204476951987,59.124974103822126,6.907007295620102,82.0660206843711,Wheat
61,33,40,21.720342883965767,44.74442056962257,7.02129617902129,93.71982757214198,Wheat
92,48,48,19.303297756401896,40.11530076618001,6.3520900108325655,93.72158331704256,Wheat
79,36,40,16.100331711947284,42.06171907371423,7.466652309539114,51.781576824888774,Wheat
93,35,39,24.735722165138874,56.49257408611564,7.009114019778869,86.16664364491433,Wheat
97,37,41,17.97801525464728,54.74138161237669,6.738637353637636,56.67673646977005,Wheat
69,37,30,15.013731943406643,41.624543538761046,6.379247708549202,53.92688116122618,Wheat
74,30,40,17.64643292855243,44.31965608680364,6.092385981861855,64.91166214336553,Wheat
89,38,47,21.80705842438879,41.23911899439522,6.138095802632398,68.52246685353045,Wheat
94,33,37,22.27609610762337,45.80927893298556,6.7131335174744144,85.93178133776993,Wheat
72,39,50,23.454810736073725,57.45511806260242,7.422251099271245,52.63286807380353,Wheat
82,43,31,18.243639123567043,42.24198852800713,6.227048468576733,65.35658168790215,Wheat
83,40,50,15.782558767657566,54.01062635232311,6.0834911698961776,73.04078684171314,Wheat
87,31,49,16.394457079556823,43.65160827649281,7.496241129348755,66.55495146204909,Wheat
69,50,38,16.696951701149416,45.4693410474499,6.859780106136801,50.202097678357354,Wheat
65,31,31,15.398269466371966,43.695220035995895,6.842133230346491,73.85596208680934,Wheat
64,40,49,23.876271590586853,45.53919544916081,7.058214379010709,53.640102336341585,Wheat
70,36,34,22.00915882543422,56.209676100577795,6.912699031794299,71.71527518694985,Wheat
89,49,32,17.833642800818808,46.83835871206541,7.323124697451643,61.01103351533909,Wheat
85,50,47,18.20202206157522,46.17758533859122,7.4872334974597665,54.23004404631861,Wheat
69,40,48,20.053613025763774,52.810048324900194,7.141405399505542,71.27373730118097,Wheat
95,35,42,19.459489091359384,54.416355562317726,7.006423996435596,75.84477988638547,Wheat
63,49,40,21.680648421574137,53.72313885834028,6.178432499164383,87.17642100568995,Wheat
88,49,39,18.91600326848964,45.564106617478366,6.4356466723446175,55.125795768102385,Wheat
87,46,42,19.40953188648929,53.03104377451818,7.020025183919032,82.53824807753745,Wheat
84,48,43,23.21737008861453,47.46756810217442,6.164968154800396,98.68518229220915,Wheat
89,40,38,22.392053222211818,42.135818184319625,7.1122688349850005,80.49779711915545,Wheat
81,43,43,22.800237643287907,52.335607197785215,6.128143222109967,65.39469380373137,Wheat
83,49,35,15.010327215406704,55.864592022455824,7.144671785754027,64.68514144020017,Wheat
81,32,37,17.81110748626581,53.93766353533463,6.487343168820028,86.34991046958953,Wheat
97,34,39,20.39547298889076,44.392635666883635,6.086060965704786,55.47653467416333,Wheat
86,46,35,24.135305208032047,53.74999613325389,6.950894326528681,98.3928208816545,Wheat
72,32,35,24.180721536345015,44.470111754712306,7.235257407206137,57.22386987823009,Wheat
61,45,36,16.381731031278456,46.8473593178479,6.333265542914171,96.54420299407879,Wheat
80,31,47,20.902977251269853,48.60813779734599,7.417240021113685,73.91482519925604,Wheat
75,34,50,21.807826316546265,51.985894716113464,7.182432518762503,91.74959102895757,Wheat
60,44,31,21.32989242689824,49.13299942088486,6.3225357786814795,92.88382291522932,Wheat
71,37,35,24.031514830602873,48.09602087223241,6.634139999163935,71.92726306333884,Wheat
63,42,45,20.603970172389616,52.745919089981825,6.665297299265509,57.5484511946419,Wheat
88,50,46,16.507252005715095,50.244245270358576,6.540228485657034,57.09681541183948,Wheat
96,43,47,20.67596911872834,58.26190280889922,6.9364948952666765,59.03010934607574,Wheat
63,44,46,21.15967687239144,53.16746537210077,6.579398175754425,80.10030555217602,Wheat
61,43,46,16.317021758263547,49.238704112757205,6.869644728626035,99.21749221816233,Wheat
86,40,37,23.218595745944043,54.683160890600774,6.795203910922886,52.73604411372343,Wheat
84,39,41,23.298365773949484,41.30611588207437,6.637173719687336,93.64408617302747,Wheat
87,49,31,19.829076244590123,53.988062568295376,6.159786763845037,58.91586069621366,Wheat
66,44,50,17.603897791224774,46.836854436359154,6.973034629655608,64.23857918863489,Wheat
66,45,36,24.89859407231073,42.39680738902232,6.522910893437385,63.45315182988322,Wheat
74,31,34,20.18200230338112,51.34437863355332,7.141738998296266,86.2506346846607,Wheat
90,37,49,21.77363520524463,57.68247461303826,7.071327548063606,99.18888505236248,Wheat
87,37,43,15.972564096420415,55.81434629199376,6.386510540242968,84.05051354729716,Wheat
91,45,39,17.238030061813483,42.64675727100724,7.102373441856399,62.19432581744817,Wheat
96,45,46,18.76620886426909,57.65022951024966,7.245931133540825,52.84025822798322,Wheat
84,50,47,21.762025799932943,43.957976775766724,6.61998479408028,66.649255012017,Wheat
62,32,35,22.468374123011913,56.68049275238437,6.002796167408416,91.0505046282272,Wheat
93,30,47,17.302776446788975,53.99223081005791,6.114252304655908,65.97288194517192,Wheat
78,45,47,15.774377424315984,45.41324819362736,6.3976260084280225,78.94085958617495,Wheat
67,39,46,17.47066367223653,59.63841991456083,7.407889735738463,88.10042768445939,Wheat
71,37,35,24.995479315028305,45.84251301506444,6.213285380858543,79.16784409310333,Wheat
89,30,36,19.53436932915569,52.67087080367753,6.191509903003177,71.54019434848165,Wheat
60,35,49,24.361887502575243,43.85078764178277,6.286730655476728,57.39778980957951,Wheat
95,32,30,18.437236805142447,47.74473135239247,6.212660897310216,61.06665641232267,Wheat
66,38,35,24.29343436957469,51.09767262333967,7.033672955351502,63.40936207740181,Wheat
74,30,30,18.841327060595734,50.81390974264002,7.4945893364926475,59.46070432659095,Wheat
90,40,47,20.736655329635067,48.630157990319034,6.391375044096017,97.83171363961767,Wheat
63,44,50,23.14081633959201,40.90266110039389,7.022301385895744,69.27294558516849,Wheat
98,50,35,20.772149758394477,48.62885708276335,6.190199229226882,95.88794831797608,Wheat
100,41,32,23.818886044412,49.478874536371286,6.665136720172811,94.42813114367956,Wheat
85,32,37,22.52989604300041,43.61054158185986,6.623863931682019,74.29959594841837,Wheat
93,35,35,19.819268933818353,47.52868066522239,6.091819471815337,65.24737119552066,Wheat
74,31,32,20.93306101952057,59.55083640110415,6.034346714372285,56.62444055829763,Wheat
83,35,46,17.929387498328442,47.21282612606389,7.085375224855142,99.59530989688977,Wheat
64,33,35,17.54116488443994,57.6077439871369,6.315895074682674,55.59031839304204,Wheat
72,34,36,15.72230402151438,51.80948317785362,6.7503678812028145,83.72825780937751,Wheat
81,30,34,24.279412136747005,49.94926290047074,7.256500649357576,66.99209863913123,Wheat
91,33,44,19.35971053561878,42.36545846213754,6.946449447933094,92.71244404208099,Wheat
87,41,47,20.7690834225477,52.634710314428986,7.435079427570387,97.67944257712827,Wheat
99,44,48,21.608888888558532,53.48989652509913,7.291732694510447,95.06094196131593,Wheat
95,42,44,21.71372704885562,55.75983401963967,6.2317955037334745,86.6818241157701,Wheat
87,50,40,18.390984773822247,56.795342062467284,6.013055070186498,83.87582611244856,Wheat
97,32,36,16.866631199568904,59.792457118058586,6.058763694106522,67.99327128912397,Wheat
76,47,42,16.939186641727662,51.754243006883655,6.792383398067126,81.19074787575646,Wheat
63,47,48,18.533243284116182,48.166523077638814,6.332292124548289,94.93209316431944,Wheat
86,40,46,23.108923415609972,45.40886524261886,6.571610416634627,52.253882022030965,Wheat
80,45,44,18.766425939410762,48.16629199575313,6.331126129607452,55.60041932445729,Wheat
96,40,39,18.149071603247954,42.20682426984762,7.441325053953898,56.82638118017954,Wheat
90,50,50,24.107360856454093,41.83273611281992,6.655777330989106,56.98311106767046,Wheat
63,49,36,15.281389973666258,43.09406656384673,7.484421981238174,91.66681496957509,Wheat
60,31,47,17.43223039223544,47.59572291742329,7.380042676342649,75.56886823961999,Wheat
77,30,46,23.477335606246086,57.31947429386027,6.9111267447982225,64.32052949762817,Wheat
99,38,47,15.779476464417286,46.72196235693367,6.587244240999634,58.0703961947346,Wheat
87,49,30,23.227538536683063,45.07922261138234,7.048205895272597,62.354290986072726,Wheat
88,38,46,19.382029926246357,43.40843991400057,7.347031601631116,54.30809516609615,Wheat
70,46,50,15.947932350405186,47.6068199556499,6.57706750615502,67.12310694579544,Wheat
83,35,49,15.413416752485295,44.76789154827644,7.032887281865136,90.0115805557647,Wheat
99,46,40,15.837899409337409,49.774158760599654,6.957767261096804,70.05761159850978,Wheat
84,37,41,21.38636640798963,51.03486935929938,6.08670839655393,61.21363852275828,Wheat
94,38,40,23.487514037020027,45.40363272664871,7.28897001097623,71.09966715068043,Wheat
88,45,48,22.499954942326447,56.25543606662866,6.11234063412097,67.34035891436136,Wheat
86,36,46,23.16666296730576,40.7120819586952,7.183831821481583,84.44848744617234,Wheat
84,46,46,18.84942889612237,57.94163101781414,7.457085146382835,92.2836101959666,Wheat
90,50,30,23.386891204515145,59.6924542930312,6.147944706115119,55.63233796241754,Wheat
65,42,43,16.991822214242045,54.46819931624726,6.123250558055174,76.4717199898557,Wheat
75,34,40,21.765148213167134,57.40222889808369,6.480544631639958,94.40849878216407,Wheat
98,50,47,18.57674355815742,53.14608229898032,6.710196219741439,91.728065659361,Wheat
70,35,46,22.13766413859308,41.941131291593145,6.104386390269676,61.34822840688677,Wheat
86,31,43,24.287411218229558,43.37930609816635,7.460572959728081,54.516695098087126,Wheat
70,31,43,17.793936087424978,46.708376973161634,6.595188166277144,95.89500318521404,Wheat
72,33,32,16.96864671724171,55.01919872824028,6.934926476794813,90.68944628253772,Wheat
94,41,44,17.78793774331811,49.51289626991464,7.464944491698474,90.62271340962084,Wheat
79,35,37,19.997550497440855,56.08660553506087,7.378219897536982,88.90880832501328,Wheat
65,50,47,18.048478891916155,48.53479036274486,6.180117753690833,98.96994548275958,Wheat
74,33,39,18.567679344641,55.682217657614075,6.117760836065267,63.65620468403493,Wheat
74,47,36,19.67679269333903,53.01721906184133,6.084613183551667,86.27292662568331,Wheat
88,42,30,24.671955738038175,46.10736726028344,6.270615531755309,94.79529333659411,Wheat
68,49,33,22.75157282761743,41.361809530592645,6.217233449686269,73.21720458508534,Wheat
72,40,32,18.627480631543968,55.09045302188247,7.388624642911983,56.4307328019067,Wheat
74,33,44,20.0150177094719,53.298980660732624,7.069242884195299,87.47622531851397,Wheat
72,31,48,16.874212256328114,58.14237433747869,6.468353824167557,58.01197552303732,Wheat
84,44,37,23.361527743314866,49.94362555537188,6.659423985487286,83.37068009529139,Wheat
95,50,32,15.928788366407872,40.706961441337064,6.587294462003383,54.6769308391206,Wheat
85,49,32,21.364875690281266,42.66359014467481,6.1989715925854805,50.916693534586535,Wheat
70,37,45,20.111704309649845,59.653123187449445,7.439232725170944,97.25894031485211,Wheat
76,35,47,20.35286539081235,56.92399061486142,7.16249960108985,78.42690495464244,Wheat
83,46,34,18.613226641412446,43.20125825578151,6.605609748706417,76.94522813455002,Wheat
64,41,37,15.04796691399318,55.75179463852274,6.541268453979719,82.53903355910103,Wheat
76,36,37,16.90606010390855,54.5265223493956,6.740384287194094,78.28376863443967,Wheat
80,48,43,23.805895426379386,40.38190014746274,6.362009229995389,73.42754438050864,Wheat
94,44,33,21.859259128306476,54.13619807805023,7.182079792951963,71.7544206175947,Wheat
84,34,49,24.02648834678107,48.19638203041536,6.099049941474024,61.163443816128364,Wheat
88,46,47,24.733719267126162,48.16611231201558,7.02543760430917,81.24146757661742,Wheat
77,43,48,18.84154591815078,40.44088570443566,6.139100872073668,95.09508141357989,Wheat
65,42,50,24.11961479545679,44.289587141367804,7.079051547573641,78.46471900468396,Wheat
78,39,34,18.58973440573506,44.1616961824612,7.48567556920131,77.48668730395426,Wheat
64,32,46,16.925434977149973,54.053086531732546,6.905233157820062,82.04933700132179,Wheat
82,39,46,24.977171082450024,56.47842343912528,6.87241729899811,66.41618911949024,Wheat
60,43,36,15.763384165475205,50.00079856533623,6.646950473228583,63.32430111682155,Wheat
95,45,32,21.819601611622264,58.88651888390059,6.120136100016167,87.28121867609306,Wheat
63,44,33,24.738601571240743,52.98673348539002,6.209730826016309,55.82243503569695,Wheat
80,43,49,16.37581891908273,59.14318950819633,6.840014238642865,79.79220880505868,Wheat
71,33,42,19.524324909382074,41.34391704443616,6.851453497769859,50.52151893610761,Wheat
68,31,49,15.929430930467545,44.16788300750822,6.037044558975349,50.153312730476344,Wheat
64,30,40,23.680027581005504,49.78181184013566,6.60137713890558,66.10689726995739,Wheat
94,31,42,23.792157569420958,45.04375839876781,6.548780911607843,93.22854665974525,Wheat
93,49,34,24.019650069078335,41.54656334634533,6.574160197231552,88.50672110844474,Wheat
81,44,33,20.81100087602203,44.502707569311795,7.246633654809747,92.1990140400894,Wheat
68,31,30,18.17918055922633,47.4471582707018,6.8826492360949985,69.33884935325575,Wheat
94,30,50,19.350715268139872,56.1702816501079,7.4654709078988315,80.16254151976456,Wheat
80,41,41,22.60246054154559,48.48858166754383,6.960887164948761,89.93994746283832,Wheat
67,42,32,24.817355081994958,59.16489036223702,6.0936659995603755,61.22748229632323,Wheat
81,37,47,23.471107472752912,55.605798404507155,6.564171502291073,57.84067821687978,Wheat
76,38,30,19.74121116105401,53.1463222074765,6.128489539248554,71.278983877514,Wheat
70,47,48,23.064698389381856,49.11158487447331,6.092840756767035,98.55708050410458,Wheat
61,47,37,16.164387718966406,52.8597853497049,6.213902126766636,99.00195248321472,Wheat
78,50,41,20.697067277145237,54.59895549877067,7.0505377675691,86.19292407648632,Wheat
100,37,45,20.775407625340108,51.3364560496957,6.902833807877072,69.69413677276818,Wheat
89,38,41,21.236431547542907,43.42530334835436,7.083953109653758,72.1395338150891,Wheat
62,47,36,23.229801534457597,48.10048072555128,6.569435039655414,57.90376331240969,Wheat
98,46,42,16.584582719971987,44.94946310265736,7.034169958964613,63.7232128484665,Wheat
67,30,38,17.47005134553625,51.72726980058345,6.596547968434171,65.58492607147437,Wheat
87,34,37,23.61309849094454,54.49932833008915,6.351730952982253,67.73905634235048,Wheat
100,30,49,24.774219701857675,40.4281408545697,6.564258024208083,70.82212417379229,Wheat
66,48,47,19.866573267297397,50.85973925115561,7.382472489368728,61.28648727517809,Wheat
89,34,50,24.658679058034117,55.85227240367179,6.135674701048323,75.67358135922501,Wheat
89,30,31,18.53431575881783,44.02288093940976,6.903574624009927,88.93964362843941,Wheat
88,31,41,15.765620353369915,54.97763656244658,6.730897847793536,91.2476676225271,Wheat
64,34,38,20.6983860886807,42.90348166501747,7.204160782259198,55.50916288213887,Wheat
78,38,43,19.24193437159515,53.19168504745844,6.923636739656747,72.34088505025976,Wheat
60,41,30,17.225212762895875,53.501696119057996,6.357593919333516,88.35861655032735,Wheat
64,44,44,21.644709660463317,59.53171958596867,6.360832096324614,74.98656810791584,Wheat
83,48,47,18.115314945356996,41.801250048769234,7.311858651824927,80.03452183613172,Wheat
69,35,34,20.91397464615234,57.53528785447373,6.26480257770474,93.94051589170216,Wheat
98,39,35,19.88601616063292,45.31854613275166,6.272474488196596,73.47404003951544,Wheat
80,33,32,24.808517477452956,42.99215362769343,7.207927858581169,96.61645158164102,Wheat
93,46,42,16.344027129538585,55.29198133815461,6.7878568879145345,82.94992322147432,Wheat
65,35,32,17.67817101165216,41.16850380600644,6.031458048986284,63.499879433954774,Wheat
66,46,39,21.101582569297754,59.67134392489511,6.3228436012973654,79.80026978315651,Wheat
98,44,38,19.499321764344547,52.030724886327576,6.873718007590802,59.2321586119701,Wheat
84,43,32,20.82185263430028,51.53617663841803,6.973518764986777,59.12382334472225,Wheat
73,32,31,24.26205877731841,59.58281228510366,6.541755730925612,56.223969693774336,Wheat
98,37,31,15.757525670620744,56.96311255365891,7.391817772576824,52.566921999809686,Wheat
90,33,44,17.546862058171442,52.257566422379966,7.203473693645309,97.3177100784373,Wheat
70,41,46,16.88157613568939,52.5550209749364,6.8359529508385855,91.66468575657908,Wheat
80,34,42,23.250580324478353,59.19399423758931,7.407657483719683,92.15151565496316,Wheat
87,30,41,16.319811677943115,53.51481250856932,7.224802124982121,62.78266295070741,Wheat
87,48,31,24.71259064997087,40.94600930379234,6.219182090064035,67.61729391762256,Wheat
99,38,46,20.769570771040605,45.490038425785826,6.941435309598027,51.05721466644414,Wheat
81,32,33,18.076887655507225,49.91865473508368,6.376046691810815,69.25198531738528,Wheat
62,42,32,24.03043979355376,42.381812885658896,6.310347893109872,90.55485566258761,Wheat
93,36,40,22.273867367525632,54.54982660262944,7.264436492324203,80.65900511708246,Wheat
95,42,40,19.79205354427216,54.325742711296,6.363656662505073,63.79143033431555,Wheat
88,45,42,18.582097803856485,42.40949414471609,6.535783602879414,79.58245103819485,Wheat
61,36,38,20.82047878366333,47.00992260501366,6.857112741027173,97.48889392586418,Wheat
71,40,38,18.131247856287228,58.22984154117268,7.235471606299232,58.95035763426177,Wheat
76,40,40,23.843193931730518,48.617666421146836,6.012839492032074,89.95448883527641,Wheat
73,43,42,18.50013527221325,54.32333836602583,7.289220994248877,90.03001156562812,Wheat
89,38,45,22.5013203288391,57.21418791270965,6.19769947097763,54.09208094799684,Wheat
84,47,46,18.65146843546145,55.0020452052458,6.629505337702686,95.08225401702772,Wheat
88,32,45,22.128985671881797,58.47143399148061,7.492077764842659,60.94855692363133,Wheat
75,33,40,23.551871222907437,54.36282644969161,7.1658743512885525,82.25151857490872,Wheat
74,32,42,24.33235368685892,57.427074545754024,7.2818624953960445,61.58954961978275,Wheat
93,45,39,20.499221245429585,50.42196717674475,6.574055856984144,87.64282412084933,Wheat
83,41,37,19.952021037438314,52.11436138736704,7.046784379643411,64.26951600047184,Wheat
80,37,35,18.207225046633614,50.15312817000613,6.331906707093069,77.02456713327601,Wheat
89,31,47,17.964021235888566,52.62598229661137,7.00161307035349,84.98090630870064,Wheat
74,43,33,23.43615895164079,48.15199541576163,6.869388616493089,76.51323333828165,Wheat
72,47,35,15.395901263843491,45.711682813705636,7.399457516472945,89.09861166153169,Wheat
75,39,50,22.51190046882926,41.24387423429843,6.621012202717474,95.31921328059444,Wheat
78,31,42,22.859134910523,57.58261713499368,6.753527189293928,58.99315250624965,Wheat
63,44,44,22.36052909563813,56.46577585792715,7.01767415827856,82.58619639484573,Wheat
73,45,37,15.409501805436644,53.4584316443835,6.609887395653736,78.62519949807275,Wheat
67,46,30,20.08837050753727,49.570290751839806,6.015529549904769,58.86788334095887,Wheat
66,50,32,18.28435983315577,49.87379190762349,7.034936466278147,52.7136482412441,Wheat
98,50,30,15.127096634779273,51.6152064138286,7.212449666840037,76.29761210596948,Wheat
95,44,33,21.28571206576627,43.908021822036595,7.375874817698598,52.72769010262083,Wheat
66,39,31,15.132101663615298,58.33060562662006,6.1620020238221995,76.00034604351508,Wheat
99,36,38,17.407610709369152,51.964039325186235,6.001928142962727,58.41253640929982,Wheat
61,32,31,23.527385916198867,55.57560568837793,6.326024129059317,63.81080278110041,Wheat
62,42,41,20.810570538308983,40.583722102467924,6.173412431141461,78.34371700274377,Wheat
62,48,50,20.899185891292625,45.1961437296537,6.901658272719755,96.59712334768301,Wheat
86,48,47,23.486150309017603,46.72770823333961,7.347443206857061,97.05027185100013,Wheat
93,33,37,23.180274519988032,53.339631747248326,6.203467480006873,76.02026258496973,Wheat
71,40,36,20.41868027183252,42.74882208090911,6.255822359462942,95.1019956427266,Wheat
64,47,31,24.50281750411971,57.5426225582505,6.150925326709273,62.326333003045505,Wheat
96,43,30,15.878049499807348,49.82236141021339,6.441964744745966,50.023801438744265,Wheat
87,44,46,22.8744078392917,55.01982978009835,6.487961884525149,62.125944158404806,Wheat
79,39,32,19.837420078800378,54.37798532229178,6.3255111341625225,52.99687168663099,Wheat
64,46,38,15.521436141888438,55.10296417748353,6.123502764999046,84.68781178197375,Wheat
96,46,46,16.539998592419956,59.81156295097912,6.751077966788464,93.46816652894316,Wheat
98,35,45,23.99704351347109,57.81622986894632,7.39390670815635,73.02698001583452,Wheat
76,44,34,19.738593733470232,55.580649930498055,7.048262100105305,95.26377828369453,Wheat
75,40,34,16.113317757869773,56.203164782548924,6.423890008547083,53.475808220135775,Wheat
62,43,41,16.98977796360458,57.4932403765074,6.185391524944593,67.00303789224624,Wheat
97,32,47,20.72252581875863,48.33156917769596,7.01754927749323,82.07777028111752,Wheat
74,34,33,23.211455817999372,41.225807684231086,6.3730317572793105,57.73380233563805,Wheat
62,40,49,20.201812618479323,40.29394392634907,7.249691024164383,60.22562069110222,Wheat
99,39,39,24.157443925926074,45.422370271791166,6.419055169042265,73.62480613638621,Wheat
85,45,34,20.478389267499146,45.24871962627365,6.268006420769575,81.69419379584187,Wheat
73,42,38,19.15709869196451,59.683700910800724,6.406459471962054,81.46462672356077,Wheat
88,34,44,23.988476719487675,41.164867051173914,6.7481215092471825,88.32934656489732,Wheat
93,30,37,23.429109423584315,44.224426040708224,6.8494784522561165,82.62461135479765,Wheat
87,43,39,19.060486543673257,51.94451493810733,7.096687693539694,60.02860001930719,Wheat
64,31,46,23.990238087530216,50.20427325884026,6.98527378859917,57.82947544356898,Wheat
62,38,40,24.057267138803297,56.256982075554994,7.012315192785831,78.4324516958826,Wheat
88,45,48,23.73803569971758,55.798164949850175,6.33031527561169,86.28555361962628,Wheat
82,50,34,17.57081517342824,47.48174654027306,6.9222928972591795,94.02308798600794,Wheat
99,32,43,16.116677206046973,50.3896091713609,6.139850110036391,98.04532985442586,Wheat
70,36,46,24.86900451066215,46.217965891607754,6.074219163663718,82.40657996905507,Wheat
67,31,49,21.045727953494456,47.86100522312237,6.546291908793778,50.59918697723879,Wheat
65,41,45,22.39210358278028,53.96295787553861,6.031554254421342,74.38154999054792,Wheat
61,37,46,17.837244646915597,56.25434496469339,6.002192057654784,82.00751570178161,Wheat
93,43,46,15.644389350038384,42.11427784750375,7.328369398157188,52.89522234880119,Wheat
64,42,45,24.190814892342544,48.01331211597795,7.07254886961157,52.86243520162918,Wheat
71,39,43,24.11495313441263,42.71155087360544,6.303590938980709,79.82264044789612,Wheat
63,35,37,24.3659169193893,46.23162059668844,6.381540777701769,67.63407105056328,Wheat
97,44,43,23.35557823521279,40.15131576931455,6.483130981765207,56.573558849009885,Wheat
65,33,42,24.667303894975664,51.922267850861665,7.4820270691673905,92.4962432062311,Wheat
78,34,47,19.851144987365824,54.94198127602439,6.0204699296653885,66.98451378794812,Wheat
94,30,44,18.77435678623075,49.77794032966012,6.393633212225383,76.39485094575792,Wheat
69,33,47,16.933006643776526,59.127047999392246,6.318834350931535,55.13491912644197,Wheat
63,42,36,17.336384246677653,51.31670002894209,7.321600087402299,75.85556568740051,Wheat
65,45,40,23.64729535583383,42.65159967466874,6.50157322447081,90.0914427255232,Wheat
63,40,50,16.97315349832732,53.75842392710498,6.038300709358237,89.84607432458361,Wheat
84,37,37,15.768311650630114,59.386472071675655,6.567385332462547,86.23013796796394,Wheat
74,34,42,18.607409204315545,40.144722074526534,7.211437255249736,72.51002215717996,Wheat
93,38,48,20.01632302763237,50.662137890690104,6.818031394400374,62.33177383713694,Wheat
91,36,46,24.55680127205173,52.31142985979764,6.110949373357587,50.535919957000104,Wheat
84,39,32,24.929852869394736,50.26539808674279,6.251006969340897,59.034530338881055,Wheat
65,41,38,17.441325654848786,47.25457022312411,6.539502661255211,91.50751570670238,Wheat
69,31,43,15.508080934282567,45.936707466106775,6.213790716353493,68.97447489319448,Wheat
85,50,40,21.959445050086657,57.5879035613914,6.918644248866548,61.64157951303073,Wheat
81,44,49,16.519513574216692,40.96404427563722,6.90810273249965,62.71996465564332,Wheat
73,43,42,20.323314426432894,45.16728714984279,7.033431133433876,87.657567889848,Wheat
92,48,31,20.337455696307813,43.52661786390756,6.242130874057093,67.29124839202576,Wheat
81,48,42,20.55930354191594,46.16675459591889,6.527444271438006,87.49695224725616,Wheat
62,47,42,18.761860511262604,56.021340449029225,7.250390661373283,54.347009992712074,Wheat
71,33,33,15.043816305729983,45.27531023152547,6.275464517748135,55.24346566184751,Wheat
80,45,44,22.2525570493919,45.042525353807044,6.03611285633763,56.46401653330789,Wheat
100,47,31,19.196002733229328,59.23582413278954,6.173986292612624,75.2670226248282,Wheat
62,35,50,24.031083473392364,58.4757583865229,6.688470340278928,59.99534713527973,Wheat
90,45,31,17.480539004793254,50.835083940104205,7.435222891677376,75.81593930561442,Wheat
99,41,40,24.927166972415165,56.6514325328486,6.5995345478467335,69.74525958305844,Wheat
78,33,39,22.45621267828132,59.68567361441024,7.409357406417597,73.96319805487248,Wheat
85,36,45,15.23692071062783,56.08604934404984,7.191395364813973,86.83013798026852,Wheat
63,49,31,19.978818847633974,46.7540685808291,6.025165378448626,75.37844134339312,Wheat
80,36,38,21.161206263342184,57.97984229080265,6.565432567550661,56.870547947358915,Wheat
86,48,44,25.65788919536029,51.67172011524787,6.523460470194609,67.37088731364221,Maize
102,60,41,29.01677852060836,66.29432968434308,6.005617836703307,99.8560898163199,Maize
109,50,52,27.405563207398085,61.804477488997996,6.786854929890665,62.498960933775656,Maize
105,50,55,20.56548246276842,65.06123644276457,6.345976045759806,100.01673677065571,Maize
100,58,58,23.641783035334733,62.118766060354915,5.885798636078992,119.09379045401616,Maize
87,40,58,21.06988125603347,67.37638177364842,6.806154839915921,81.73944319788977,Maize
73,52,56,29.39821822162922,64.73636246872567,5.990032335402029,106.9157234110608,Maize
72,53,56,25.46502949105723,57.92574408824187,6.806970479037586,86.35761021882213,Maize
86,43,41,25.7953905814811,59.22643609026842,5.50184102618805,87.08228343447664,Maize
71,43,50,21.137644166670437,53.965105130627755,5.942946426441617,74.87151646090199,Maize
99,42,36,18.474158957045894,69.27045318021537,6.161523689747139,75.10383565858166,Maize
77,56,46,20.815769928002723,61.36475312636358,6.934340184283169,89.02255261241464,Maize
109,56,54,19.062208130372728,52.139618700094694,5.581000566353151,99.32252364167368,Maize
80,46,51,28.011452003107486,65.63379117664229,6.255376389501928,111.46121725394428,Maize
73,53,37,27.39813645571393,54.41636264959329,5.718857267438798,84.57187374325727,Maize
76,42,48,20.74793415058847,50.686379997165425,6.863020251459858,92.87584435778595,Maize
100,46,37,22.206928550971487,52.44419201544757,6.837529868491498,76.74564794002188,Maize
97,52,51,18.156345057268844,64.1311905565597,6.72193932033806,99.93244514200683,Maize
81,44,57,20.463634943981653,63.08173963060513,6.7184048558789,95.59286024766806,Maize
93,57,57,19.872167942947648,50.564836457110026,6.03066244693319,83.31429478306126,Maize
89,57,45,19.173281668815786,54.31104851632961,6.163029074977084,103.62922945303944,Maize
79,50,38,22.363660362409092,52.78231140434856,6.179600230058489,74.19439142128442,Maize
104,57,40,21.792908938043553,64.12426478324186,5.502943698847966,106.7695503531973,Maize
85,45,42,19.591117449522965,60.70001458756607,6.679081461932024,119.97171189697441,Maize
98,40,51,18.453041056528757,52.13808333287022,6.753525851309238,117.49250324945541,Maize
74,47,41,23.23606009698949,58.693668427043136,6.033684269877375,96.09015604829807,Maize
95,60,37,21.866220181729016,64.96476248039893,6.866579890985117,117.46304609366588,Maize
92,52,50,26.664737303488465,52.188703615182405,6.307411263903775,91.70883022682769,Maize
103,45,41,22.066616439131224,65.84402971734194,5.6692088878808935,70.62531688539217,Maize
74,49,35,24.569858726231104,62.665619030853975,5.660898822620413,64.21271764573517,Maize
87,41,53,24.17873870245174,56.331657552414626,6.824295275690302,72.10778966488543,Maize
99,51,43,26.909236198065244,59.760372374092654,5.814863349845779,62.52386801910028,Maize
78,46,42,19.613283849795785,60.99230818071208,6.72697346922999,68.93079848404415,Maize
101,57,36,24.579619024068307,63.82738283556081,6.709313964659453,111.40592055228069,Maize
103,42,51,25.889054015154066,53.531693338907665,6.84151514387459,92.01698616493931,Maize
89,56,48,28.903655274531307,58.08152087556963,6.248570910162364,76.88819145197579,Maize
76,41,41,19.52728334484745,57.152474596729334,6.0507858476244385,86.14583693391396,Maize
80,43,54,21.704685727037177,52.381177250856425,5.5535019450781435,75.65404929901189,Maize
95,54,51,24.209730383703665,69.44891387673547,5.744635313570851,108.17097455068757,Maize
107,47,35,28.306613632655235,55.15014223947268,6.6996939073969255,86.97397861170052,Maize
90,58,38,27.480325578863365,67.01197593596949,5.567839587007838,63.93142006665752,Maize
74,48,48,26.209412014339954,55.70539547945568,6.771734111173839,71.30559295038961,Maize
85,56,55,25.45001153040435,63.19477469068063,5.973326503980665,69.34807395980435,Maize
77,51,38,18.24407222227751,68.74108496741383,6.278577329880409,100.94992684036593,Maize
74,54,46,26.628912846947713,64.69147824785385,6.384559184015778,60.47569996509958,Maize
93,59,37,22.662449124297805,62.99127780660195,6.618563051172899,94.52481635031359,Maize
92,48,59,23.09853391299922,60.316021287456074,5.670231404392285,93.68304211328233,Maize
88,54,52,18.783405339473216,53.44912529734686,6.098322061883698,114.57062093197604,Maize
87,58,50,19.17218023847851,69.4806134491418,5.882111004593604,67.2744714043346,Maize
97,58,52,21.629412083297023,65.6854791843231,6.567656802799926,111.61615155208557,Maize
85,42,53,28.252661691471374,66.23507290132845,6.786923147958565,114.8635992553815,Maize
71,60,54,27.800278724925267,56.441839115276785,6.73158330086572,86.47481404429337,Maize
110,44,58,18.361846760349554,56.92593170656469,5.907045536224345,105.86839707686167,Maize
110,49,58,19.40017077994448,54.061763631924066,6.782713935598853,106.94952162729496,Maize
90,60,53,21.94717531683949,66.96605540421895,6.379186314729991,89.33653506589754,Maize
70,45,36,20.493961416996598,56.87340273559136,6.235969614076199,95.58402262832803,Maize
84,51,56,25.644411854311485,63.22677049124921,5.876316600887134,99.1231254410553,Maize
85,48,54,26.675401605742554,58.80699268118564,6.595380811724277,83.71519494810711,Maize
80,42,50,27.341710102655856,52.16012837869301,6.037943832399864,66.99044078671818,Maize
85,44,54,28.665504792888125,61.04035654816883,6.910530714504099,108.0171533672883,Maize
74,59,41,22.702943206944006,61.39429711054651,6.4948719463234,100.48958905020451,Maize
93,48,43,26.863534167712512,57.823352976448874,6.976542704022502,63.24016804957464,Maize
83,43,47,26.09006124977189,62.69689236775051,6.1459671530967555,67.19317787367177,Maize
89,60,38,21.98338552299496,68.68338083927111,5.917594332663745,91.24726945295282,Maize
109,40,56,23.73415203311806,58.65134885562621,6.237540735365171,84.78162747954919,Maize
94,43,37,19.31902647671392,68.52821622731776,5.943695534763817,94.84696990689214,Maize
98,55,35,26.27878710036535,54.191737385943895,6.901591943009329,95.61438661182687,Maize
100,43,44,21.97035866392863,60.740277677976714,6.3761834521007215,80.6595028369471,Maize
107,53,47,29.587162719379954,50.964412445135274,6.9149078857387645,94.72411811931858,Maize
90,57,59,29.181239987000474,61.006485195860584,6.991083176525971,94.2238855966011,Maize
98,46,41,18.352026134727495,67.19963532456556,5.818143175291101,102.10385360998706,Maize
79,48,56,26.70138865283102,66.63809297002283,6.096773402358038,89.72526651859526,Maize
80,53,54,27.655904527527497,58.10251644675528,5.656870522553275,97.28759391319454,Maize
90,40,54,29.216538882423478,58.2695223456708,6.342314964489284,64.44319407025311,Maize
78,59,57,18.023362758292123,55.688718018850274,5.642982473297036,77.92376547323911,Maize
85,57,57,25.062859359075787,63.588085642239,6.863949258652278,72.67247757260127,Maize
89,50,44,24.832710932294145,61.261560249329385,6.0433840925334925,69.12920374611704,Maize
77,48,42,27.260575583786796,50.90344259952557,5.693307882896412,109.48487035992164,Maize
86,54,36,24.671005394638367,68.56235987706417,5.970550585189103,76.86085363016264,Maize
103,42,38,25.2467536396792,51.03791842330914,6.955181147893905,74.66718021026428,Maize
94,41,40,28.245495566165914,59.213671860899865,6.437803899250637,76.96650027557394,Maize
75,57,58,27.923600821032156,62.64399735358013,5.638141283448082,87.22305731779433,Maize
96,46,58,20.3606908950114,54.59377100036624,6.598504304581195,104.20773161667111,Maize
82,52,37,29.697049672946505,51.29290293585732,5.674313892953721,119.60406604789253,Maize
101,43,43,26.056452308408844,68.3471826086898,6.013026221288349,92.21575970498873,Maize
78,47,40,23.67961514281858,67.79089209269557,5.523507896626279,90.61320460340936,Maize
84,53,57,27.710675179951988,66.8895679743993,6.841515195952396,60.56349063867458,Maize
95,56,45,20.90523875602515,51.36771482842448,5.981596552670655,105.74423507133787,Maize
72,43,50,23.011972606792725,54.68933270692876,6.370006445696519,110.01319075601432,Maize
109,44,55,23.67835899638164,69.68415655265603,5.787796351949447,74.52894040937572,Maize
86,45,60,27.493045906404102,69.0934453766683,6.4930341153081255,93.87949857524738,Maize
105,51,36,27.529172074705578,57.601755002162676,6.025853313795043,68.14781651514615,Maize
107,41,49,21.763248577295457,57.11563996908377,6.51894660461264,87.39200466976695,Maize
71,60,52,26.848111734089,61.5621754828124,6.265115503461646,88.85748460119429,Maize
85,57,53,23.390953172246864,68.97286627942097,6.48770811864453,113.67455387851697,Maize
98,52,54,26.397254213874543,53.57188504641152,6.363238115671439,90.43015483201793,Maize
108,48,47,26.535527363563272,67.78119421495857,6.223829536213039,99.5167959204694,Maize
78,59,46,27.8977795441811,59.66116606605824,6.680262230628115,67.39829623670958,Maize
92,44,42,25.873299731824424,55.62904010377663,6.788250762218516,110.71457325777205,Maize
101,41,53,26.48007350573188,59.229182983490055,5.567587534118388,84.01296874616273,Maize
81,53,36,19.297873435868233,68.92750598563028,5.735453719517165,80.45189243022577,Maize
104,56,47,19.327016029970597,52.075926943830645,5.666075270551109,63.06170201690912,Maize
96,45,47,28.164838599730302,56.94619360731502,5.904182340659827,98.77320415893371,Maize
86,58,39,21.77151814324955,51.87181104716272,6.341218749668293,79.74967850751511,Maize
101,47,49,19.53599921107003,58.58527266353075,6.618436309520646,70.3367801643437,Maize
86,48,49,18.76174348040147,57.25077525607673,6.667063893719461,109.40233532802183,Maize
100,44,51,23.51400606570025,67.42122056921971,6.139717780011932,83.93433568281515,Maize
100,59,59,20.341165218828237,57.11745384715411,6.640164251070946,100.5256398171058,Maize
79,46,51,24.57890290450138,51.919651442613194,6.967377307336178,77.22023017301692,Maize
81,55,48,27.40689310347078,69.29286310788888,6.603546000192121,115.54983597404228,Maize
99,47,41,19.30803995127208,69.32293296583596,6.481642627317749,110.25829276438544,Maize
72,41,57,19.36700514487579,54.25366779268521,6.488866740078157,111.29047873428748,Maize
99,60,39,22.592406068684575,68.06347139020086,6.739287151030544,105.778146137266,Maize
81,52,48,21.36600246974529,56.27275673004877,5.661591050456169,67.22209348819669,Maize
70,57,41,20.963363686108806,64.49303067737986,6.396778507603792,75.06592939565769,Maize
81,40,35,22.66657897160306,66.9222797469589,6.773282963536058,98.94821853148298,Maize
106,55,36,23.148672022730594,66.62923692938828,6.856528190858189,109.90687941706875,Maize
87,42,46,21.955288392592763,66.81097264694256,6.861317031353303,92.50282264100635,Maize
88,55,56,21.585481261046333,65.861354313262,6.796534369429342,80.07411284028075,Maize
85,58,37,22.51062664736112,55.17571155190228,5.738905122540006,115.25883349789986,Maize
77,56,46,29.45534222137802,67.06594025079691,5.759118417081697,95.88744217451386,Maize
70,45,51,25.356175742445384,68.63236362588583,5.8195753327644955,74.66370667299886,Maize
72,57,56,18.5608831102052,69.86882785529043,6.447532547234174,104.72635321491583,Maize
75,52,36,25.777539879811222,60.476256464145635,6.254502357650111,114.1546063295576,Maize
89,54,55,27.439928420847522,54.792267356216826,5.648676919799312,96.72702088086277,Maize
96,43,56,28.84918284007119,68.22818754776738,6.68405559898193,108.59248736369076,Maize
110,47,44,22.560235792268386,56.77543328214396,6.316415391540236,103.70611163067272,Maize
99,54,44,19.063608268792915,65.72118637195068,5.624339284230542,62.7296621958873,Maize
93,42,43,26.293767539604946,56.158064188310426,6.012358747222647,107.81946946964791,Maize
93,41,47,24.6963333559503,51.040137107025714,6.32992109963957,90.15630657414683,Maize
90,50,50,27.94855598072793,63.86858967575105,5.824572063680443,107.4582212651992,Maize
108,48,53,29.311713724096716,62.79734714746606,5.55693601180138,110.6919333839138,Maize
75,60,48,22.177615999667292,53.17645586109787,5.573639904764115,103.91161784056291,Maize
77,53,35,27.540982242136977,55.308708643168714,6.241712982904298,71.31565362770031,Maize
85,57,44,23.9041705833151,58.69238054196772,6.766045029681495,101.58588374554401,Maize
98,58,42,28.623700174757943,52.000856848379925,6.601798635954073,74.80447280061702,Maize
105,48,45,29.392610567372344,61.87249426839544,6.219390128231446,106.68783891489511,Maize
107,56,51,19.077452603233926,60.04147227257441,6.807772989699329,72.14972943297494,Maize
76,45,38,24.491822909837335,62.64227078086725,5.757589478736814,117.75191736740368,Maize
85,60,46,26.627824816117446,56.22792386773882,6.338255196899157,84.96267567630403,Maize
77,47,47,27.343707572563336,56.77868744370486,6.147168839074252,101.37946794612884,Maize
98,47,39,19.04562899678128,64.78392387119742,6.345446036675388,118.76461541908574,Maize
75,43,47,23.884939826612005,65.18711011480379,6.228701935000713,92.67816642678882,Maize
104,54,44,21.185751669107226,58.89695195287481,5.703673165103618,102.54640132974245,Maize
110,48,45,26.85325210725471,54.45322600626379,6.089594447666701,77.7997605199817,Maize
100,55,48,29.450793530902146,63.00195087797354,6.219113504443141,71.76769685791221,Maize
89,49,55,22.54815083859056,66.82636298247668,6.7605349927633736,98.17793961212897,Maize
106,51,40,21.844666504138107,59.734590410879,5.959067106099237,96.82429828333449,Maize
107,53,51,22.81587194679407,68.1641279359644,5.54837010780956,63.251128749799676,Maize
72,46,42,18.15551927003811,50.85712283535273,5.932021172454424,67.98811446777265,Maize
78,52,48,19.802192342797525,55.66339039158594,5.505388165559494,81.27898613005854,Maize
84,44,59,24.41829153441128,64.5595271992734,6.743955937260463,92.65657297804461,Maize
100,53,45,29.78195402624317,68.11738670786214,6.601232108698802,67.3820777589931,Maize
105,48,40,18.60026530645687,69.09897486616437,6.733657177345294,108.23632368653199,Maize
82,42,36,21.090435245143418,56.72423692287614,6.607414810762743,80.57598162675026,Maize
76,51,55,23.952098055022205,54.23849961190591,5.75367405177857,93.16455878819286,Maize
109,57,59,22.0443925330164,66.81563636853903,6.813876129392165,90.52041677487884,Maize
110,49,36,27.935820189850478,59.46135676045999,5.622658859159669,99.92326294455155,Maize
95,58,55,26.659966351912736,60.75783139391439,6.184398663964521,62.982938609235774,Maize
99,49,56,26.284602544991834,65.55719922898797,6.82104726756512,110.97713631778873,Maize
89,44,46,22.468740688211398,55.37939990035924,6.920481139460401,100.48708353242893,Maize
83,46,39,21.238899361972795,64.55198470862719,5.610268969328555,77.97314520728894,Maize
107,45,49,19.835826692466732,54.162034819153206,6.133266280884707,73.97483614500095,Maize
100,45,37,23.5270457526255,54.897451894051684,5.733670953328308,73.16972484290824,Maize
71,44,55,19.53533749555989,50.08140192845973,6.87805018262007,62.072314769501375,Maize
103,40,52,23.292180399897028,51.029598706296305,5.6377040436001,61.245358751735104,Maize
94,42,36,28.378009527770608,53.758005039455234,6.357246869281291,89.58430381718135,Maize
101,49,55,29.28094419548877,52.73362364474809,6.879856997599461,104.78692632172661,Maize
77,52,39,25.816058111523667,54.727444156045536,6.270206129935429,87.27722278232706,Maize
83,47,40,19.589517403709984,57.126407117031995,6.02452030964487,109.48472837544023,Maize
94,57,55,24.956837240564525,56.40685627978867,5.8029342439772496,85.86431778398696,Maize
103,43,35,25.69131718666864,58.10897152857217,6.271178812585119,103.11820493762352,Maize
104,50,36,26.88947916473945,51.05685014507189,6.604692571919684,111.20839384348884,Maize
95,53,49,20.297114001284818,60.931295081722524,6.727080298820978,65.90902079122347,Maize
84,56,55,20.44550731695338,64.3956063268539,5.620879594652635,62.14011259467213,Maize
96,60,51,29.95621660612276,59.45517775253279,5.797944314902934,79.3021931344467,Maize
103,45,46,18.96924799972153,65.16714038279208,6.593578585925956,93.67919129409495,Maize
107,55,53,19.626603073683896,69.62507509703579,5.787111331020365,100.1523242903543,Maize
80,60,39,20.1994252192319,65.93266836704665,6.1586725930488715,116.66480103774622,Maize
107,49,44,19.1671097247447,57.097976175791246,5.689848652629252,119.65559326020235,Maize
106,41,44,18.230056192622584,54.031428960999,6.085524047192814,65.88438651134791,Maize
109,56,52,18.416798788939968,61.858447573412256,6.594017502735293,94.74570963379725,Maize
98,43,42,24.400401181053766,66.14006538163282,6.945493494508953,96.82668034335406,Maize
105,47,42,20.753091975962516,65.44364423269487,6.427699362590733,91.72011933479094,Maize
100,47,55,28.378637789375972,66.9573209494342,6.385824308139294,70.51543791993514,Maize
93,59,56,18.50713579565604,51.11112205521773,6.043364561411366,67.17327309151318,Maize
94,47,57,18.814104983341807,66.33282820108461,6.4693998042712675,85.14392928725994,Maize
87,59,41,24.097141096603202,66.98177764901124,6.126162569855244,77.85757360763094,Maize
80,52,37,22.494422104401778,65.12354091837197,6.040490855065325,61.67865823086983,Maize
80,46,53,19.46087714165918,50.71014525483772,5.934503387942572,66.95113678692616,Maize
71,60,38,28.1633595324185,53.7202700080177,6.696369522134428,89.1564131968922,Maize
94,57,54,19.84660163561733,67.24755646210114,6.438165718756138,119.95510360755429,Maize
99,53,36,22.73971633400477,54.916222131358566,5.830476535645637,71.95287678207232,Maize
71,58,58,26.72441446431177,60.498955677840215,6.103698159006816,112.49398645046581,Maize
108,59,57,25.193455077871644,57.45850988172273,6.540726921770842,104.07414051622645,Maize
71,53,54,28.1765078847862,53.829144481569635,5.761086110520808,94.09984889237566,Maize
86,48,60,24.90687671760729,52.49634770240505,6.808697201278236,81.53715301320571,Maize
91,44,47,25.373181018226404,67.09380678371511,5.972092243585422,92.5944748313473,Maize
81,56,44,23.406519081774956,56.305858621850426,5.825443402764521,60.18039446875309,Maize
96,59,39,26.25368668191995,52.69663519635628,5.516115963657111,95.56418660044025,Maize
102,53,56,22.419163669720476,63.35120634923625,6.848915560728191,95.9223996380345,Maize
102,60,50,21.07492576956161,56.924039775649035,5.736519664840237,92.534897315093,Maize
96,52,53,25.391744046428343,63.61589623527509,6.153660995869581,97.31349191151645,Maize
82,45,54,22.34690064201537,63.984815150873494,6.453447937916582,103.21202983586696,Maize
90,56,39,28.23533212259164,62.66515728228953,6.203679344252409,82.6014808582829,Maize
79,41,47,22.15617625519633,61.755160252003066,6.793338526490123,95.85594211747096,Maize
80,58,50,25.07681543479308,65.53478344380375,6.104768650135165,101.32347142472491,Maize
91,54,56,19.1417346239859,56.36101884584179,5.66353082175839,63.691520577214064,Maize
95,59,48,26.050110603401393,65.51141817154812,5.511048056382993,119.06128928955623,Maize
85,57,49,28.376500355666927,63.89718879154228,5.72246880363436,80.33044768214867,Maize
99,53,52,27.947940399560622,52.104681179404025,6.941134101457801,80.50970057283065,Maize
80,58,52,24.592276656902698,67.6641128254936,5.600435205757549,100.63271932396844,Maize
88,60,49,22.85768777083308,61.7131284217849,6.841374250380968,93.1997910981575,Maize
100,47,50,18.416090662387663,56.68927170741107,5.521945476061493,114.43921645691918,Maize
84,44,51,19.963044070685314,62.405995479525345,6.7616199713525855,83.049941310886,Maize
84,59,43,26.085754435135577,51.5184521912712,5.672361222600743,60.87097782167331,Maize
91,55,37,29.226361652627425,55.83634954250989,6.540686238089425,89.41404728526803,Maize
101,58,43,20.94367352761501,58.585308476394054,6.251332835246699,75.2892964944416,Maize
76,43,56,28.77428993749703,63.89990242653481,6.540665518404208,100.78674294541983,Maize
77,48,38,28.272893755325626,55.86268881749926,5.844019923117397,93.40258738431083,Maize
83,47,45,26.903429587721718,52.601301580548906,6.570449895940033,93.55239901874324,Maize
79,56,48,25.068280463113297,61.267556510724326,6.7769258563900525,105.3356101464149,Maize
106,51,36,22.06246707653365,60.04596468515457,6.840014722547072,112.22583857417348,Maize
85,55,39,28.505989201221098,69.09302556151513,6.641851469121887,110.25128229940071,Maize
84,47,50,18.35078601694219,53.33109867788821,5.645365553420399,75.19191650804714,Maize
80,47,52,22.648396825127673,54.61423036675888,6.982478290120294,107.02102811026333,Maize
78,48,49,26.89341374647823,57.57163169407843,6.50512444020735,84.05574310115549,Maize
98,41,48,19.017862086222816,61.07062505308096,5.8548158504140355,88.0736441136251,Maize
75,44,47,18.016230643358345,58.089701401494644,6.115212027292101,80.31270107530702,Maize
88,44,56,28.39117718978178,61.7327932758018,6.582586666622228,66.42439378295123,Maize
88,53,59,18.326882061873174,63.57961897858726,6.2625294045458935,65.70444307994123,Maize
104,57,36,18.410088647915046,54.60291484478918,5.566744611786644,72.55915819729981,Maize
93,53,43,27.723301305631175,68.45506410441077,6.476537481081315,84.63385477842122,Maize
71,52,48,28.730710749643638,52.56830305239914,6.462290332217771,63.20716561263536,Maize
78,59,41,20.572725811639334,63.09031679823267,6.213986099831753,89.43180398199175,Maize
75,52,43,25.990955820821114,51.25906226105616,5.915889773151316,111.9393383905524,Maize
104,44,35,24.428106394471886,59.350908663906864,6.684770791216886,99.78069603586354,Maize
82,41,41,29.59937686729418,59.6050314579511,6.433357113053555,71.1662708675323,Maize
75,52,60,29.593175249112342,54.40712467993075,6.965032281943407,90.26494011052102,Maize
88,59,36,18.710800909563538,64.75586556037668,6.758967155917576,73.21435305414765,Maize
81,43,56,24.510446476450547,57.89132093021114,6.599351847696592,85.17650099497706,Maize
79,57,37,25.297009530194426,60.22561599881747,5.845069508549259,118.57206897619398,Maize
102,49,50,28.242959858920514,50.761371589387196,6.763975713442363,60.190960853334296,Maize
89,55,52,24.931630094980296,54.62607443242998,5.815726845364672,71.24953293218776,Maize
80,54,38,22.921878841274253,65.54059663321111,6.299204627281043,85.67292291160554,Maize
109,42,42,26.44824837853924,69.13465803598908,6.481354425830471,62.4226449018229,Maize
101,43,43,26.738441214890607,62.665271511504,5.635148359033781,79.33926939177616,Maize
76,44,56,21.400753513617985,59.629838582007004,5.899733456219304,101.84771684395042,Maize
72,52,54,21.913551596171477,53.67892990857121,5.915282286667603,92.84992857907937,Maize
71,41,60,26.610603727078306,59.49943475525228,6.949756103515489,118.71804953842516,Maize
90,54,42,20.647029699649167,51.74525830447197,5.605014736873655,115.19161973665386,Maize
105,45,37,24.62520809812513,63.809757947792306,6.226309067755953,105.25669599883273,Maize
106,50,53,25.210886333955695,55.68038552352067,6.3816113356303585,81.11830576244981,Maize
100,56,36,24.96000437260559,59.750980893632814,5.7995932094279965,62.41457414113032,Maize
91,53,47,26.92065260683261,56.96698296662361,6.3802665488050305,114.35292739066148,Maize
79,40,54,20.554053670048507,63.005616260816026,5.51555968110995,74.16744383062863,Maize
79,45,40,19.550720453751474,59.35825463051148,5.708886770978646,71.90609213246495,Maize
74,52,42,23.684596996249173,58.25016477497681,5.8571298317507745,63.13090460057004,Maize
108,44,52,26.756679917281318,61.693715453383994,6.95544492307629,67.02876125401932,Maize
91,51,40,29.7359905368015,55.473699666555405,6.806506713650022,106.90600131819812,Maize
79,49,36,24.72984045915981,68.52728661583726,5.599062915498874,63.78133065546484,Maize
108,58,47,21.223701520434133,66.30293078166369,5.876796628190185,63.39003983635395,Maize
71,42,51,21.610713186230136,56.347428307360886,6.525212223067705,79.14017769168528,Maize
77,41,55,25.35592261814811,67.24755599014654,6.848925654632462,111.8878985362897,Maize
94,43,53,26.023206017849212,67.95525524436636,5.6918690291752005,84.75061977227449,Maize
93,45,41,20.27528861525163,62.48359400061493,5.53284666025809,75.8240664675483,Maize
76,41,37,25.072927022633365,62.32146201024645,6.254020291858371,104.23196501633575,Maize
90,59,38,25.748090837384122,66.51957583986929,6.827192536785402,86.32569993065653,Maize
102,56,43,28.28624473458548,58.22168064191438,5.948828066308203,96.70062142966538,Maize
106,42,53,27.458928096066494,69.54690667584933,6.7749396368346435,105.2171368013337,Maize
98,52,38,27.88069551403184,65.07599795833296,6.2384050768357895,103.50712384939825,Maize
109,57,60,29.783514600496687,51.79995597103582,5.993091696058199,113.57363458609831,Maize
108,40,52,22.47118603011918,57.26200809428822,5.993829460582519,64.10975791989786,Maize
101,48,52,29.146082836558513,55.07010711449903,5.988193293663279,97.82227740454454,Maize
85,42,53,20.906300704681325,65.94466201222887,6.720824241209932,97.60624126653461,Maize
99,48,53,25.357017044728686,56.749001629424924,5.948656853390967,105.08407279013787,Maize
90,52,49,23.24655348987775,57.69928428400404,5.934837901962171,81.07880534931219,Maize
93,58,37,25.07678255157391,62.796787202876736,6.43358789873451,61.53545813578973,Maize
76,42,42,24.659267858261337,53.46579468881138,6.6834532941400875,71.50805448239348,Maize
76,59,37,18.531964980335985,64.64925441836463,6.765541068497215,78.01246073180629,Maize
109,59,60,19.232011559834483,64.30020973849703,6.315996008145641,114.7820183026002,Maize
70,60,51,29.198834443127282,54.63194285688692,6.534511236698341,119.10273782273308,Maize
109,49,56,22.59886039250869,60.83034254309979,5.971809495112146,61.1693638194043,Maize
103,59,37,27.300952154747087,66.35935423670348,5.730169021822163,86.33196220308231,Maize
79,57,41,26.302343100468406,50.2108640862942,6.10739661714396,107.94442484519215,Maize
104,44,37,18.652051279550047,52.13272216705437,6.44974275328705,114.21164244929167,Maize
91,59,42,20.12709402927052,60.73000886997991,6.450072599810198,65.16578280229714,Maize
84,60,48,27.794899475453153,52.34506652538464,6.087710286843998,68.40354271814296,Maize
83,60,58,23.73146756582924,63.31628322210625,6.13716262219628,99.15847283734038,Maize
110,48,43,25.519597600179672,66.54356480653853,6.912991503068181,116.5843004445246,Maize
90,45,50,20.396546565128077,66.93040401198114,5.929707077666841,114.41411366684162,Maize
110,48,38,28.694389182676506,69.23388118877709,6.693099406170736,81.85763775017163,Maize
73,53,47,24.066015536749372,66.78707075022538,6.927852933825629,119.97972522007208,Maize
96,55,36,21.047569449443074,58.107390655071,5.643649805204193,119.51920793826191,Maize
90,54,41,27.4652269191739,63.47488008134093,5.600459264423022,102.20350452485553,Maize
77,48,58,26.224945901719074,60.08612577540293,6.1334527435927635,72.40731598343126,Maize
91,52,52,23.16199091288985,50.13758977191658,6.217091910421668,99.56444605533032,Maize
89,47,43,27.353844721009537,65.50395849790354,6.752486256387057,60.09179911098308,Maize
84,44,41,29.96192591282798,54.33810012873386,5.938191903843676,116.71218022101303,Maize
101,42,50,24.405286456240937,57.75878207378955,6.581097738021145,64.8396649144331,Maize
94,55,44,19.038306132170366,59.66355822188467,5.907724462627637,78.69530185641048,Maize
108,44,39,29.845302836738306,58.03431795804713,5.9216451574290705,62.093126698416675,Maize
93,40,47,24.485640812153907,56.37380503536283,6.0004414108531545,109.26629332466743,Maize
95,59,38,24.897439330320285,63.176080077869514,6.81629053265343,66.01838321497436,Maize
91,40,46,29.054057218436316,57.95602963867786,6.746898376706658,101.05964356229562,Maize
84,49,53,23.41193837463703,52.33567542910211,6.489382906210866,87.550483907046,Maize
72,50,55,28.93910098122944,52.05704580844204,5.619276021284998,110.41533771806374,Maize
78,44,41,23.027565382560994,69.33233167094232,5.515990133010917,91.5195251086162,Maize
87,53,60,29.48835784331365,54.5311859592046,6.7949644341252045,94.3401813917885,Maize
79,42,53,24.505255900014678,62.37757797982124,6.134283113756786,64.02945596002468,Maize
93,47,53,18.16877598515336,53.13891623404779,6.429887493466907,76.00852247148467,Maize
87,55,46,21.16198528238011,54.31126271394062,6.99679450747373,68.87273947321117,Maize
101,57,44,20.49027130362464,66.72280264651803,6.398158056271365,67.09597572530888,Maize
89,56,38,26.219921107082218,59.94341476766926,6.501445214950683,89.98385749980935,Maize
96,47,45,20.40961293471405,58.768729982811976,6.459473626658138,76.9915334935181,Maize
77,56,48,27.971907423846105,59.56490375005052,5.521699137302815,77.7760201128674,Maize
73,49,54,25.886672357506868,65.88072240529412,6.528515151139761,66.46860807323925,Maize
81,41,44,27.759591580630673,56.27205214453645,5.810210285294199,69.26151293046962,Maize
89,57,47,20.45446838952978,67.80035161090098,6.294081897486194,119.64997120455865,Maize
99,46,45,26.864851414691795,59.50277989932876,6.13773270616069,84.84550677768217,Maize
107,59,50,23.196782376678144,61.306549740568826,6.986388484344232,91.44895662804097,Maize
75,45,49,18.25621442918091,58.933916177648264,6.18211822557016,106.5078167600301,Maize
102,41,41,27.170657591008215,67.07285276292039,6.9136442872109125,88.86012197460133,Maize
92,56,52,18.210919287301877,62.4096679558204,6.819703524718655,116.98149078738987,Maize
89,55,38,18.51384492378712,61.03051305780425,5.738917550060279,72.75442396591832,Maize
88,43,41,18.6891467067384,57.41732343008129,5.984614739865884,68.26072997885346,Maize
105,59,47,29.640209353459536,62.055028230829805,6.969849695120445,62.153614348887764,Maize
71,58,43,19.608195096042138,67.77699518521159,6.930337944486595,118.56784287055606,Maize
93,47,45,26.136236030950478,59.238597446328654,6.666914157554352,87.63821907699618,Maize
76,45,46,24.631081177484745,62.43223051018526,6.222703598941694,79.1717398736454,Maize
108,43,41,19.628599706139845,61.0563993877945,5.62650218037947,118.29301683748402,Maize
103,59,51,25.79738900507551,65.79738652201254,6.676617205627,73.74270460650408,Maize
76,40,35,29.393034174697696,65.6837570643637,6.531289418757813,60.839278751703894,Maize
98,56,46,27.344130867198487,61.33291845652862,5.637569367737712,66.17333612533233,Maize
84,52,39,21.61698046659864,53.69382790642764,5.511230084169092,86.5829741310505,Maize
84,51,40,28.87583103033314,67.53917411394342,5.533359442916163,77.22891792051934,Maize
93,50,47,21.92604876821023,67.32201265273079,6.815725203590985,77.639284735192,Maize
100,43,49,25.317709353507883,56.5290048648912,6.4018129877670065,65.54747528798173,Maize
78,52,59,20.069223202923688,68.41102653956459,6.097978259285153,65.34188242031898,Maize
83,44,41,28.894830555491275,58.954349423869346,5.986500267770546,75.53156145228876,Maize
71,57,35,28.428204110950475,58.42518904960093,6.811385610594336,101.49981532835073,Maize
99,59,53,20.424766320600977,66.22426948121597,5.6102225750560875,117.0786763177585,Maize
94,49,56,28.81663700179287,51.77034057072673,6.948339329334244,108.02376385583204,Maize
82,57,41,23.004783582184903,50.727024402167935,6.39470727380756,108.37676677469423,Maize
104,49,35,24.049276339104395,69.23181819243001,6.117292091694539,66.17642981293902,Maize
77,48,50,19.946770687133373,51.84769939037667,6.892455970678434,108.69033388147346,Maize
70,58,42,18.47412385241007,53.134151876019956,6.017927809918185,83.96258441154833,Maize
105,41,40,29.68520871811637,59.3688607619098,5.648281511956817,107.3464121840048,Maize
106,47,49,19.997140511717184,67.2994457074414,6.922760778925904,60.98619307321972,Maize
77,55,46,29.592075014348772,68.84863933270182,6.243863583864596,106.8349665336143,Maize
88,59,39,28.998158259071772,50.90386163615379,5.5322441479350495,88.48161849684266,Maize
80,42,52,27.957716065813102,60.338413117516936,5.6685973888685135,86.75873295986896,Maize
104,47,59,20.535852584072828,69.0813795098708,5.530893550065945,102.41703714526547,Maize
99,55,50,26.13915340137351,66.35910869495422,6.173184161133668,119.96875494575485,Maize
77,50,47,18.833997457121956,58.67395409881972,5.646807011681466,61.732502268381545,Maize
71,52,43,19.509609891176513,51.954180419609116,6.279681725020634,90.56719787978838,Maize
98,59,54,20.325905979256085,62.34292757257697,6.115803136386517,88.355616730528,Maize
97,47,36,19.626374248554104,55.27439227864254,6.169142136274458,85.57788807093701,Maize
79,43,35,27.17623885469559,56.38357137617571,5.93945057667794,76.2893770826519,Maize
71,42,43,25.31226132043406,58.51969070880399,6.935425125941435,115.13000547742979,Maize
101,49,36,27.609781837626613,50.748436629348184,6.879508546864733,77.22571521015306,Maize
92,46,55,29.963976762503435,53.95034247780603,6.712822195615401,79.52814683066478,Maize
70,54,52,18.16899487037759,64.45298538086512,6.212167258268765,115.61850928877098,Maize
96,48,40,22.802763499239983,69.75112233030978,5.955065255851146,104.08553779834416,Maize
108,48,39,28.34994156242579,54.61289104475807,6.564884197985113,100.12773333955522,Maize
74,43,52,29.711467516352972,58.95248302256557,5.967377585391038,84.68363508429313,Maize
96,41,51,28.143897806602723,66.64119141449376,5.510158367001238,101.79079105017678,Maize
103,53,44,25.9959910433285,69.13584782534372,6.0195573586703235,63.093032442616625,Maize
90,56,46,23.543725579219803,68.14814365024685,6.596685914428729,115.52151519705652,Maize
104,49,47,22.741654250422954,55.942383829294755,5.978475595696586,75.9998100373273,Maize
85,50,46,29.28923729842655,66.64691929760436,6.681133611707597,110.03964709149653,Maize
91,58,57,28.183917463375522,54.32175040277222,6.382800308474922,75.60097535943052,Maize
89,40,44,22.712256142575907,54.729036347376976,5.701233940454001,73.27633407665034,Maize
71,44,49,19.56797071362084,52.441412488863335,6.443589135291102,113.27827515969949,Maize
72,52,36,20.98001377043853,63.813155091647864,6.235896503109782,91.77779348394115,Maize
70,43,44,27.310530677967346,57.32490110196509,6.4910670317157075,72.3688103890094,Maize
92,58,41,18.713777270303762,55.88637385633319,5.695534793342461,87.83394022898531,Maize
108,45,43,21.027746916940917,61.3180568783508,5.772672181418537,90.66660944249186,Maize
73,59,42,19.643735261652367,55.57723887393783,6.134068345369067,89.02911074976518,Maize
80,57,60,29.66075956567421,64.77634566028912,6.848479224534428,75.39036559428574,Maize
95,53,52,21.591569789461442,61.546775869063545,6.862281352923083,78.98770007171314,Maize
90,54,35,27.549764867258652,66.59571987470207,6.726096480056793,85.0421596191832,Maize
84,49,44,18.11808381247718,58.15663419451076,6.4246425227319035,102.73380497779594,Maize
87,43,41,26.68921320649295,55.99377767741081,6.45504441836187,80.78300066689253,Maize
106,51,56,27.307373727690454,64.04618587792763,6.121948878572085,114.75057351890494,Maize
110,54,41,20.059205608069487,68.27958511787548,6.050937113107792,61.9765764814894,Maize
92,48,46,25.79923377105563,53.23446739329061,5.742728210689448,118.21301313323362,Maize
110,57,47,29.415811611130252,67.57508796351837,5.7943197041373455,70.5925007189829,Maize
95,48,36,21.09172268849025,68.5996133115869,5.5409098104072925,71.75827539003099,Maize
74,55,58,24.655460124887657,63.831055199921494,6.781641638278917,73.20779913925949,Maize
89,43,54,19.847339472410834,63.46134854237129,5.962530694020486,72.2428410510227,Maize
107,42,49,24.915025806435423,54.13872485820157,6.878339064922262,69.31725570753773,Maize
74,52,51,26.170778345345294,54.25477450563396,5.506271827572159,119.31049188905916,Maize
71,52,40,20.781695391880216,62.45267620740107,6.1141571530925845,105.00325859989529,Maize
110,50,60,20.69047613140436,68.67964841410028,6.430914004336111,104.89520414473847,Maize
102,56,38,18.386987542990006,64.562524755516,6.005319038811092,77.36392754088905,Maize
84,45,44,18.90875926198403,67.46136721474107,6.638373042695846,101.25009297815518,Maize
102,56,35,24.14546890535218,62.85402462282959,5.928525708052988,68.175017227919,Maize
107,45,51,28.049990009269912,58.670874579573514,6.264678303662523,63.986500350815895,Maize
100,52,51,19.108634513471358,59.17785783932311,6.339228852115187,96.25929998269015,Maize
104,56,51,20.823119827811702,62.620679413237184,6.453808098904124,102.61348730759997,Maize
105,43,41,22.89443885192513,58.17888832304589,5.698082734724014,62.78641613638816,Maize
92,43,36,19.70098292357778,53.41929328294724,6.407760776393212,61.82554620362315,Maize
75,58,47,26.64143534714364,60.030237525182166,6.358780388327815,81.58755258801558,Maize
79,53,50,24.753532551716017,61.84718042830836,5.527978917393138,92.44450300058563,Maize
74,48,50,18.091402304778647,50.98293445556173,6.562157108801575,81.08264892635006,Maize
107,45,45,25.92151944811717,61.78326871335856,5.9863500676119425,96.03502842906813,Maize
109,60,45,19.882896084078915,60.71232465932396,6.837082765869254,110.88800686434868,Maize
95,43,58,29.76157132919746,66.70207476227333,6.746374693103343,83.96731857091198,Maize
82,58,49,22.497763627220856,66.2216945679816,6.112268342211184,95.6469443224967,Maize
107,56,52,26.104367288497244,59.64088592574002,6.158495644380292,109.72892698185768,Maize
101,45,48,20.393727245999962,68.25881270489869,6.507141550586603,95.10683463458244,Maize
100,52,36,18.550534980699073,50.37353769273569,6.8116480920316285,90.2956871333443,Maize
105,59,36,25.253919982442582,67.96170880998193,6.035796354508626,104.56971383802212,Maize
86,53,46,21.01873529446143,60.618115734392866,6.032226674714659,118.35148509269635,Maize
86,58,47,29.179582049644637,65.1081021904547,6.386931702338282,62.304150366540796,Maize
81,56,43,28.552948132486573,62.85442299102891,5.948435862282863,113.84802571462235,Maize
103,59,58,21.40280366047707,59.38863291576246,6.707694015826171,87.0631933841395,Maize
89,46,53,29.638235866527154,57.05171421168176,6.087781440477931,100.00330973753746,Maize
93,57,38,28.51214654432264,55.88044085303251,5.625052726704369,88.52257107739665,Maize
98,49,36,23.41625215195164,54.82893079639016,6.691253705182269,70.74841917037065,Maize
92,41,36,29.54121268881548,66.64713824922833,6.10468982343455,80.04497668564267,Maize
104,53,49,20.989530212066306,56.93069326365182,6.949604805574642,111.9492400251676,Maize
105,59,42,19.918897239864616,61.59209843170513,5.775194457336638,114.87695564422411,Maize
103,40,47,27.929031746893507,68.2406368839461,6.692078411528679,73.44213757682274,Maize
96,57,41,21.539598694316535,67.94928420996777,5.642593418229033,102.10823795558875,Maize
86,41,38,25.739408842366338,52.59607427599286,5.60546915800259,110.84604291299175,Maize
99,41,58,27.30047492773945,51.73413052441926,6.169416650351577,98.83188226447736,Maize
105,53,53,27.036824182969863,65.841551558376,5.945634534397573,76.493362074201,Maize
95,51,45,25.516343338318524,65.84905490887866,6.662256863296785,64.54625189638091,Maize
106,48,39,29.218259560812022,54.113610583619355,6.81260406554349,117.39823364296753,Maize
98,41,57,18.378540314369694,55.87291386650576,5.709691728002675,105.31461997948603,Maize
84,42,37,25.19577179044034,59.6897442603087,6.497644494107259,66.26851422667099,Maize
81,60,42,25.06977722040606,65.58396944103022,5.776092672170958,83.57525681390729,Maize
77,41,42,26.035084882029125,57.7868721988215,5.915574546623076,87.01773875079294,Maize
100,54,42,21.021959026598832,58.08002825200673,5.509776457070105,65.2668145725577,Maize
95,60,48,18.18176951492203,66.24260799523844,6.819377718700062,112.69482308831944,Maize
105,52,45,20.509936721898338,65.59737395234015,5.509675633653189,105.59080534730882,Maize
71,59,39,25.557580402788965,53.63807449538338,5.782373314797395,101.07589852513273,Maize
104,48,55,25.902775770036357,53.13207380466434,6.582549611990873,77.73779364168517,Maize
80,52,40,28.135181889665574,63.26013951507848,6.620711928079643,94.34802573677675,Maize
108,44,44,20.806018076064735,54.51362883878403,6.5451782442026545,71.86266160036566,Maize
76,52,39,18.524296279428114,66.5950595656039,5.611611372282383,114.2792749009262,Maize
99,59,58,27.733089353013092,51.64245121178328,5.886346920131421,108.91476573562014,Maize
73,52,47,26.084057847930058,65.82779551226218,6.711622449554492,67.62862635273146,Maize
74,53,36,20.24190444878065,63.84918855202655,6.813559539980712,93.85547594043115,Maize
79,59,49,20.95645345663988,52.12776261791363,5.692290796268349,75.48942110731267,Maize
84,49,53,22.643824022175032,60.98150789703484,5.8790667376263865,106.54207060503384,Maize
76,48,40,19.21015799122294,66.04002066579798,5.544665956749333,109.3154540172281,Maize
89,53,42,24.278411814191415,58.23582299154664,5.694921259399499,113.26278672353081,Maize
97,46,53,29.947310106602906,68.75476469214688,6.068946277892691,83.88160813854962,Maize
107,44,53,24.562388153864624,67.16651294326897,6.621924615718873,76.52104524877657,Maize
71,43,50,18.755029887878965,66.83471736072555,6.183607000664652,71.20598553588324,Maize
93,44,39,19.203259943008845,61.28588771685803,5.590626320360935,95.8764750714765,Maize
108,47,38,28.77594626981344,56.35055685520097,6.511807720606543,92.78390717173912,Maize
97,50,46,23.53341117590957,61.90611694409725,5.539971261175246,107.71226868701645,Maize
83,45,42,28.739354094842692,51.93414689296361,6.241256028305738,77.14898126743164,Maize
83,58,60,24.39826216666551,66.9198689221332,6.681339905019639,88.87196936357432,Maize
96,50,45,20.264952742991614,55.31211951181749,5.724397155366665,117.41153066421498,Maize
93,42,46,20.073488710971873,51.25324082411909,5.833120435306928,83.88925257232833,Maize
72,53,50,25.435815441495144,57.60717251957209,5.931746169091689,89.42202395957642,Maize
92,44,50,22.251008545002882,61.90232258085929,6.4002779861434,75.13790567804934,Maize
77,45,39,29.62941151309186,66.05825869654487,5.732419071118122,102.08989224259611,Maize
82,46,60,29.545172214013306,64.51380952347287,6.007609520978902,75.03769451119092,Maize
104,46,55,28.80898298154839,67.14711057884647,5.895292530125116,87.74724232059503,Maize
103,51,58,27.87089692540624,67.12579101281152,6.931338405664812,93.29453581185277,Maize
98,52,54,29.182153078739216,65.69560120913611,5.560441464299592,115.06979541849745,Maize
71,43,36,26.650263526724753,64.31777335873788,5.965846966274652,73.35192503075173,Maize
71,44,46,29.774062700058018,65.67025159513679,5.788129935564605,92.43563049664668,Maize
110,41,55,28.39174753782353,64.7385206608845,6.365429403527697,75.09283033311213,Maize
86,52,51,19.930239718798504,63.79659001975885,6.283380889268251,91.50106774531362,Maize
98,49,44,18.69983771419941,59.56231158062571,6.770954924803168,74.31654255192939,Maize
84,59,40,21.9356412288697,65.90343912821174,6.978657659264287,78.93090543916126,Maize
99,54,45,21.443870992802726,52.06753148347094,6.030860755954152,62.29874468830346,Maize
71,40,49,29.536595087222246,62.79818741017399,5.520225597698564,104.7905117862174,Maize
105,43,57,28.424390185156973,65.03622254802515,6.406011036656265,99.6611706853379,Maize
81,49,43,20.45689416391279,63.096898826562054,5.77625890539676,99.75256389559165,Maize
72,42,56,25.83628380692405,54.09281626466996,5.5064368337225424,66.16394422210257,Maize
108,59,44,29.973152365763106,69.19491446265349,6.587679210041408,104.13269118764046,Maize
107,41,51,23.479939041165334,63.32193191226292,6.634690450423713,81.90874417564959,Maize
93,47,46,18.653763186375436,64.11319493042369,5.943908576284888,63.376013683162014,Maize
75,40,37,18.785573686330256,69.03380277577895,6.871185682392861,109.9042988008186,Maize
73,50,51,24.253999344675353,65.182507788533,6.846031168441659,97.14076223754248,Maize
99,48,38,21.357247716446857,57.58751957783235,6.588229039105779,61.30969477896398,Maize
71,50,46,21.150518741522966,61.23410060653596,6.699859756241751,69.25893607586943,Maize
94,43,44,29.986213681879583,63.93716498326268,6.15204351916143,67.10605077272308,Maize
89,52,54,23.412040101126774,67.21862739160258,6.623703283846913,108.13389073871512,Maize
94,57,38,27.81698484670329,63.03661761692073,5.567679311113078,104.3169289995748,Maize
72,52,35,28.754560956081846,66.1198491839181,6.653507384198206,72.97120252401197,Maize
73,42,50,29.562076365178164,54.95009381109724,6.455476747863328,93.49453439874057,Maize
89,53,49,27.54967910792153,68.60362760015875,5.883854725124285,102.97190879066581,Maize
82,47,57,21.983639792805572,59.37463971573419,6.43065646362699,100.14495500001361,Maize
77,53,60,27.77791494445535,53.175464056307284,5.68475729362324,61.20630249303204,Maize
78,54,55,21.90854881137379,63.51641435630256,5.95498692013063,73.59963694347441,Maize
110,43,40,22.09052812802733,64.29433839667517,5.71135071624676,107.15935518128363,Maize
78,46,53,22.73154933805054,65.85866516282793,6.3793607729212685,73.00985234488161,Maize
81,48,41,23.518756108947287,53.69706561705941,6.711285459146573,62.22174396468721,Maize
88,55,56,23.60064460057707,56.15286127962801,6.318085174813131,114.4984860492826,Maize
84,52,50,28.778652749269504,51.80804218454449,5.734544543649405,86.85906942518828,Maize
83,52,54,25.516496671479743,67.17540333269966,6.198633927169459,106.49128931040356,Maize
81,32,33,38.33327676821019,43.67045250678743,6.409818806961383,72.91129894856464,Cotton
53,25,45,30.933721631059612,44.065558320216155,5.6204379771908775,73.7561990392506,Cotton
70,34,34,30.87998022942795,47.96285447733572,6.66092492340572,47.43784583626257,Cotton
74,41,32,35.86229816765764,46.46269622874201,5.620595359440236,33.414839786169495,Cotton
58,36,40,36.627751635459184,41.319005438422586,6.243972328882642,74.63631485969657,Cotton
89,39,44,31.303075767716443,46.17042897015683,7.718831199732028,39.987512064040565,Cotton
59,36,32,29.998021829438276,52.72517830054287,6.689172896454387,31.85828958410466,Cotton
69,40,44,26.07365987760684,44.68191224477545,6.312660799307788,37.06574237509723,Cotton
65,38,37,29.340827650971917,49.93480995431657,6.57439703302725,72.59612277619159,Cotton
82,44,40,29.69399577524524,46.31345608035556,5.9697404107647145,67.11060795037031,Cotton
62,32,25,30.512087842633818,44.569880003898625,6.579509312455466,65.22268944840783,Cotton
74,40,27,35.42653803659563,56.43371355887783,6.861226205515111,54.80243329835617,Cotton
60,43,33,38.607152159681796,53.63669805612226,6.7222059021433616,59.06413996581006,Cotton
58,37,37,35.312038869531385,49.062101625865516,6.349702418147715,54.85194080773013,Cotton
54,26,25,28.326010439704504,50.59562961190784,6.572401802381628,42.05030951870412,Cotton
83,45,36,28.068418156307555,56.907381844478095,5.500952182931852,70.34556809566607,Cotton
89,37,25,35.899181270842696,57.60124696152103,7.783660781116774,51.4094393181897,Cotton
76,41,28,31.559210254149495,42.01325660661029,6.367260881542171,63.81230799394149,Cotton
83,35,25,25.95787278524142,43.83312742735084,6.871440238440477,48.087834151328764,Cotton
69,42,29,27.430122660375382,41.02320915114514,7.0350911225603365,69.16418919041328,Cotton
64,29,45,32.38613533338036,47.0101319914135,5.584176167413801,65.3077903615731,Cotton
81,30,42,31.644560370513997,49.39580462949466,5.8056138345521076,69.09925835119836,Cotton
75,30,26,38.95115655990682,58.7553191080365,7.886501835614132,47.41167994282617,Cotton
51,42,32,33.79522451200735,41.111969205840076,6.067463109349869,36.93056022132094,Cotton
61,44,43,29.833018104243376,45.461114896791244,5.731677653034338,59.21783349390971,Cotton
52,26,44,29.068008575076238,58.14895146947799,6.774682179472107,35.39612995755998,Cotton
61,33,40,30.549560859328672,40.702299734458975,6.564333606007443,68.98953318770197,Cotton
78,38,32,30.66277332694198,50.03250845445449,6.27989177116863,69.80110269749923,Cotton
69,38,32,31.429808671658826,56.44148304504274,6.632587341230301,61.30138657312982,Cotton
81,43,45,31.30052804102788,40.7015536233664,5.514751204984856,76.27628910506027,Cotton
83,38,30,38.14367595076294,48.64226091439062,7.52952852102917,69.60895303407762,Cotton
72,42,42,26.7011917251143,41.71092498589924,7.507120577395591,50.13142785525636,Cotton
57,26,38,27.60211711505692,45.184180132236335,6.812235181348789,75.40980605476821,Cotton
63,45,40,25.500816344905033,58.655557701033246,6.1935776964847715,66.73411774260859,Cotton
83,44,33,33.38632439437595,50.929828937172616,6.359982096614029,64.22385449724194,Cotton
90,34,29,25.867716308296576,40.20253157932397,6.681216800367975,53.8959354757925,Cotton
76,26,40,34.15857080505127,41.4198072216731,6.0183456876277335,77.59953630274777,Cotton
71,31,42,31.436235953173153,41.203142706308526,5.711687761702672,35.90651679294776,Cotton
59,36,30,32.64901628667628,57.44166736595214,6.835527885108194,50.59299255801044,Cotton
64,43,32,31.905332504506,49.67830386687488,6.577401665163144,63.214940085787944,Cotton
52,39,41,25.22153043085683,55.47761696754524,6.407265938997836,32.99034679313864,Cotton
75,28,36,30.454536205659263,45.85075645720138,7.802490310608019,72.31499712251983,Cotton
67,39,34,32.930627409323804,41.89169984850571,6.545886469228744,41.44105199861395,Cotton
69,44,34,27.106601410091383,47.412051782910126,7.1949472482675425,67.45243442940097,Cotton
82,39,29,29.207544287848844,57.72648399338465,5.87517441416394,49.83437397831419,Cotton
70,31,33,26.094775578669353,46.1590946267121,7.268492252445673,57.063887144785646,Cotton
78,37,31,33.14055641862149,45.24016699085498,6.963231583995681,76.96005977918875,Cotton
86,26,30,31.061571961197245,51.555766376994654,6.2503694224527075,75.19513751892205,Cotton
80,31,28,39.431891234540515,52.042685321381605,6.1862078977459465,61.74200519716118,Cotton
50,34,44,36.48809351113361,49.700663368926,6.576587410425509,40.58589823975022,Cotton
51,38,38,37.597467455639574,40.291689101005595,6.2452377213648695,68.73167900368466,Cotton
61,32,25,36.80253676806773,45.55975896019697,7.672331020347444,49.48054398448342,Cotton
87,36,43,35.17074826746629,51.56975900467661,5.655903299236253,60.72963834683591,Cotton
60,44,26,28.368866818991023,59.912353686307554,7.717314480533151,73.80503780302018,Cotton
60,29,40,34.85062856135043,45.12679623650418,6.792870809336723,34.42190479410521,Cotton
78,36,33,36.666782922325396,52.41726550982889,6.766799257570902,43.64115199408815,Cotton
57,45,25,33.81478848136449,47.58119631472969,7.200116890030109,48.148063924471415,Cotton
82,33,45,26.188951474523034,52.52529358484896,5.568142411019904,52.617487303373785,Cotton
87,45,35,36.315894948486864,52.830923812317295,6.388726133061523,61.526039038359706,Cotton
52,36,38,29.59794783741512,50.16272407854315,7.3893189977986555,46.745911601805915,Cotton
83,41,44,30.867198371410243,54.568327729574314,6.282308663143983,63.657739877024504,Cotton
72,36,26,28.56247386884274,50.659633159383986,6.1201284204530575,73.48106334694523,Cotton
61,40,38,38.773852091325885,42.464778409183765,7.309662404445864,75.87587411951523,Cotton
55,30,27,39.116642942407985,49.97587073570577,6.431245053857926,53.509971059736394,Cotton
85,30,30,38.757463732675134,56.24355633148032,5.668164818372668,75.81261727353109,Cotton
56,26,32,33.98214102028246,41.6525947373638,6.1897137756488565,42.66447355771694,Cotton
84,29,44,35.21135694875014,47.62786344208788,6.124760223187053,68.6692976763131,Cotton
55,43,34,36.083929020031775,50.60803672481869,6.364565415383392,51.01584683189391,Cotton
68,42,32,25.404724172561338,44.70174164865333,5.633424747555731,51.881140237001894,Cotton
74,44,33,27.99203406033987,50.769550299038386,7.931050961095014,78.96471504615673,Cotton
76,39,38,29.695373600353317,54.24781022363507,7.944545904556506,51.91016560131736,Cotton
87,35,32,26.719181456887345,57.00769355276083,7.857646080054561,78.9806298456736,Cotton
54,37,35,26.751810707294,55.76290911665753,6.80513468738298,79.60538363270686,Cotton
64,33,33,30.722976883563017,48.916406532007585,7.70303747879261,34.986571710471495,Cotton
83,32,43,32.88265921603583,52.754173932208914,6.6826663120614915,47.29304159125325,Cotton
81,41,43,35.07576464328643,44.31000746279873,6.1474918819696756,57.9487434449037,Cotton
65,38,44,35.234594534141905,55.11425456883964,6.084430406241837,67.3080252688861,Cotton
90,44,37,26.22824069409113,49.16186630675956,6.585328544163038,65.5710339527596,Cotton
70,25,28,30.507007807929853,57.104284006163844,5.622105485130739,52.50186563014712,Cotton
68,45,43,39.73642683893097,50.08295580326806,6.531141463015178,42.63805294038997,Cotton
82,25,41,39.9201325927056,57.04556321294258,6.5653007596991655,40.68929986918229,Cotton
79,31,33,27.865793579026988,54.953030697187046,6.559244539940096,73.87464798496828,Cotton
70,37,38,31.71708239882642,43.71632210221909,7.42729270559162,34.36115602943303,Cotton
62,35,30,29.797399150496574,53.924236737499555,5.540624386847827,31.988850395681236,Cotton
60,38,40,33.82611604950243,43.72392015478724,6.812246554306965,32.809767372408515,Cotton
67,43,38,35.063019707267586,51.77310499433519,6.666539999587337,49.30740982681936,Cotton
66,27,32,28.908223028134167,43.41801494080186,5.868283055198569,65.8129704447606,Cotton
71,38,26,29.2692456658462,47.923380038298184,6.404925167191367,72.46098006092714,Cotton
62,37,41,33.318869673081835,57.038186709635255,5.7038499336497,65.61708837432909,Cotton
82,43,35,31.568749609976337,56.75118395637632,5.516931033100663,32.10411201706333,Cotton
51,28,39,26.441910559771273,42.1707012253725,6.09526221569559,41.3731956503991,Cotton
78,25,45,34.79727958151567,53.24031240746724,7.839536830951555,31.699501215938405,Cotton
77,44,32,28.893557175763245,48.52147441965595,7.485387508640535,56.53355409030458,Cotton
82,28,40,28.425243456102624,54.78693056548646,6.741050905341986,41.23040498248631,Cotton
62,35,31,36.2420198812134,50.31290906609069,6.501512007872439,73.04308212031799,Cotton
70,28,28,31.506716908650663,50.73851182374264,7.554190288291414,75.61067806243773,Cotton
66,30,38,31.84355981492623,45.66890047185011,5.570406406555888,47.339633676184775,Cotton
69,32,36,38.83578514996845,53.86855409001711,7.663101789440847,43.547757687696254,Cotton
67,44,29,34.77461467816672,44.41892141578087,7.426802921867584,65.68374907909651,Cotton
67,29,33,30.40092936491136,49.02076085896108,7.192502528844439,55.61862725934566,Cotton
72,45,44,33.53204414787052,43.88677883394305,7.767993736116232,50.54766854423541,Cotton
67,38,45,38.66141407596369,58.51878121128958,7.29990392783915,56.67321797686621,Cotton
79,42,31,27.751368574966722,42.58680529331457,6.9562332163767,61.70949057539375,Cotton
57,35,38,26.08106391373257,53.762606733190516,7.736978582232115,68.9104172178023,Cotton
53,29,26,36.79219760943298,53.96300040481764,5.660652549169794,36.888419995545874,Cotton
85,31,33,27.332107703869546,47.45029774642536,6.779247217637559,78.2156057572208,Cotton
77,25,28,25.748632650762985,59.073845273259664,5.953485453261305,54.93919962895464,Cotton
86,44,32,39.24895019711597,45.3690954798139,5.825285447881406,50.24677153055458,Cotton
61,38,33,35.224886038859495,54.23215231122527,5.882199961473497,79.23402252155529,Cotton
81,41,39,27.45478850645892,54.77857890055691,7.841269703418368,77.32162845853858,Cotton
57,39,40,27.45914397036301,56.55202366544525,7.056700792057605,55.77921484748758,Cotton
60,29,41,39.85950178272137,50.93290787262832,6.133831242848758,38.6198733588456,Cotton
75,43,37,35.394412587913095,59.26892470899084,7.629868881501312,54.41745504394444,Cotton
64,34,44,26.947664141032615,54.40071827768044,7.981029750426094,41.283430616848165,Cotton
66,40,38,32.94518166604126,41.93099375093507,5.766483454895402,48.882786332557274,Cotton
79,26,41,31.846361932140123,50.50792669776559,7.214491286770378,34.147306012295296,Cotton
60,33,38,28.98894393443533,46.505094309511776,5.976103266098586,30.31619368692945,Cotton
80,28,40,39.881550959772255,43.311152150651836,7.653728697123979,39.65474274525839,Cotton
63,26,45,32.904922787427694,58.16568610008529,5.876653911883745,56.27837951158794,Cotton
72,37,45,35.88940849983306,59.7810889777116,7.049771181844937,56.30659195700884,Cotton
81,39,41,35.969548603771116,57.97716786590651,7.3094657788483595,53.81762686241301,Cotton
76,38,41,30.221386707039304,45.474744130394825,7.296193507776656,60.76002422914999,Cotton
87,36,33,29.04949774403027,48.28086217922473,7.51611640568203,30.278796052363123,Cotton
62,35,37,34.2825375701503,46.72084899235766,6.325140001033073,64.11685602703149,Cotton
64,37,29,35.54631834521328,46.431006244254085,5.680287655976306,43.20374225364536,Cotton
88,34,30,29.912586718125564,41.5832897792935,6.933820054931799,31.596346694715294,Cotton
88,34,37,39.74028448110839,43.040104193500724,7.882288136065071,39.49884976377798,Cotton
63,34,40,35.79873190360319,43.05024343621946,5.6124546387773275,65.71529091584642,Cotton
78,34,39,33.1021312023444,52.74882244099695,6.792297930475848,39.28527034804473,Cotton
57,31,26,25.322070526424763,42.88071340057611,6.392790000991489,69.7479046194596,Cotton
69,40,39,38.251917050643634,49.90661729663248,7.071789716127085,66.81421156643222,Cotton
89,28,39,37.334144324709115,42.72712818617404,5.831920573671713,79.62329986634433,Cotton
82,33,31,31.73440691094168,44.70038322458635,5.854514059741152,48.450479533295834,Cotton
75,41,26,35.3673736983112,53.53349237539665,7.9694923238367785,61.803264771343876,Cotton
76,36,42,39.726941522267055,42.132943965459006,5.622122427578606,30.464224968977334,Cotton
69,39,33,36.18523607924875,40.49915493555073,7.235047501514044,52.682254847736374,Cotton
50,39,33,33.86225416078578,53.61226947316227,7.05125251939646,36.51093972888404,Cotton
85,27,27,29.80431872155392,58.70346730223116,7.708758349609523,50.95756836150647,Cotton
57,34,43,30.65419834659415,43.5495664644727,6.967067220796649,42.99176728739597,Cotton
78,35,42,31.23401337664238,55.86146307493351,7.849395654799979,55.09140856219814,Cotton
72,45,39,29.1139230785349,54.15501336607692,7.143150520735356,69.23490995096864,Cotton
56,34,37,39.396976086462146,52.84215821276085,6.150573075305918,59.88549841449887,Cotton
55,34,31,37.89374475038533,41.0461171598213,6.47357811661785,51.29226966960634,Cotton
76,26,45,29.413147452189943,50.10619037678978,5.69542385840803,47.07158297177621,Cotton
53,36,42,32.259994613934786,56.366349298124305,7.632456296231332,66.54619578719453,Cotton
69,34,31,34.905726706725716,56.13290273253739,7.4227930301782905,77.11864506975127,Cotton
60,38,30,37.79819331391514,49.26040122909508,6.744196717405368,62.12237786993815,Cotton
85,36,25,34.13126448047463,45.86206366276525,5.805487118926145,74.26130838538785,Cotton
74,31,25,37.882657784141266,48.74611792005464,6.147044667613469,35.098520163523816,Cotton
88,45,44,28.91868795447093,58.335261347490366,7.979368367406849,41.66938631805621,Cotton
73,43,29,32.71990574709308,53.05200822515431,6.307482598440022,75.79633133170873,Cotton
77,43,32,25.603218955947874,55.307899894180494,6.070173567122406,40.66324993506664,Cotton
54,39,43,32.807800406687285,41.34401986369802,7.0870890785723795,65.8679407312357,Cotton
66,27,34,29.87067162968834,53.56173824956095,7.886975619397175,42.42491996665869,Cotton
70,29,38,37.30414723397523,44.464533961476135,6.04479400321214,79.23775068668604,Cotton
88,29,31,36.59687857646726,43.6553098447045,7.40437380670223,57.989769327593685,Cotton
89,25,25,33.98500819505491,49.885196726262585,6.468225180003264,57.42547656138459,Cotton
85,44,41,37.503742458002755,47.87998995704737,6.324651932775466,62.16786931766842,Cotton
84,29,25,29.703667769935382,54.22594365291515,6.59477644674445,36.263634973437775,Cotton
82,42,28,26.296646483972218,49.91261140576276,7.7189168788986775,39.41970388407669,Cotton
72,32,26,26.930628811729974,56.91368775362476,7.511903518634826,52.34308420661809,Cotton
55,27,40,37.98775227533508,44.55611792939648,5.993953548399399,52.81943461033248,Cotton
69,34,33,32.54680018261086,54.00329199623355,6.756300639143591,56.35135486994004,Cotton
59,29,35,26.982445310178218,41.7993622648411,6.884994630015976,79.32704580985829,Cotton
68,45,38,36.46243968069683,59.81514571525078,7.2311388786091255,33.36412697764645,Cotton
50,40,32,27.06169915188731,55.09637998936326,6.724509283495192,31.929174014917095,Cotton
50,26,45,29.7884714768117,57.10048904628243,6.409832457576644,78.29093720972931,Cotton
55,25,27,38.452749823226924,41.24551126599287,7.1800161853640425,71.57934555937541,Cotton
90,40,34,25.233783400039155,59.476989072887065,7.95028833914054,36.36792202522825,Cotton
76,26,25,39.75975222081577,48.59724377462324,7.9760385519640185,58.073347279039545,Cotton
71,27,35,30.03050104984993,55.396433250004954,5.6016793463980115,76.1210616916967,Cotton
55,38,32,38.30667014288795,47.52588783457643,5.801064335815533,48.03943932558185,Cotton
79,28,26,32.707833309657,54.419239406327,7.217042224478902,66.55789126381036,Cotton
81,35,30,33.59603984045292,44.528644912356164,7.000714512352886,34.00612117756915,Cotton
79,39,32,26.620416072290617,54.75610365877039,7.31224567158567,50.462509839455876,Cotton
68,35,25,30.563909521280813,46.94766365938176,6.543571450932222,78.65482957653725,Cotton
54,40,33,27.244459184814943,58.52712524662569,7.260096614844424,73.73283118173599,Cotton
53,41,44,39.705216434136375,56.92757571207824,7.598901946142563,79.00123570058146,Cotton
58,44,27,32.135655298025576,45.50509396019862,6.301560779199554,31.758374347345875,Cotton
78,27,44,38.33003322203133,52.99613902619516,7.248452010906988,74.69657567955699,Cotton
64,44,43,38.362078319035625,52.83588504404749,7.447427470841006,46.20067275371268,Cotton
69,39,31,35.671657655922786,40.83167816934187,7.412981124521542,73.8538006615326,Cotton
86,40,36,38.471761479091235,57.77498549172064,6.325470030681711,62.78547560570134,Cotton
50,38,40,29.28823105383514,59.20566011962262,6.887362983108436,45.384575780001896,Cotton
54,29,40,29.529667211257056,44.82187883521497,7.0861333391151184,60.86126478205042,Cotton
54,32,41,27.70081431304017,40.600231261112455,6.747596768012469,30.096440285461156,Cotton
72,38,27,33.36911399213537,45.73485436136969,7.03415221357583,62.25430549877164,Cotton
81,45,39,38.92593225198665,40.92273865552107,6.368489694550949,79.31056937191107,Cotton
62,33,26,38.26046093682241,42.602897454246396,6.4397352673068236,44.78594253189546,Cotton
64,25,33,29.976221313071278,57.63858906669168,7.727144143672235,39.55057025410893,Cotton
61,29,35,33.471520854559564,47.8134114208401,5.52808468398787,32.23373983396177,Cotton
83,28,26,35.117259033467064,48.79386303993408,6.94629257126533,51.23729947071054,Cotton
72,42,29,37.91355214213699,54.852217992766,6.881508780543523,55.87549461815252,Cotton
54,40,28,31.1705722036352,43.89051115928142,7.482471739536649,43.55374733582601,Cotton
68,30,37,33.130290477837875,49.49735257349616,6.773263438055862,44.09727055787665,Cotton
79,25,44,32.922785591040444,48.37413054468698,7.487849022905768,69.42884894502399,Cotton
88,30,37,35.82383093185962,56.182792348140325,6.5975520554741935,48.69264542387747,Cotton
78,27,39,38.16266428040551,57.01513820832388,7.0277138038109825,43.516015765343525,Cotton
58,34,35,34.918571356154516,55.060896378703085,7.743134399426562,79.19927052895588,Cotton
86,35,29,39.84207375771537,49.85352465849694,7.104776602903671,62.15506624366371,Cotton
63,25,41,31.640427067040452,56.372045141069364,6.33866920918163,34.69986738190841,Cotton
78,32,33,33.058679148674436,54.493862445841074,7.3310166010984625,30.634558767131978,Cotton
78,42,43,25.931734264427043,51.74963905302617,5.885945912269457,37.62997096240254,Cotton
89,42,38,29.427533620258753,48.270533731837354,6.332620716698582,62.87975774313268,Cotton
72,45,43,32.6131526557033,45.49731847813341,5.618542721136948,30.601104827204612,Cotton
53,27,29,34.61323862747112,55.279673195934,6.519165628961756,41.19456483013717,Cotton
64,26,37,31.43929517670302,49.56650437258101,6.982581062206683,43.306738236299914,Cotton
54,26,26,33.53055902691366,54.06681259029796,6.857613444230359,37.948135050949865,Cotton
89,33,38,26.27083046698921,49.03603326885989,7.579766351971679,50.18587713667293,Cotton
70,43,35,27.39742335124843,43.9729654745813,5.864880232348632,74.86048165037681,Cotton
63,45,38,27.60177080433196,53.765807513618206,7.174647170145055,32.12672494766477,Cotton
57,30,33,28.514144568645605,59.411950184333335,5.837937458460778,60.623112675533775,Cotton
74,43,44,27.445111918380597,53.73815740723434,5.883512841764565,56.70802544607598,Cotton
57,45,28,31.364394743763842,40.961616512316766,7.051729753907629,54.61176955262716,Cotton
58,26,28,35.79957231059851,48.749819763549844,7.580449709426588,66.63895746866118,Cotton
70,37,25,35.143225703861994,44.228031786096366,5.9688873555355375,69.41796618045784,Cotton
75,25,28,39.526801472694686,53.363903679030784,7.003158219123215,31.69185480894235,Cotton
72,35,28,30.254410959393137,58.21915908731546,6.731220824376109,42.36271140298662,Cotton
84,39,43,32.9563436910893,49.70685884609462,6.478358238067276,58.63497407592169,Cotton
63,32,30,26.004207047867826,49.63469380429951,6.699534681975727,47.385176281679556,Cotton
73,37,39,29.811678992979225,53.059934870686625,6.638438115997621,79.91046888158384,Cotton
84,43,37,38.799561323913295,51.471675825473056,7.266290633588943,76.07007165171535,Cotton
80,32,38,33.084692697895974,52.31409939376927,6.316507857270213,78.50777880499017,Cotton
52,37,32,29.193975483455997,50.994278986498124,7.555992964021314,63.241099255485665,Cotton
56,36,42,36.72363620285123,42.276081386906526,7.160607913979611,33.751137786591535,Cotton
90,34,40,35.6880981097243,44.534395403353024,5.987928925799745,73.13653229959431,Cotton
77,32,27,27.669785820922375,42.91266029765015,7.140053146372727,38.23742592267857,Cotton
78,28,32,30.918405050707186,45.524978809721674,7.730742432537012,39.248328518414446,Cotton
65,36,43,39.47425701200137,59.28455285877206,5.869462956073029,43.55374664191476,Cotton
70,45,36,39.89111873753087,54.69773367706344,7.054231875567984,35.3399155174898,Cotton
73,43,37,38.2807111731536,56.37695437204377,5.772288057176084,66.59532649202137,Cotton
76,28,32,29.389200177560564,41.787510272795586,6.627254913199728,44.644576483113184,Cotton
55,38,31,27.832063015314162,44.257092502046085,6.102111308106075,78.51919781984589,Cotton
57,41,32,33.03001258797164,50.33378253058105,6.510381549491848,40.89443020511421,Cotton
80,32,41,34.502256121578164,54.940940748007264,6.20514671943235,67.49153576120591,Cotton
71,28,34,36.89891216063387,50.102512756610324,7.408708069145912,68.89456386591473,Cotton
87,38,28,32.90324006229149,51.975521395481756,6.939436075814903,54.95161706739654,Cotton
72,39,39,37.87957912024675,56.31155214819513,7.850847566633705,33.36413833349341,Cotton
76,40,28,38.131045549216815,51.99406468367319,5.51394371443142,52.11827964861288,Cotton
70,26,43,29.83689516614686,58.7573327536908,6.47972368912847,31.323165762506395,Cotton
76,40,25,34.561090705540735,58.09880300597114,6.925854222846852,41.77133277334759,Cotton
85,30,39,29.804742681842846,51.09533323992694,7.338755180486137,36.37355155716552,Cotton
56,34,44,26.336478290370295,40.96078486624488,7.859698745344287,32.925444837976215,Cotton
55,40,45,33.101658848247475,49.995904044326146,7.265245365688707,50.83995946833346,Cotton
57,27,28,31.011246938001317,53.59748900254413,7.86649310451397,53.63581318484602,Cotton
83,33,27,36.00890381942516,46.018910149051216,7.550645364807432,49.80998574216,Cotton
83,29,36,34.04774443259123,52.5931333181925,7.37578338138605,57.15061617362386,Cotton
55,33,32,38.50164560023924,59.153610920402706,7.135381615728343,30.854355791565535,Cotton
80,39,35,27.99652295064004,56.935435650864164,5.96709513687112,36.821233188940845,Cotton
87,43,26,39.52169328214704,42.89128331532745,6.241901543859397,67.87496441715325,Cotton
69,37,26,35.17527390681253,52.20053996105873,6.261071795108588,32.549818254957046,Cotton
65,38,39,38.25318144509321,58.205354872619075,6.818595751827081,36.26593748680993,Cotton
84,44,41,36.817283014766524,41.03775045505234,7.878272636768042,51.90965402006988,Cotton
51,43,45,36.602237334833475,59.01000574385645,6.967929919697147,58.16940619330035,Cotton
57,40,35,35.6734108989169,50.802646299131,6.103407990931063,35.00260307525413,Cotton
73,29,35,37.07317899883731,40.816753721029706,7.161167072065331,60.36569471587972,Cotton
64,38,33,27.977356310346007,56.42849402674328,6.801471444017075,52.837985738845674,Cotton
68,44,36,27.729134130105596,40.51321578018083,6.705119470673308,63.15369543398771,Cotton
71,32,31,33.28981250103704,44.274061841337186,6.029394163869231,34.42020342665729,Cotton
52,35,39,39.87237523818735,49.87697951920524,6.145011504005727,73.69097968403649,Cotton
61,32,42,35.882308100297934,46.56763803951716,7.960578643940648,53.435058924402156,Cotton
52,34,43,26.45743666915921,41.34345930488528,6.761144659959977,43.57853752529145,Cotton
83,25,42,29.941587809083543,51.086837195704504,5.9110891712988884,66.18162084852926,Cotton
80,42,41,37.27555629071203,58.16304527371898,7.988546051310822,48.837183945242465,Cotton
65,32,42,36.37404415421909,58.54773288952748,7.542625373130839,38.74519034254947,Cotton
74,36,38,32.044876413373444,54.91605941677639,5.609818750601889,34.81544237447227,Cotton
69,35,37,25.561456539200158,59.93461349897481,6.582038025460314,46.81922376559433,Cotton
65,43,39,30.273570249104623,44.77420282333257,6.3053901091383695,32.521887408125565,Cotton
71,36,31,34.3938472040434,46.102858317967566,5.704658230584909,63.55791999675489,Cotton
83,31,25,35.22961481520531,54.782841162873694,6.1343813722317195,53.81192788696456,Cotton
69,41,25,39.447822889790096,45.30450537761696,6.740444138834176,76.78239770961461,Cotton
70,40,37,38.952356454342464,43.462754294553456,6.985490070191767,70.45380493205579,Cotton
73,33,30,39.14147356311216,48.41832904547575,6.816263681579137,64.69058098609688,Cotton
74,43,29,39.72074004788005,40.86428608121268,6.807105732299857,43.4977901030853,Cotton
72,33,31,30.707222206137697,56.7346432196986,5.893931451018253,44.184902207214265,Cotton
75,39,36,26.218754741285267,52.655934702332466,7.099823328908445,45.459573073225194,Cotton
75,42,36,28.1689968415434,43.45379342887088,7.871826682726101,30.53656068280457,Cotton
63,38,37,34.154141460139776,43.51978815012359,7.754375327743833,76.66339153788456,Cotton
79,33,28,35.71346571250059,43.54254264236084,5.937496204759855,45.80713715882716,Cotton
65,28,34,26.09160763727851,45.00104133688949,7.56572898601047,47.419108446313935,Cotton
70,37,31,29.079612745600528,41.69167715531086,7.6800091083718645,79.24846873800026,Cotton
66,41,27,37.491540768321265,47.42211738858915,7.821376448484183,31.759189281967267,Cotton
57,32,40,29.909337547053802,49.75525027694637,7.798815338259358,51.10491308671367,Cotton
90,35,37,26.35290787864292,41.35080963623636,6.2935240852556875,45.57515561860491,Cotton
71,29,41,39.06707236540802,43.690428651529174,6.581633047427305,43.81917176635721,Cotton
59,37,43,25.215194598581007,48.08083938306818,6.455104728412115,46.195395224193966,Cotton
81,27,38,32.71737614439445,46.80000065132907,6.2879669389505315,79.7372715099106,Cotton
50,33,27,30.009508734295245,47.35658511322889,7.581321189140464,40.492437356227825,Cotton
83,30,33,25.106219250462072,59.27127818878445,7.608049553850466,36.91276489316904,Cotton
90,31,41,36.639010493037986,54.45106345120131,7.875849040346557,45.754413903159104,Cotton
76,42,33,36.49129326766875,54.421505800095666,5.687233013391258,73.8185419912295,Cotton
90,41,44,31.634608304625086,46.09363386544676,7.874586234503621,67.4345879305983,Cotton
58,32,42,35.452992758655,42.48521701684995,7.1439531312289315,42.83308083633635,Cotton
60,39,35,28.620349673182815,58.55226462044674,5.913104129993994,31.631616196823742,Cotton
77,37,42,25.158219087932093,44.47771278972891,6.4064856288634715,37.21935921245262,Cotton
84,35,42,30.997568422483155,49.429102360331015,6.844802290464236,41.33221423587628,Cotton
60,29,30,39.440436242666095,57.726643912195186,7.580778339761595,73.67215689005845,Cotton
79,34,40,37.6638551870157,42.54668918756314,5.969422826939639,36.98261278186229,Cotton
78,44,44,36.1532466595073,47.7174734749233,7.957285073009457,54.94504422667252,Cotton
62,36,27,25.97952049406928,59.69904543360225,5.606173763340879,32.11934233227336,Cotton
52,30,26,28.326241483952245,49.23407144058922,6.196638728793401,78.35005878744707,Cotton
66,26,43,31.662739856989557,50.3881031833513,7.208825288532259,34.208764386445274,Cotton
77,32,38,29.835875285409042,54.540521488348816,6.540612357779796,52.87035213363524,Cotton
77,42,42,27.617036282956995,44.82649656891407,7.605427149019402,47.40252230196133,Cotton
68,27,29,28.176463339748118,54.8753178999332,7.047382901035521,46.197479505127745,Cotton
72,31,28,32.5477576241974,50.6276280357601,6.385405092908725,53.9894440706323,Cotton
77,32,25,34.005556060757115,50.054641673242415,7.145605924482046,61.58561325044895,Cotton
90,40,37,36.136899016200104,48.60955335799141,6.107672699788699,74.39094903557069,Cotton
66,27,29,32.85523639545477,52.73838901116438,7.590109345911857,41.50709972754434,Cotton
83,26,37,38.42644990787304,42.796083675193,6.0512109601629955,66.69665838157965,Cotton
50,39,30,28.476074672817024,53.63579292441736,6.790970306342399,31.68922769426947,Cotton
67,35,26,29.77677190613113,49.572746500697264,6.319125649349567,31.59426259904818,Cotton
75,27,38,37.18018521776955,47.43412332628234,7.0577793312107895,44.7706831622334,Cotton
83,33,45,29.476857019466905,48.793276038461016,7.931562224849371,77.75862996753096,Cotton
88,37,34,32.68223397838631,48.205352934581164,6.764472865929231,47.157652216601555,Cotton
56,33,29,30.423390329920313,46.75604107976818,6.395336639826732,60.33305232329616,Cotton
53,29,27,26.686045138168154,46.36376417023747,7.987574917491356,71.08526129981337,Cotton
61,31,26,39.04081638937316,53.19484168761214,6.932625255410251,39.31825803532652,Cotton
72,35,40,37.910721450328474,44.681316824620126,5.9830883269290425,66.7414159045827,Cotton
87,35,34,33.37248594875878,48.02045175446037,7.901016208049241,50.87476699246935,Cotton
83,26,43,30.33000265307335,53.996014320001564,6.529944351744589,66.20160263443489,Cotton
59,40,31,26.370169282624406,55.17604617747067,5.8277563801570516,79.90539943996671,Cotton
55,35,40,25.168051187512045,54.92185664225603,5.549173245461343,53.87442909513131,Cotton
86,27,42,30.49812308543262,55.491606108871665,7.526357156429757,32.26318319646568,Cotton
79,30,29,36.49061037473071,40.58282053909147,7.792407860909128,51.158211230016946,Cotton
84,44,35,27.304406133615434,59.15302418808035,7.804376676102375,55.72575411477056,Cotton
70,29,25,35.978635050108636,50.53066621286502,7.9485489170186145,30.299576008407442,Cotton
70,39,27,29.779747684330097,51.437887476389804,6.799004535246412,33.918584077093826,Cotton
73,43,29,28.197419915412606,46.57465298701119,5.87536842923367,39.95082429886486,Cotton
55,35,30,38.4742173976543,55.96876691877887,7.517868391076042,39.85187404979388,Cotton
86,36,39,28.696171125988485,51.01232038323087,7.453262057015467,71.2755226769037,Cotton
52,30,31,34.90388738578912,55.966728208855855,7.67245002172021,63.004583452741784,Cotton
65,26,25,34.07648317365489,50.612190485010295,6.0374916837471435,52.67457252192883,Cotton
61,34,27,34.331911623581234,51.86556929687329,6.807175952613944,73.80542132321617,Cotton
53,33,42,25.738831854903207,43.85998315035545,6.817152636947453,35.52810383795147,Cotton
71,38,31,31.722455675872098,49.318742403228555,7.145015375100176,49.23167019777175,Cotton
72,26,28,39.46245609839847,49.59279363505004,7.174344245334036,70.96914876606024,Cotton
66,28,29,31.695299635130482,45.37205719675645,7.496098010432677,42.29185934273682,Cotton
77,41,37,25.726624811994235,55.37054376347646,7.265034861624095,38.124413946418926,Cotton
65,35,32,27.077825134648595,57.60166162113701,5.86189359581956,40.09447577048643,Cotton
80,30,32,32.33384919981335,46.8458684925428,6.63599624632494,69.646452023379,Cotton
50,42,34,25.62679185553158,54.44143584752597,7.5113573924285335,36.83828380411149,Cotton
86,31,32,33.65599688584496,49.64528200500286,6.405179683704501,76.51988446743596,Cotton
50,25,30,27.637275619547225,53.56640427227637,7.258847439559034,60.05170723854739,Cotton
87,30,32,36.04300657650846,44.25321047311168,6.261171045242711,75.47018405565333,Cotton
67,45,34,29.26584752415924,48.76170782447933,6.17948215039222,56.83123678445798,Cotton
72,38,35,27.852404682749206,40.77968414910555,7.7606172330313345,46.23450021585932,Cotton
60,39,31,39.61209259769778,46.34369901255493,7.675443675250728,58.95664305626396,Cotton
82,39,38,38.29234217574031,50.20157977107778,6.8816223059228765,60.43096674839727,Cotton
72,26,33,33.068651306422495,40.48592592759242,6.377038444849856,34.19316974263529,Cotton
84,34,26,37.27770486112283,48.20051470063854,6.632508692635133,50.718265978549304,Cotton
72,36,39,33.42867348687757,46.36716760971654,6.049621824518458,70.4480164070672,Cotton
69,27,43,36.4673941727797,58.07622048930713,7.9035639782314275,79.58114030390229,Cotton
61,45,43,34.495394617318354,52.23959823340245,5.962489490080965,72.46347719088564,Cotton
61,40,44,37.91870613935314,56.25999165010417,6.232140886780888,39.63325954895679,Cotton
80,29,45,39.3674601108881,45.572610246976204,5.549088518407452,71.8624595486802,Cotton
77,30,39,37.77037689220875,40.73113157980287,5.713840283781659,31.05899225160202,Cotton
78,35,41,31.895367976658175,58.276201217908735,7.093744715600435,56.67841851407309,Cotton
55,31,38,26.87114321838513,42.1800114609301,7.139272043950507,47.462282437660924,Cotton
65,41,40,38.99377111472437,42.61059517316965,7.628863340629324,46.35075293677946,Cotton
72,45,35,29.387293417741766,47.19733442439682,6.997072178175712,53.07904731690259,Cotton
76,25,35,31.02926605340121,40.96013879985448,7.866425289597451,39.39291644095518,Cotton
59,33,28,37.41107351962802,43.71495253307826,7.186216243871431,40.28420037197348,Cotton
90,39,44,30.568295737358397,54.35758116998602,5.65628874980784,78.17191479055815,Cotton
67,25,30,28.271797576991833,55.66285504207151,7.69507036359702,33.26521083274165,Cotton
75,37,44,27.235212187707294,47.69191226198021,6.820176412032318,62.17748780188668,Cotton
51,40,34,31.728113713528238,57.55196189648076,7.917396372530261,58.3800429976649,Cotton
59,35,42,29.50188831068975,48.05915301717219,5.591324057540575,52.41851640792612,Cotton
68,27,27,38.65403569250353,56.993479600297476,6.393966547569054,69.51703695827648,Cotton
68,45,27,26.223003277950042,56.52922853894164,6.614492740327939,32.06205664463826,Cotton
72,33,29,29.26458752285759,48.16854643536479,5.5311826150130585,72.65011733953548,Cotton
79,44,33,38.673298438257405,54.17866099420085,7.802647368656492,37.07626098608125,Cotton
79,34,37,38.99525674604787,50.30050357809874,7.284645667829384,42.31096121453881,Cotton
84,40,30,34.50620925667542,42.752122779115304,6.710229122276621,46.95781169333088,Cotton
64,40,45,31.140379617855608,57.138959095227534,6.879445807925754,65.31824031787792,Cotton
57,43,43,33.989121920673625,41.136215565931884,6.816017169011079,32.45148001249765,Cotton
64,26,29,29.68912898821136,49.04644249037449,7.0228175064734275,31.206816140255164,Cotton
73,34,44,36.72625746354294,50.76176672614298,7.778809211942227,69.19237704774258,Cotton
85,26,35,38.71087277620779,40.105545065621136,7.626571705718449,60.96039045726965,Cotton
68,40,28,39.6280646748296,51.99378763114097,6.140041595555876,51.577596089938126,Cotton
89,41,25,35.636746472071366,58.71703632941491,6.414731899527739,48.8588615182999,Cotton
76,45,33,27.171167163941252,50.16337583075784,6.818123480509318,79.22441564186735,Cotton
55,27,30,38.87153796247834,59.95096490192192,5.625729252139475,68.40814168438936,Cotton
59,41,30,38.378349449370475,53.05706412221133,5.895290010947563,64.71276111643681,Cotton
54,35,36,38.534113245679144,50.78612905017146,7.479364945530332,45.1674208223678,Cotton
60,43,37,34.21207494357485,50.79266696701403,7.571689980146713,34.661929329417056,Cotton
56,34,43,25.109803104756576,46.125254534759605,7.43609683992165,76.63620380202204,Cotton
56,32,31,38.16906581197969,50.56382682234906,6.6713512329178615,41.11468574173672,Cotton
62,28,36,35.88668304078539,47.002723956949595,6.923976830142018,39.90380155170878,Cotton
74,31,43,37.43476911799203,55.417496898028425,7.86580097224449,74.15151801036272,Cotton
73,43,26,32.42104131932148,43.517542367146596,6.998888540041766,64.13412679968127,Cotton
51,43,25,29.078871482524132,58.706064693924276,7.503655006381429,56.39073810822882,Cotton
89,28,45,35.56108646138939,45.0924066242476,6.972094446933853,36.89881536456081,Cotton
58,29,37,36.89225148245221,51.14588563682419,5.866708885050528,60.691127745429974,Cotton
83,27,31,38.44453418834717,50.64597673793283,7.776229285639182,57.5332380678481,Cotton
73,41,36,33.420842622235,53.992866971124485,7.007688948461606,57.06548088876454,Cotton
87,25,43,25.280208255142824,45.79604710656735,7.955928367036505,35.33670531508973,Cotton
84,40,32,28.64311428392003,50.903257666815485,7.665762100821302,30.08139303771918,Cotton
81,42,28,25.129572756273653,42.595882725732615,5.798936323233294,75.2019134574532,Cotton
87,38,38,35.505967580525315,55.712989191787,5.682637121861882,64.1984422323215,Cotton
72,34,35,35.37270134850408,51.0848600292882,5.881152874933882,66.66075451519444,Cotton
70,43,26,33.8634046951208,43.2233440304869,7.677588351874228,69.2300198963601,Cotton
50,38,43,37.80124274782111,58.3847071548256,5.707507014212201,39.15869759608364,Cotton
82,36,32,28.066793677150372,51.89038384833056,6.7726125227829534,31.61829259224728,Cotton
59,38,41,33.449534054605046,42.22385051384826,6.340181446657656,77.839540921496,Cotton
51,28,41,27.219264765713532,54.80116912691517,7.137443997438834,79.27612104024496,Cotton
88,44,42,39.85790336248764,42.831981642926266,5.905418008377663,49.47443966345742,Cotton
66,32,32,32.3446584189473,42.94814114013028,7.907347277789082,56.02857598347269,Cotton
90,36,27,34.77167365172985,41.91626546674424,7.090081593536379,59.66312467215399,Cotton
73,36,35,34.379687385607895,45.326359990144994,5.620933019123791,32.82658193864401,Cotton
72,25,44,28.804614541388112,41.23112439075782,6.750716323447954,76.63585431221308,Cotton
74,35,35,32.75995810604972,44.31627953242997,7.0085780367923975,70.43227373762363,Cotton
51,25,26,26.468681461145753,58.408377512679216,7.081049953940822,38.02395860107582,Cotton
60,39,32,34.48621942751989,44.709938510287856,6.508874779321529,61.289162388101246,Cotton
79,39,28,30.52557888931923,46.47425523976317,7.498565530517511,50.84204679142082,Cotton
73,29,33,29.049566268176854,57.2453839827765,7.739399419067339,73.4857358258025,Cotton
86,37,32,31.587676643680716,54.8299056973597,6.7505634080950845,71.20345285784938,Cotton
55,35,41,25.125002264455727,44.243832593718075,6.830876338877053,78.07795286903095,Cotton
76,44,29,26.90380340367279,46.41931354225897,7.464291302836161,69.88138442206304,Cotton
86,45,35,29.188644028492057,59.934106804485836,7.605561988946544,69.00125461161232,Cotton
86,42,27,34.057244836307355,57.276512074050416,6.27553527887336,40.881742087676024,Cotton
71,38,35,30.278869126479577,46.07097521323858,6.531024787888044,35.299629486958445,Cotton
85,36,27,27.697504263366717,42.34694173716716,7.627898287887881,51.08454761427605,Cotton
70,34,26,30.12541721367921,53.627442957668435,7.778947389808977,54.81820111994941,Cotton
80,35,40,25.002700432923298,56.86314222251281,6.540095874379733,59.18101333646347,Cotton
80,33,39,31.090518394224183,51.66392152909609,7.924507308249758,30.485945181189063,Cotton
82,32,32,33.90903847498436,41.199672165167364,7.741831706706382,44.13141210650514,Cotton
81,39,32,33.68459959009032,44.604873470205305,7.851343239139772,40.36155473435868,Cotton
72,39,29,29.782553458453826,59.74295701912635,6.463988079427875,47.16477744444501,Cotton
74,45,40,25.626907022571242,40.67444603249851,7.954193383920215,73.83316476053861,Cotton
83,36,26,29.098938020030033,59.154562513137506,7.901748154952767,70.55696242513788,Cotton
59,43,35,39.525508874079186,43.607989332828524,7.8354197332393465,70.03546550898156,Cotton
57,29,37,38.222817163072186,45.226228159084116,6.7379113446176895,32.29823706201706,Cotton
64,30,34,29.32332146795339,56.84176442508295,7.969950878433764,44.07309674796739,Cotton
78,28,34,26.040816756451523,42.39676350742152,7.566220280175775,45.93709629114136,Cotton
82,25,42,34.229159105049646,51.664111102886295,7.161423095749203,47.54161417128293,Cotton
80,32,39,28.11391378490513,55.17269998450469,7.401654560655352,60.719824176568956,Cotton
58,45,26,27.689645859282773,51.81294620772037,7.33217900453351,56.657315996006766,Cotton
82,30,41,27.56526273776711,45.13957761620793,5.541213727417583,72.40160358196124,Cotton
70,37,34,25.60064181527615,55.293581777182965,7.618555750566404,75.04602630339627,Cotton
83,33,45,36.56276186674713,46.328295842069636,7.265399723691177,63.37406954414088,Cotton
84,38,37,25.188140570464547,41.45658403358235,6.529286634132186,39.05960291797443,Cotton
74,27,40,32.30016336262987,50.68375675148148,7.581792330996844,45.03199013992881,Cotton
76,39,25,28.943863585435775,45.896445958450315,6.882838447170543,45.56259488240887,Cotton
52,41,33,35.56540200289926,50.22643953477213,5.834403050586178,45.47866696979436,Cotton
57,42,27,39.83937153360777,59.01581871933365,6.0115729156029145,47.27254518801482,Cotton
71,41,29,28.530871899640015,45.9295715564882,5.587676520847926,62.28003412035667,Cotton
87,26,31,34.95641325616692,40.06037675119213,6.011141004344059,34.725844843681955,Cotton
52,37,29,39.078466315314536,49.49290522002635,6.466874853232263,66.68500854911366,Cotton
63,31,38,37.47194646301752,54.58430439854132,7.0433380466227185,54.82811130505301,Cotton
57,25,26,38.72562085914818,50.909999779742286,7.074338294424937,58.10848802861038,Cotton
70,37,41,39.04849224728138,59.027467824679846,7.236337491502015,69.28173371978087,Cotton
85,26,40,31.534287573181928,49.14844511217499,5.717791420568934,57.032385734214586,Cotton
61,25,36,25.614996070413255,40.18393070181145,7.798789404132285,47.28769414877883,Cotton
74,38,41,35.565688697664214,58.984865253121214,7.535732529557052,59.88946323012051,Cotton
72,33,27,39.81539189822341,57.95003902815871,6.500056106265426,55.57581968134125,Cotton
71,35,32,30.417004770666104,43.07289180066383,5.744053494403397,77.00342074194785,Cotton
53,36,25,29.34733865701656,44.81937075990128,7.785337752721167,41.141685224713314,Cotton
73,27,27,37.12320056611129,51.13743737700177,7.824237110296751,46.186838241191666,Cotton
77,31,33,27.942153930042032,59.671019997435586,6.880309328636256,78.12328088719315,Cotton
66,44,41,26.452253614832905,52.8524096030914,7.701861354602324,42.6469313997524,Cotton
84,26,35,39.959164036721816,50.49762123699339,7.8911716487116115,31.21390179290807,Cotton
87,27,25,35.026598474407876,56.80318473333382,6.773686700619871,52.579558655291734,Cotton
87,28,37,30.465518105362705,56.27189602322359,7.242394041134562,31.903764663841233,Cotton
68,35,38,37.66323413554748,53.68266494206748,6.422208287746461,37.09701510277402,Cotton
79,30,36,36.85760714923606,46.47141187186074,7.928853154526779,47.15818507655499,Cotton
73,34,38,36.1781742466537,59.81109486339966,7.9003858104659965,50.11122377907897,Cotton
73,43,39,36.67868076289678,52.03348198708496,6.0511657368074125,63.331749400962444,Cotton
65,28,34,39.28935491334061,50.435553429107685,6.597690759310165,74.25383058290384,Cotton
76,33,26,26.339905226858036,57.764164447368046,6.863204987951789,60.007249835363396,Cotton
88,30,35,37.739620266261035,51.50711419353023,6.149077908856276,60.46346533132106,Cotton
74,41,32,30.657308714410153,54.58523069265706,6.4211835240944675,54.00923151919002,Cotton
55,30,29,28.920055532883474,41.03452304783227,6.486945433752183,69.33599162748011,Cotton
53,37,43,35.12254224551896,54.390125497972505,5.594348681101571,42.01303733039287,Cotton
60,32,25,33.95217001714937,51.19858431849246,5.92817042747617,79.93782650051858,Cotton
88,32,37,27.862624560673144,56.897125865882515,6.680103895353391,42.656341278321015,Cotton
82,44,28,35.318252201443116,47.750508454330955,6.67622277598877,45.97710439286427,Cotton
90,41,36,25.829750993866146,51.29364703660077,6.086394878932268,55.36447897312172,Cotton
77,42,25,36.977129052586236,57.16704728362457,5.969172444733245,73.44273166923946,Cotton
86,44,41,38.9069601556967,57.74158669421879,7.26169868798954,48.455762356410744,Cotton
59,43,39,28.725396384885165,54.52011085335832,6.750101632972411,37.10667472530635,Cotton
50,39,32,32.20678071636929,42.62477690692672,7.732370165965239,68.35268280289816,Cotton
67,43,43,25.391490740086432,40.1661761631825,7.33610802467204,73.51457370497222,Cotton
73,39,32,33.06758336806467,43.369919700193485,7.696280098111838,38.90775058242957,Cotton
50,25,31,27.785368476209417,59.163832552270456,7.200804715433649,76.91207375942854,Cotton
60,25,44,25.21260693296788,54.01186653169981,6.748257971416175,59.687074911688256,Cotton
64,29,27,37.9034906690937,55.975833637251,6.227983219558582,71.96219537621303,Cotton
85,37,30,36.44533680963919,50.33686081291342,6.913863446743176,34.70902081317161,Cotton
61,34,27,29.8904013364943,45.543692967263006,7.075822258780154,55.813291856782,Cotton
53,31,34,32.05648936775876,55.614367803318245,6.45003046320052,46.55987030321525,Cotton
67,26,37,38.19805344274023,59.06779038871319,6.076821973865231,62.56748097935731,Cotton
54,35,37,37.22665382541148,51.40248783545377,7.249187844949748,70.7495459748187,Cotton
62,28,45,30.250548057164806,43.96589095974747,7.418402649286668,31.028817529504124,Cotton
63,33,34,27.362298262621593,57.0464017136387,6.422053539452406,66.33808549146502,Cotton
81,31,34,28.965963378421872,41.71424167333741,6.18688786942656,40.28919244088421,Cotton
53,34,35,34.7241820507179,58.45460665490365,6.41311581514483,45.385174465149206,Cotton
59,27,34,34.46178848422791,40.238039884238816,6.022104686436652,68.99941237843066,Cotton
69,35,33,32.689378148915274,52.30010450596508,6.710953902061271,39.67014185311811,Cotton
68,32,34,27.08728200535188,59.66218065335349,5.698920623490613,61.16009432061618,Cotton
54,40,25,27.40947488960334,51.96779337031754,5.707133363533791,51.68006787224037,Cotton
44,49,59,21.466458353366864,69.27180941088486,6.156574552860999,133.80743597566914,Potato
73,52,55,11.1304021774348,67.92044701554062,6.3253837879166,87.8757043472508,Potato
62,42,48,24.265896166127625,62.95281279124424,5.769930090710146,137.74471150524252,Potato
51,45,58,22.735128350729873,73.92518774799555,6.466325508853463,84.44412379789216,Potato
64,50,46,24.307868696449802,70.65732938073661,6.036754807322971,82.12901125210534,Potato
57,48,52,10.889913554795426,69.98890175917008,6.197066137646122,134.54149045764333,Potato
73,40,67,22.234798374915876,76.4445088531431,5.782472315006677,100.1765521058812,Potato
57,49,70,18.36935736620944,61.373380299617345,5.08689309026388,96.75648917221216,Potato
72,54,62,10.499840429526934,75.33607183562981,5.116388462288057,99.40176800810238,Potato
56,41,45,13.98909864183691,61.37499378214737,5.726424721129581,72.36180288637462,Potato
72,58,67,21.535667397023225,71.54606884162163,6.436338617284163,140.32313671373376,Potato
57,46,49,17.03831144564921,76.89637886031004,5.051922055352694,87.39528285405719,Potato
56,44,41,23.64284430619638,74.35834323386847,5.029914241518517,74.01269212748959,Potato
62,46,65,14.088358770550183,70.51681043680064,5.0348007730444655,130.26115330282283,Potato
49,55,69,20.483090257231762,67.42805919613703,6.228448304328319,87.15521143779611,Potato
54,48,45,23.189059622953607,65.56600797339668,5.64745207317872,127.62193852300177,Potato
75,40,63,18.40545974129649,62.24425691650653,6.114647134356302,92.14788068404663,Potato
72,58,45,16.835809639405664,78.34948007515773,6.076254030992159,118.8145525423131,Potato
50,45,53,20.009373407255765,71.11357580823119,5.151450386146133,106.45504327707798,Potato
65,49,47,20.06631922712983,64.54373924845154,5.319912718109321,143.96560251500983,Potato
43,55,43,15.215510209445405,65.03951300477218,5.947628370349562,142.31286594848422,Potato
55,51,61,13.58954322082791,64.03436709407575,5.336548154801007,113.33517172705353,Potato
55,47,63,19.520690671578862,66.92682329113792,5.328307699177966,130.12810476856993,Potato
52,50,40,12.311392660605991,65.28954869660265,5.247584483984476,123.6834947207131,Potato
61,47,50,18.688932208859157,70.41695825928647,6.216743832242461,143.27496128184782,Potato
67,48,42,13.341260336543966,77.18723610025745,5.1995031261770635,136.5777571697924,Potato
78,46,70,10.418425823954001,63.50025446389972,6.287252183994441,147.6732690170236,Potato
54,49,69,13.654512816077329,74.53678670282146,5.371945189559249,126.714567365616,Potato
70,58,63,13.292085032281431,72.23552980816636,5.476928255518703,141.21216508196457,Potato
52,49,70,11.443640236275055,65.80347712257023,5.406298968783322,142.4895567570333,Potato
47,50,49,21.40737444225158,60.61204100335097,6.375055330864442,145.38335764097246,Potato
78,59,67,12.430998164720355,79.72517437457259,6.234529325284557,84.0054080064999,Potato
80,59,49,14.298066600749724,72.25233170418437,5.687662745903247,107.29520220925143,Potato
80,49,43,17.152296521127127,74.82757991853558,5.815170230938017,75.34439924532974,Potato
70,60,51,15.209436350168513,74.98273377644297,5.835046911014546,129.30519763450462,Potato
77,48,57,15.196103498219477,63.711626954931106,5.030059805280295,124.98292776850077,Potato
53,50,40,19.199735538947813,67.28136715073543,5.408638139031055,88.06722467434533,Potato
56,40,68,14.562012339608982,65.27869773427062,6.155066265425813,111.69041590841853,Potato
67,57,45,17.233668749640685,75.74528084502649,5.326125333175024,136.5548761953981,Potato
54,50,66,24.857171482178313,66.77153387065054,6.255827259521569,87.62318560069099,Potato
59,60,41,24.786713950588044,60.00380427014982,5.540031862587767,141.32294096506013,Potato
52,55,53,18.170009698821637,72.25343962498941,6.285225474323054,76.88002301092732,Potato
46,54,66,13.411178104675557,64.98328318385879,6.318153823511837,122.058290357304,Potato
45,54,47,13.865077716097968,65.89405574121545,6.004908474671077,96.48924430178074,Potato
41,42,53,23.494590249084542,79.40063018908664,5.184632181526339,90.51410529862576,Potato
67,49,57,10.86578046873482,68.40020221466166,5.768680697694502,79.54729281662377,Potato
43,44,66,22.093267842588446,78.19849485008746,5.684890956717357,122.01044268652535,Potato
53,41,42,22.122936043277996,65.7931341397182,5.437751133882227,127.6483811312412,Potato
71,42,70,17.736462151907915,74.86619216900192,5.597477453219761,132.55379032920962,Potato
50,44,46,15.50550124371154,78.344239257992,6.051828560598446,81.08767013428577,Potato
50,57,64,14.692370004809455,67.75685659594352,6.012429168775489,147.12057556468466,Potato
76,42,61,23.497026893081646,77.8396303065453,5.870446383191814,124.30364718000551,Potato
65,50,47,11.954931786805721,62.66802898811691,5.8490937736736734,142.14395863787578,Potato
78,47,64,11.778040339797977,69.26060138813811,5.4868858874752675,109.18047246694303,Potato
41,57,55,15.45760735759448,78.317174715515,5.163707662961944,90.4086216805469,Potato
48,56,47,17.793362408810623,66.0486844380378,5.243902058144261,135.29473591687082,Potato
44,54,67,14.129964302819015,61.101437486696646,5.339819244044131,137.42506055588694,Potato
59,46,60,18.698962970666678,63.45181845575031,6.245965349474018,129.36314658369304,Potato
57,40,47,18.55928178034628,65.7382780433832,5.775486341741744,93.95456046833256,Potato
45,49,43,14.00864599556305,69.34518920634915,5.687914034050726,89.25052992941225,Potato
49,55,43,15.981631733259213,78.83315310875537,5.840476422127164,83.54504998968113,Potato
52,60,65,24.451130957142933,69.0822737599516,5.35089506493606,141.1724610953685,Potato
50,44,63,19.52337792455497,76.2224371551075,5.00301089993466,80.06645438823114,Potato
60,40,47,11.1953542400353,63.080580016771854,5.736736537211197,81.3067534237364,Potato
69,56,68,22.822995853252827,70.5752397554969,6.428811580298594,108.06787276091981,Potato
74,55,46,24.00741995049202,73.5300168645399,5.298168121995576,127.75280835955948,Potato
60,42,64,10.129325629263505,74.2726433719915,5.739746542042488,87.19267605167549,Potato
65,46,58,21.17330562086219,77.96785081851236,5.5808691644637936,133.84398612688483,Potato
41,49,55,15.701306222708606,72.7912393793816,5.410260304915812,75.70903795792697,Potato
60,41,51,22.481881234776004,68.75851836740009,5.565355921720705,125.62865845183808,Potato
65,59,56,15.7128136839236,71.45315436622388,5.535379167719335,144.20544838599977,Potato
49,60,44,14.290547504142465,60.06786761844366,5.162352384235536,101.29848913073411,Potato
76,51,45,22.852232676598632,79.43241918893598,5.818438148311262,111.40500756031615,Potato
59,50,59,19.54668704611128,63.561602579679565,5.9844567717495245,95.61783115947247,Potato
45,48,61,21.505317919639957,77.92895491715004,5.742656986263175,135.81746821260052,Potato
52,54,63,15.341768874519552,79.33661451497778,5.1263023928587605,89.92722635620845,Potato
55,52,56,18.93087669650715,74.85106739869451,6.112756241114314,113.92329139657457,Potato
43,40,62,16.6159617796967,73.52675230388216,5.88721122266425,78.35186197599937,Potato
63,52,42,15.72800194374086,67.37643461966393,5.3068128998059985,88.01336700733462,Potato
55,48,57,18.35774135993804,74.12704647925075,5.978575386582369,139.96745349687626,Potato
46,48,61,23.10403248219702,76.86775898785845,6.250607422995431,91.79324451781184,Potato
42,44,52,24.389746453457263,63.984100000382554,5.658186474819898,110.03150459777972,Potato
66,46,67,24.181169102955295,69.86404546705965,5.946181837871329,84.3414202620128,Potato
59,52,43,15.217903694705612,69.9973115834659,5.839321596128025,99.2834192541661,Potato
41,56,62,22.85555445303057,76.17156862659138,5.271233664036689,104.30789094445387,Potato
70,52,47,15.384023000186886,70.9627266990625,6.212409933379805,125.940420543454,Potato
50,44,70,12.725974987146614,62.51200372525138,5.078050168377234,106.83250724203731,Potato
46,47,69,10.340534198240134,64.21666476351518,6.144664350168112,124.56245457385423,Potato
68,51,54,23.566421915084707,77.34366289817649,6.039008490968799,88.57883675220228,Potato
59,53,67,11.840244624576025,76.52711812165771,5.4178050241578,85.35801074593923,Potato
75,50,64,18.147289817594068,69.88318672090944,5.356553426091571,120.2963515998595,Potato
47,60,47,11.996014352809716,79.72866025467415,6.459009693061308,132.32455662391715,Potato
57,51,45,15.215730195605564,77.60136762629973,5.290722055179643,75.85320277966272,Potato
73,58,66,14.519630234416645,77.41702950296626,6.031899862813005,79.13891910997714,Potato
66,56,52,17.12784096297477,66.22332997687793,6.298487763059374,115.10484568412954,Potato
73,55,52,21.165750429857532,67.08087664764987,5.459310110483313,121.09443913677597,Potato
51,43,57,15.375100439328635,61.64964526101754,5.542341294209194,84.97428954533122,Potato
60,51,50,20.360224179693425,77.23314123040335,5.0007692910665416,112.32288598819792,Potato
57,49,47,14.345386650210752,73.94660665301332,5.187534989224555,139.03927139851504,Potato
43,60,57,11.058268021946246,65.27560713085775,5.199845440230819,92.40055386071128,Potato
72,55,52,17.104470182575916,73.31365234192806,5.746371860873846,89.99767698019917,Potato
65,41,65,24.253575124182632,79.37304115914365,6.2251014786084795,128.5179814800112,Potato
40,56,51,22.527877609911833,79.30823715064858,5.167389097378233,116.0323798153438,Potato
42,49,41,24.4767443001628,64.45015408390971,6.03386204541946,123.92272396809895,Potato
71,50,68,17.935585422321715,78.55395581285715,5.86366330552451,84.53177617543923,Potato
44,60,56,18.25686967914411,68.95587431474326,5.3987711339247,131.96631474660722,Potato
76,56,54,14.29231557771163,60.45288555102908,6.464480301453244,91.39584310418495,Potato
54,46,49,10.626790693265992,79.65449597947854,5.919022553073242,109.38016080308128,Potato
80,56,41,13.705562432891604,68.46034607206303,5.8641600137514915,114.20000374730724,Potato
76,55,64,10.851930629247947,65.78873540102326,6.207197862277803,93.71446460573188,Potato
41,52,69,22.192809679310944,68.23276891402543,5.893527097433049,142.8553914791272,Potato
43,54,63,21.665696879525466,62.46735801634775,6.223674661641252,81.67550437132843,Potato
41,41,52,12.099439784645352,78.80680889466383,5.024000223860641,106.56137284699284,Potato
73,57,45,24.426298461675632,77.36795126016611,5.05163925278111,107.04342087648062,Potato
50,51,46,18.43694332687211,75.98176714599711,5.712814370144577,115.3332105213759,Potato
73,59,67,12.115920066269155,76.22003570604767,5.081768170440949,133.95210311242084,Potato
57,48,42,14.386388901525791,62.709167054160154,5.5358458854493575,108.36552899583587,Potato
54,42,48,17.5508525217574,65.08417437241216,5.243266984008267,94.32806006547814,Potato
72,50,43,16.607029497052757,69.52232172425451,5.134616973074954,106.98485563459693,Potato
46,52,67,24.695674288967936,68.0149473789973,5.633872412815558,135.8959861024319,Potato
57,45,66,10.53825363978069,63.052082309565606,6.1374044943132615,85.32688393664144,Potato
44,51,51,13.194219738533981,67.65540128836727,6.283560872915703,118.62368266364281,Potato
47,49,58,12.980369746160797,73.08241756449291,5.10044538163076,77.62619059002891,Potato
76,56,48,19.857253264520878,72.96367337657993,5.4557149546628505,139.58201940137798,Potato
71,49,68,19.583188434584727,65.89835518951992,5.518323693184289,90.8284636100704,Potato
80,53,69,16.881833302120278,78.9140113411437,6.4060309280588505,129.21667841107086,Potato
52,57,46,21.088974033651574,69.04204721186998,5.669672581691931,140.2731689726434,Potato
46,50,47,21.7864624199106,74.13708279450603,5.727409339704173,144.0520909354572,Potato
63,44,64,21.5735189485688,74.95017788645241,5.033921203822625,135.82435136546667,Potato
58,48,40,24.188130003435056,74.4167806008264,5.234460698688413,70.18724947171539,Potato
72,44,49,23.766480521335595,70.22603939430645,6.235369351086514,104.48960758937568,Potato
65,50,43,11.693489911769198,77.40060798362073,6.241771664177049,146.69022519296524,Potato
66,56,63,19.46287467965308,64.90667522079484,5.498277493078114,129.16286861663153,Potato
49,41,60,17.124529916881027,74.43611571167135,5.600194399094147,73.61540265578759,Potato
57,42,67,13.745352514787161,79.68490389163865,6.167358874049337,127.67206761982331,Potato
72,54,52,23.76422399283353,73.41039679499424,6.0311802138871276,123.51429369886355,Potato
64,59,60,15.446455164901844,79.18981949190226,5.991427626713487,145.15536560883015,Potato
74,47,66,18.310361716334043,64.49450751245077,6.002429547338121,119.07873559532746,Potato
67,49,56,17.711497595248236,64.8343517857862,6.296521490571534,91.60227111707498,Potato
64,48,51,23.416910946618295,79.47743710286467,5.072788332947502,149.76538376733748,Potato
45,54,42,14.92162691444997,61.004852573302635,5.058146802921985,83.35362204715382,Potato
47,60,49,11.72340029507559,79.53360481807104,5.522438937616087,138.16748363779675,Potato
79,42,43,16.211137337247926,68.70183387539032,5.753262870548639,139.67074491468233,Potato
63,46,49,20.083414542928274,64.42458298049745,5.855234992079444,129.4861674962316,Potato
66,45,52,24.620720628596906,74.56943968357824,6.242959041541272,75.10646175459327,Potato
66,55,70,18.732196380749023,74.926614919443,5.104352677754719,89.99022754155823,Potato
73,52,43,22.237755716882443,66.18326913875259,6.384412064237874,85.2185160149511,Potato
56,60,69,24.287394455790185,60.94621185730145,5.159057072312827,120.75274085271765,Potato
50,55,41,13.559875014479267,60.48396551911126,5.163163247048172,141.6030280173455,Potato
46,43,65,20.09554606337992,64.8844867765279,5.588513009347,74.24316188489239,Potato
75,59,70,24.212860747917993,72.81773914543422,5.457201574013316,125.60329774502267,Potato
62,46,46,24.513931946073825,65.57913707639844,6.259597085421783,115.44800014314143,Potato
73,60,45,15.783376002377132,70.50247346472574,5.385713605516714,99.92697887378935,Potato
44,50,43,24.702178826471794,78.22848479467066,6.118642817855092,149.54549985050272,Potato
50,59,58,13.766002271706672,72.65214718160638,6.393297139699679,117.82747454572002,Potato
40,58,47,15.762171993736619,76.84375799168555,6.178129562810109,97.86209029109972,Potato
57,50,61,13.83212932806282,78.02833244144342,6.2954908512770285,122.76087977433261,Potato
40,50,52,18.840135006966108,72.25462418596224,6.207609003624174,133.45168490285636,Potato
50,56,54,11.7003787023976,62.37838986763198,5.935058628393337,104.62084521110337,Potato
63,52,41,19.51343385520395,61.864463029455365,5.939888857128889,133.56505392440408,Potato
51,52,68,24.067037494647145,79.87037423440033,5.873984743714567,76.38401696043513,Potato
73,55,68,17.136245233388017,76.62127612631954,5.248971611647577,91.36919534349741,Potato
65,42,43,10.867279863883631,74.36283551709452,6.176357149692857,86.39722103852141,Potato
69,51,44,14.89358678981213,74.21550029561291,5.494004026582161,103.13963414585893,Potato
69,55,52,22.51898310639012,70.73397550958592,6.305914396147365,81.55579615138092,Potato
63,45,45,13.959548773088564,73.0140026977586,5.656821255918242,83.63693069096783,Potato
50,47,59,13.211952509083789,74.07408232396595,5.459276824244084,71.23966797841875,Potato
44,40,50,15.616879166609493,71.77965713229861,5.601702216658403,138.52666162053146,Potato
59,50,65,16.546599654309215,70.07182619388631,5.861063064516675,132.74516508950543,Potato
77,58,49,21.528238380676566,66.24499999610762,6.315976671783636,122.13196839998909,Potato
79,40,67,17.319099296396107,72.57307129474478,5.089054199781819,144.2383665654487,Potato
68,51,52,23.87776255849591,75.35455755176058,5.827014984894104,139.49834901696073,Potato
70,48,49,15.856877554648559,76.69103111976463,6.230172491605153,126.62653805869988,Potato
59,51,50,23.796503206180056,71.01369459723429,6.438943837902191,126.45219799002729,Potato
49,52,67,16.2171957789967,65.83714633662956,5.0433676799487355,109.15512382145695,Potato
67,43,67,24.323982222620685,77.54870087688617,5.087743064738309,103.33784137573085,Potato
46,60,48,12.04253611850238,69.90130435267051,6.185409569829601,127.70333649899442,Potato
61,50,64,18.91472753422763,77.0227768687644,5.653102541224368,79.30306698814407,Potato
69,53,53,10.294815896146096,60.03966753587386,5.416487566555614,124.70135082416336,Potato
69,48,70,19.06736826154266,73.43827235165615,6.133013038357992,117.86836057222621,Potato
56,52,62,18.357619696809046,60.83145416327156,5.655163487848744,76.72919111681355,Potato
79,40,42,18.078303024823526,62.342162089040684,5.824830400268032,110.84218627527017,Potato
70,43,56,18.484555089571188,71.20595891052734,6.341415990993912,102.66546895538477,Potato
64,52,61,21.432013474284762,67.9458202027913,5.928454955255942,110.25127226142897,Potato
55,55,64,19.551027513368485,64.59590317019133,5.9511723998715285,78.48705859392615,Potato
65,43,44,23.503789112905103,79.33587774501986,5.854564485242839,71.43447411404689,Potato
45,40,66,16.003368943502807,62.53447721007329,5.407978448017495,141.6883337492902,Potato
68,47,49,11.80461050311308,75.01900596629032,5.3066863234829444,99.86911574904947,Potato
57,40,70,22.38957888505631,67.7607321332531,5.026823197929344,92.77355171245715,Potato
75,55,62,12.727145882787465,60.0663465971918,5.013728597194201,89.50511762661938,Potato
46,40,63,17.790987591149765,68.61210876707824,5.417358766552961,116.56924121305141,Potato
80,43,56,11.400389849808054,72.9668529094,5.666914655417138,120.12238602577311,Potato
50,56,62,13.60306464072345,64.57944782390645,5.607844040917584,128.93257422603926,Potato
79,47,48,12.289075823356704,65.57371206414112,6.095547230626874,137.61197085701764,Potato
51,54,46,14.326256233669573,73.15178561184425,5.422261498144789,146.86150035509547,Potato
53,51,65,18.57152001890121,64.68531981303272,5.739778708725224,134.5208260967144,Potato
69,44,58,23.800313370207448,70.61462292557601,6.456445534553252,127.50955229309146,Potato
70,50,48,17.989321974698747,76.32739479660167,5.602106802522615,139.07922195603754,Potato
54,49,65,16.785404937800635,69.57988439863321,5.555002316064083,89.27960705871058,Potato
62,59,53,15.07294655364283,63.43020809345321,5.1990126489109745,89.41414002898945,Potato
52,40,49,15.121891109406242,61.87787986338841,5.723819785614993,89.25024940798318,Potato
63,45,52,19.22156607232624,74.3546986030774,6.422228064020203,102.05556378376767,Potato
48,54,67,13.932023933848441,63.474104957920744,6.3588205502421,94.62916382250862,Potato
66,45,48,23.36539392628667,73.58728417298089,5.574197175728162,117.18113248514166,Potato
80,59,54,24.576252491115888,67.20714288196189,6.180491649028033,75.95784840424892,Potato
77,40,60,24.96173616039645,68.07057581467993,6.451035470394858,96.44735972441698,Potato
69,41,54,17.629426827223796,79.10921413521848,5.483186955708578,98.12200497052942,Potato
55,48,64,18.961924502980647,66.41759379884088,6.496061331558269,91.39425917454972,Potato
62,57,60,14.751831074948875,71.83486292395392,5.003478947466773,129.22422696268552,Potato
40,41,65,20.65118240827944,71.8427384223233,5.373460480810384,113.83272861970175,Potato
62,45,46,18.521320063421896,69.73232009667484,5.980678834342109,129.33724967815536,Potato
65,47,42,15.48529427798559,72.49178351813634,5.197175689928897,82.26838977647047,Potato
51,52,55,15.145287987235978,78.35852697330782,5.09250730047775,114.57913087319668,Potato
53,52,60,20.544301323991498,61.981901952858315,6.159653764774865,143.78503054736225,Potato
60,54,53,16.476511043284585,79.02423185643772,5.333830344407322,99.58692363916379,Potato
79,45,54,22.47778393274061,78.90054061799752,5.7295830516108595,113.6704877811706,Potato
60,58,50,20.47661359441583,66.4033859219848,5.459044366149555,83.14641831725878,Potato
41,52,44,11.098219957106888,65.0627361085431,5.200677926670992,78.02031335361019,Potato
52,59,41,12.329398677273664,72.06027410569898,6.438955388539954,121.20231402747379,Potato
66,56,68,11.543770624112952,69.9237244065992,5.229907107467499,143.50583225688072,Potato
49,41,53,11.276469993188092,71.97195364248333,6.295749751720173,117.5826850376605,Potato
79,43,51,11.53184554375035,76.32219652542379,5.385235100536071,88.22000175002216,Potato
52,60,64,12.936024953385347,77.97801776096213,5.515099948873839,88.79063298736938,Potato
62,52,70,12.16220914072411,69.33065397569443,5.597655016692644,104.67387483456646,Potato
43,45,50,22.04500738196092,69.38983224795871,6.136853091737239,105.94260013143357,Potato
71,46,68,20.31312806825599,75.40825894096291,5.7379379009351394,74.39831578109964,Potato
40,58,65,24.068391817959593,65.36390645770277,5.9407618874281365,96.7553856854888,Potato
56,48,45,11.189252600212814,62.380605622233034,5.648651578469416,114.33758972405869,Potato
45,59,65,23.70503278205485,65.15166270285678,6.136553947749836,76.43862384142321,Potato
58,55,54,17.575846674842957,68.91898243963031,5.680433458590036,89.99631346883854,Potato
51,42,43,20.752321627771106,66.5462720713116,6.248988057551058,111.89985249694828,Potato
59,42,61,22.975185828067353,66.171064133468,6.185456131055718,133.11236725207468,Potato
70,50,40,12.204013093660514,70.85286092866252,5.752307659191702,85.04801993565442,Potato
61,54,52,21.321964478268725,71.60513422172684,5.077895495958983,83.41059738519658,Potato
74,56,70,18.08311129902897,61.64304166848396,6.039281163686699,103.99978107480875,Potato
49,53,65,14.21252836359664,61.96441775391091,6.466997585577609,96.12968667068631,Potato
71,54,70,15.056420272766893,64.675562065939,6.230634172556724,126.11424058237148,Potato
76,44,57,21.92378278025369,74.91644777675559,6.302123939418627,93.0908076455989,Potato
80,52,63,19.73690130985941,79.65449189387317,5.298328532123915,75.1896385173722,Potato
63,52,58,15.569360502446294,62.02546574889484,5.951605732613881,111.55121533578853,Potato
51,45,58,23.245256122775025,72.66692153322596,5.90221175586562,132.18051050457248,Potato
72,42,52,23.795216799824843,75.94030880593152,6.13391704177116,91.36543884400326,Potato
78,40,49,19.102812404967068,75.30886697288108,6.030088657799309,78.24365814881291,Potato
72,41,61,18.857602926740245,75.20376741058537,6.167446310846962,112.27522769358576,Potato
40,50,68,10.893847644881228,70.8583252903865,6.0149196681043104,131.5118392552002,Potato
65,41,54,11.385736913483802,77.41329399170455,5.611409207703369,112.77353775313986,Potato
66,57,67,10.29179805306305,66.63172829940073,6.280663971196402,94.56190470769232,Potato
41,56,42,23.326701835028018,68.20104862307745,6.222392026148214,111.14772671970516,Potato
54,54,50,20.81557215010485,76.44545511164968,5.164508676179983,80.77032364638518,Potato
80,58,61,16.33661274300831,69.62358412514487,6.065484292035082,148.72333254468572,Potato
46,49,41,19.26534733108585,74.54812519777583,6.328195070401524,85.74419830070843,Potato
62,60,43,15.140005156220866,78.02202847108993,5.207092398894866,71.31407772881138,Potato
57,51,69,13.553698956309333,72.15641995892115,5.608645266397956,72.09272419617965,Potato
42,58,51,17.74782226576843,73.00994612004102,5.327335111946059,131.07500698822813,Potato
66,41,70,20.32584933500302,74.50603946211045,6.276481661009425,121.04370532801669,Potato
74,56,60,24.00475476431791,66.32557305268313,6.254024513277084,143.63521607533647,Potato
71,58,47,23.118290709099462,68.01895856335898,5.656566889954108,123.78390902408768,Potato
40,59,51,20.578117641254185,61.69135724907412,6.421100800064115,95.27509102300192,Potato
44,40,59,16.742305577164366,65.81136335071828,6.406526061774934,106.06584664637221,Potato
49,48,43,15.663772690075174,64.384207787731,5.309298522620452,123.0135493130035,Potato
72,56,42,10.858819836572266,68.49260306867083,5.499217873289977,120.979457436321,Potato
65,44,70,23.476635063324856,67.96975301562958,5.011849473193273,143.20085548004784,Potato
67,54,62,21.826045368900722,61.35379070611962,6.454510130851108,112.11204204984745,Potato
76,55,41,20.676610648160462,67.35948255474102,6.094003867342915,93.1870492873071,Potato
75,44,51,21.969190772818934,67.19718720473018,5.933360610955958,149.12165587371538,Potato
61,45,60,17.971186672953746,60.11545784486099,6.386960560873376,127.21868225081477,Potato
78,48,43,22.430094167416307,70.01143879784023,5.6649855582350686,106.11083928863656,Potato
51,40,44,10.498286417328467,66.2019374507829,6.2733260456375675,87.55869836150649,Potato
75,40,69,12.482201499879736,78.94954546079073,5.193845824029294,120.98295790629125,Potato
52,52,62,18.96214807050022,64.36741478183828,6.463741216951325,127.20183938399765,Potato
64,60,65,10.203825499137485,67.67968707711002,5.471996582821073,149.04222287586893,Potato
55,54,65,20.735790045423922,60.92479704490071,5.786507790380536,121.63696682333608,Potato
70,55,42,13.953440748492957,68.88773466276824,6.390762938841636,120.2025956358271,Potato
68,40,52,13.117063507526968,78.3631040431043,5.454833158516174,132.0421481939485,Potato
74,60,58,17.714817718818345,66.54334111354154,5.742852193513031,125.38127892789463,Potato
78,45,50,20.84841841891618,75.11221872636392,5.064818441081839,115.77363770134585,Potato
45,51,43,11.634468558827422,79.36745225172913,5.798286283368787,98.25489270550382,Potato
80,48,65,10.474482436725104,60.8010492984592,5.068974436277823,137.0516414162728,Potato
78,41,52,10.821240687713248,78.19217038992012,5.70225221709054,115.97846728181803,Potato
58,46,61,11.866182185944517,65.31364646831774,5.807773110344631,116.23467654108948,Potato
41,54,64,22.06920499378219,79.9792019144213,6.168548366527453,140.54535059918442,Potato
78,48,68,16.399679447522715,67.74807313892367,6.162172229593287,95.7361771171366,Potato
58,56,68,10.754094049045454,71.8868853401225,5.118476827425693,80.90719228670176,Potato
65,58,40,19.421042493114395,73.68070103283499,5.7108066094696746,137.65009107746968,Potato
43,58,70,19.519079395462775,69.6061019283573,5.9001074065314265,90.63167022606565,Potato
78,55,55,19.733321745786967,66.88021007915911,5.477553167267268,97.3578079109661,Potato
47,44,51,13.350473905373413,75.80727387344731,5.188635070489119,133.72288682142187,Potato
46,57,70,15.005273641111256,76.22227972087174,6.026731052435231,135.9180868116496,Potato
47,46,59,18.762883720777165,67.41077741001365,5.52197244764329,94.6435069157044,Potato
71,49,46,24.75164799944268,74.93512657130131,6.029515734823227,72.23359901886869,Potato
74,54,49,14.589390824742578,73.54661879443962,5.847626411219875,142.23471689348827,Potato
51,40,56,19.390066819141715,77.70934303359212,6.246656430972685,85.57184757378495,Potato
66,47,45,21.531245746852843,65.73884066866943,5.969309798919722,143.67136020374912,Potato
66,51,49,12.996540490033723,60.828318774581746,6.186824594333483,92.10947864051994,Potato
53,59,47,17.17901860561346,74.18647209998147,6.233934292094128,72.53331516640755,Potato
51,59,46,14.371031488998742,69.31287153004827,6.481580882636498,114.06484276261153,Potato
57,58,57,18.918947025137953,65.98647511975452,5.742303970143871,147.03381389594807,Potato
63,40,55,11.288976289422695,74.5295155965096,5.125808217408211,82.09223257700162,Potato
76,49,59,19.750692146920272,64.44342964166343,5.504389442672643,130.76777424258398,Potato
55,46,70,14.76463010579542,69.06907244869066,6.070390419454522,96.51897552292817,Potato
74,51,41,13.74191077288823,69.90767629556635,5.291269543637066,115.89582947293563,Potato
80,52,63,24.221418301303597,69.05665924822033,5.154952985746407,89.06585185394721,Potato
76,44,62,14.724199186423371,63.9317486953985,5.630600426489818,87.37860482807125,Potato
69,42,48,11.101992665424246,77.73355846046009,5.235463131707413,82.94978311690919,Potato
76,49,48,18.063682157569087,67.955828524433,5.462228046768928,102.79038260489543,Potato
79,59,48,23.6093252368682,67.8537644469837,5.080184586038592,91.14841596909812,Potato
45,55,49,22.528523210379845,62.68700073225814,5.338001538068517,139.3807005772649,Potato
42,50,40,18.670811103058778,72.27363891269323,6.16903761851663,125.24519311676272,Potato
52,56,69,16.90580876125057,78.60627089292694,5.78266496786984,121.92048904701116,Potato
53,52,58,18.60353110666385,65.48989081521336,5.750257113995243,119.87562898571261,Potato
68,45,51,20.83130727068893,77.69832424492469,5.533943829655757,89.09105535143917,Potato
48,46,56,13.179664801680023,65.30366495242016,5.0519962451175955,72.96417832545501,Potato
47,60,70,17.073115619446547,77.09014072411327,6.409027482941621,111.66278210864813,Potato
80,55,53,12.603198100030477,68.08802489495613,6.157926471259973,147.94339857418703,Potato
68,52,48,17.022873570175527,77.56587315717094,5.672230413422053,84.22792380508022,Potato
72,57,50,24.668200204058664,67.2840823768948,5.427669563895625,78.67767130047582,Potato
76,57,65,22.828475799761943,73.47672137952974,5.066150618365284,109.08248561715311,Potato
45,42,70,14.264735172590928,78.9392446193914,5.402906802343619,126.83634445265618,Potato
69,50,63,20.452407864081945,60.08699881016372,5.7585002400397425,104.24754855629634,Potato
49,53,45,13.78118539446306,65.6575805478141,6.128753498296022,126.99050201920988,Potato
77,41,67,13.572745587998586,61.759557839558184,5.82997619753628,80.28942422732507,Potato
50,52,56,23.86055279969731,71.68050930255514,6.02260835292596,92.70452139291017,Potato
65,44,45,16.897321664797,64.11633590599934,5.351780947575003,91.79020470746451,Potato
42,57,62,13.778963157895845,72.79180796288969,6.052579462345033,90.58606618374334,Potato
58,44,49,11.028776585796455,69.91730589732117,6.145124264626784,107.95381695890416,Potato
69,53,54,10.291582890140125,72.72614049805456,6.014802663739642,98.78388388376976,Potato
73,56,67,22.142166015652045,75.75757726254696,5.39605830943429,80.29887986812426,Potato
74,44,68,11.137017453636709,71.18182246583248,5.716384307466929,80.46165397742766,Potato
61,41,52,22.833013871005335,73.52766309083356,5.991231229166637,95.47567729136551,Potato
73,52,45,20.956083937467536,68.50814616828598,5.756448236402671,75.8195418778672,Potato
70,48,48,15.785016352234802,79.55752746518985,5.27037280768092,90.29426093707309,Potato
41,40,56,12.15358810333007,65.99873821971293,5.350775176032096,132.87786588436077,Potato
63,57,42,23.41137886430318,79.54984421777813,5.9082569619442635,142.7652329919513,Potato
49,58,42,10.894177756222993,77.75985070374507,5.588602392643879,95.16928421481299,Potato
58,53,55,11.421263862244903,66.59912104680164,6.396944809640576,104.07634130573042,Potato
52,47,70,17.112370642369157,71.55400451300258,5.086304102680651,140.74078785264265,Potato
68,60,57,23.077198839147066,71.74923404579155,6.42947418991292,97.50254214032114,Potato
44,45,66,14.131921579531415,68.16580173637735,5.071507735857076,109.80489407664842,Potato
70,52,61,20.73395094925943,73.84009301515681,5.9914142114750515,136.27169758629753,Potato
59,55,57,15.10473647371707,66.67937147974222,5.981985822451672,127.34513757969802,Potato
76,58,63,19.500769062311633,65.9344987279297,5.380510818762267,85.88166686802923,Potato
64,43,69,10.961621951419172,65.16625412559448,5.340946956187569,148.2326744006279,Potato
75,45,53,21.6543481803478,72.46559695347077,6.267448186806336,124.27396655831498,Potato
76,56,57,13.447169937812555,79.99333666656662,5.566239638218953,89.22627708802447,Potato
54,49,41,16.12271977026829,66.4613003298163,6.029763787365601,97.00768287430762,Potato
52,40,53,16.73157377225214,61.500964454178295,6.137790567218168,141.71745280392483,Potato
67,42,64,13.793381312839193,73.25969490061345,5.976925116545282,100.16933312099519,Potato
55,55,59,17.405930212664884,72.03057968680395,6.361991342292766,110.73669171334333,Potato
67,54,63,15.545919342077134,69.81594121672524,6.4415330305564105,124.14344291705066,Potato
76,40,63,23.028860860582746,60.605937204034596,5.381132665238305,136.77856127724965,Potato
50,50,57,23.881376622523888,63.58130355087999,5.029930933902532,114.393482770518,Potato
59,53,42,15.509761048911571,72.21454653819406,5.6636694473958356,103.4399213241939,Potato
43,50,56,15.793327552230743,72.21566386824213,6.378770593791803,71.18554374408123,Potato
49,52,45,11.41186618916648,63.501428499540964,5.47525407311137,75.64354603117587,Potato
59,55,65,22.895365459740738,61.45900246374438,5.446851676336515,110.87910636384512,Potato
52,50,42,17.914797483545883,79.14179828854184,5.714323767670112,143.20862914603777,Potato
60,41,62,17.315615831868516,60.88956616866717,6.205906123344494,73.5893526153928,Potato
75,52,59,21.779630782251033,75.71247569339474,6.383444805549886,72.35453555903175,Potato
72,45,70,23.271954811642402,79.8088707790908,5.546318809626675,88.58397603835218,Potato
62,47,48,17.863181589179682,75.38278425798,5.227096378180848,136.5066889891874,Potato
46,41,59,11.14987303323515,78.65628035220007,6.258151691003989,72.80821572675899,Potato
54,48,61,12.754890429811091,61.5391078030397,6.130074601103622,88.13348413905575,Potato
68,48,54,10.28091171352753,78.91195317432873,5.2570181710344706,90.34031365638202,Potato
72,41,41,20.70761128734283,68.28013255864163,5.442676068567076,111.92993641630966,Potato
42,42,61,21.45851027572671,63.86149775890027,5.930377933530581,106.2614625083992,Potato
40,50,69,14.569177929329502,79.65481518981201,5.922521421048412,121.28715160814318,Potato
51,46,59,20.377158706040127,73.64117016689671,5.183096439951904,138.5019613310825,Potato
43,52,67,22.136885257371937,70.45520610599112,5.718759118845321,101.07462527285996,Potato
80,53,42,24.39538604782401,70.13782539822307,5.63052028447872,97.48979731910508,Potato
75,57,56,19.370675913331844,79.14004606753257,6.072800356191516,90.24465770653086,Potato
71,60,43,23.262836995940134,62.57186847234464,6.1709540454983465,140.47832422094595,Potato
71,50,66,17.338384343659307,64.22197640673724,6.20891205961688,127.04450985461737,Potato
51,57,66,22.076170542336953,62.20102861325108,5.101787805517836,91.75131178805287,Potato
54,59,45,23.68660159404607,70.89410651062215,6.192076295667079,97.18994708156555,Potato
66,44,69,13.318169558633631,62.989628900055024,5.691320550097792,83.60270919967644,Potato
76,58,67,19.071616559716638,70.51510601008172,6.268395836664392,76.75241509007915,Potato
75,47,63,16.87532099204769,74.73670352877872,6.381751364792739,146.95946295565966,Potato
68,58,48,21.8573009177697,64.13642640640789,6.254831811190627,107.05197143068423,Potato
45,47,57,17.302964693259632,69.07641794821772,5.808781155124752,86.8487935355434,Potato
71,46,70,10.160353450206342,76.22068359790366,6.388021845204079,124.51392309392031,Potato
44,48,61,15.282474502056608,71.78078571447026,6.3379666362147224,100.89713273384322,Potato
40,44,41,22.389072102394888,65.17459199985908,6.496331592612611,91.87157142686173,Potato
73,53,64,17.454366505710475,60.14322056289098,5.58610665053953,144.9595735778673,Potato
74,59,65,19.192575633869005,72.3109796270666,5.677392720009788,100.0751116636726,Potato
68,58,46,23.43357502539142,73.92271677418242,5.997627569164838,71.80769440931697,Potato
56,58,44,14.8653382985581,75.81944577205019,5.076703614654587,109.46570211478458,Potato
40,42,63,13.919622017525635,73.22276148211469,5.990945767272519,85.55809796897482,Potato
66,57,69,11.492840445990426,67.06735091773669,5.7960452721900815,124.53824840524467,Potato
72,57,48,12.01406745112198,68.3374904001746,5.641249505235158,126.0591716240153,Potato
51,41,61,12.686057769979382,70.09794116570275,6.115265196101435,137.46222892391228,Potato
51,41,55,13.324065216934015,60.19856715893675,6.4478557617654,109.49178300162498,Potato
63,51,54,17.436907951062324,65.13312129619628,5.816843996844011,133.35714491501787,Potato
70,55,47,20.946264054717755,68.28880880152283,6.073263847941002,89.54996688514741,Potato
63,41,67,10.034023198483476,62.83797238221797,5.051603475971322,130.9903144981655,Potato
72,54,44,13.81488359946659,63.12117444142875,6.137424457735019,76.06546202965441,Potato
53,59,43,13.671576785318312,68.16286656127943,5.511434265131421,111.3472415758892,Potato
64,47,62,10.525459975082436,75.69315192853557,5.595080791855405,136.11446082030352,Potato
79,51,70,20.66709089811286,64.06000495616098,6.371477443140881,99.91143992582195,Potato
43,40,66,21.897372166302063,67.19030262294022,6.15104898839198,142.27127979692028,Potato
44,55,55,18.550720475281082,65.9204413118585,5.1490266559488695,84.04056057287762,Potato
60,46,61,10.578003229697293,76.79949283279775,5.542069238264284,115.81070891308153,Potato
41,53,63,11.885640423998012,66.90319675270696,5.963985328740146,85.4532981895275,Potato
60,41,49,23.626046163377275,69.17611573996423,5.746095230943238,124.68950142698446,Potato
51,56,56,21.577510642995684,77.25751123942554,5.790330407274414,127.00661829294447,Potato
72,49,57,19.136291600825068,69.85952034193043,5.939050120415961,111.9745056008795,Potato
61,55,45,11.635480022010912,72.70690603356107,5.337836478273565,104.41271844666265,Potato
64,54,43,18.173871396089666,77.41197712642919,6.0981178010131565,75.4094326951571,Potato
55,56,54,23.950997934705292,60.34446430742133,6.465270502341253,93.00929546358535,Potato
56,46,65,12.509474499746645,69.54737039833518,5.216352063371712,147.18888637986655,Potato
44,51,57,14.456780687452639,70.62573830485816,6.408677720760966,77.56621073538169,Potato
80,42,52,21.388981687068018,71.04458775234981,6.037975247819267,131.37051909411454,Potato
78,53,65,22.490521314324734,74.37396553003724,5.651915672533131,80.2866800948922,Potato
67,40,43,17.50586270701947,61.25192727096809,6.362569851659627,81.42595175298428,Potato
57,59,64,17.188871420404684,69.88093109163489,5.924255956863439,80.43760253044975,Potato
42,51,51,13.23450277566954,68.43466628326496,6.446725494535784,104.11762415040744,Potato
40,49,45,11.711532784398221,68.30960413703228,5.236706956239544,120.18914007991756,Potato
70,43,54,12.129070963944095,73.62253854550019,5.173355527123089,141.8631083501313,Potato
73,47,51,11.037251989066622,73.87696986788218,5.682539299344912,78.10317581907266,Potato
78,40,50,23.98635172811283,76.77759047504851,6.408591144768529,81.09813966406135,Potato
60,50,45,23.552132674373098,65.81097239994142,6.084366160979899,127.77473658092694,Potato
40,43,57,24.748318694215623,69.64007050085732,6.089513570534265,126.2197977520942,Potato
67,57,63,22.569856073544738,78.59898096463186,6.045631550013029,141.54122400689238,Potato
72,57,42,15.725182131924488,79.43504031392119,5.69146736055421,72.12096101400363,Potato
49,60,58,23.42800137487997,70.90634211331538,5.165275200308715,130.79539606313412,Potato
66,42,46,22.222040902316962,71.91629507765458,6.479833127625684,111.50194724445966,Potato
73,59,65,16.06052718752495,67.30725990484507,5.345575457946964,85.48467530684209,Potato
43,52,40,17.31585444788408,71.40936464686827,5.987899965160256,127.37362575050749,Potato
51,45,52,20.36755037700344,64.12264339301781,5.686231425508245,141.7781489421782,Potato
54,45,57,13.400104130837356,60.19552857983203,6.492713025051198,140.31558451451212,Potato
79,40,45,18.453622822098588,74.87979818529064,5.088981561704577,146.36558133249912,Potato
66,44,64,12.509904871203407,61.51514856479611,6.35016380483444,108.01670397529098,Potato
77,49,53,13.580962934760866,77.54595328628163,5.327747241144341,81.9297993706128,Potato
66,40,46,18.04444884951019,69.2428906905224,6.095760186324066,128.90895714485424,Potato
79,42,67,17.77987971944046,62.66971938675538,5.988539222738696,82.6007816119776,Potato
48,55,53,20.654531564749334,73.93858124111019,5.889737002092501,75.44219495980441,Potato
43,57,42,15.372998021348508,75.32080709695532,6.061048569901378,132.71033994597695,Potato
51,40,40,23.571841001857592,66.8199166794557,5.708858289594514,113.45318332213212,Potato
69,51,60,12.40499554536611,74.32650385633816,6.122989599274004,90.93370201419889,Potato
43,56,55,17.363499423711424,79.41289403772684,5.477420822650003,73.37288053335423,Potato
53,49,61,17.93089175668663,79.35002575582214,5.153506934730354,129.95926984887421,Potato
70,54,57,17.27164896224769,69.99238455580482,5.344972720737217,80.01077392643697,Potato
58,54,69,22.67771985062242,74.86122765250155,6.129981430097781,123.3039808080403,Potato
78,46,55,14.566724033481508,66.35396704280437,5.2335335986763285,136.77718316916042,Potato
71,46,58,16.994955335872945,71.56801457875625,6.451281240975913,145.99482762643265,Potato
41,51,47,22.880826306580776,65.47462649426424,6.437577948341813,149.11027158213057,Potato
64,55,51,20.24632061266705,66.07216582031663,5.6896953554506755,78.49318701796248,Potato
48,41,53,16.372670547590417,60.88011839941638,6.439643100798236,120.94156274727584,Potato
64,43,52,23.04903053168411,72.52716993311842,6.447827700081852,82.5037479704454,Potato
55,41,50,13.782522219863278,68.2467476508505,5.106773570267668,144.50074349556334,Potato
76,44,48,11.90206494417891,63.807992916546766,5.0882450846495315,82.25184861845237,Potato
69,59,51,18.407895564502258,65.04362959298143,5.323590783995515,70.00813213137067,Potato
75,57,48,24.573707330161106,65.53547173691693,5.713879398815379,102.49262851714957,Potato
69,59,69,12.403569640314293,61.620674802253895,5.452576074970704,141.9477178209799,Potato
52,43,41,16.282998278319056,60.47170433671355,5.505557751958926,145.56554483227364,Potato
63,49,44,12.28902245609162,63.261795747188856,5.329227047728143,95.06946758396238,Potato
72,52,52,15.352526956925459,69.54383439539104,5.308879771435642,148.5541356336115,Potato
66,42,50,19.92057438149903,77.01625523341816,5.202493914665493,146.93533394582917,Potato
80,50,47,22.991724289092872,77.42837788383945,5.364345971712964,110.97294252774365,Potato
69,52,70,12.816794023168946,63.65570583724916,5.145438908737499,141.16620967675706,Potato
55,45,49,11.447822624646506,74.22089020738998,5.6515921045804305,72.69080002222299,Potato
74,48,68,14.962104822572883,64.02731629930932,6.379669201395211,101.4346628077817,Potato
63,58,58,20.74886251965684,75.2918349846795,5.551054722370035,81.49852462232263,Potato
68,56,64,20.785281442406646,75.49080844577986,5.196613554083383,143.38147293481657,Potato
77,51,46,17.8702996412575,75.43230655908042,6.444509208252796,145.6810795772308,Potato
46,44,44,16.333549344111386,62.13417363679603,5.474379844254873,148.24006622256388,Potato
57,53,68,16.8826898209403,79.85245445631638,5.396845156906901,131.7632478465477,Potato
67,59,62,23.418298677476933,75.03431096521598,5.773044381788665,84.78589631325961,Potato
63,51,45,13.049884532741213,64.42871193544454,6.25692748134386,73.42905100132668,Potato
69,52,42,19.977055465203946,71.56643205319314,5.762138605282802,107.54989222973452,Potato
76,44,51,24.0242927286277,71.9097051949837,5.013852486589667,123.22011758977254,Potato
51,49,48,10.332207557329875,69.00563389779117,5.237616643493771,113.37382939896841,Potato
63,45,45,20.804797708827465,64.72060190268806,5.355942873356983,83.35574102836023,Potato
43,58,44,11.26402801999718,64.10197134786334,5.389850666236468,147.6504791319931,Potato
55,49,68,11.462665653587221,67.35589823413615,6.4925996634177405,103.85271005513354,Potato
62,57,56,14.958991504221913,73.1308204519659,5.7770541873021966,107.95914488027924,Potato
71,42,40,11.538694629690914,69.68095310526076,6.240278244408117,139.5710471909045,Potato
57,43,50,24.13908793157688,72.985389335126,5.668679842478463,95.8452317977956,Potato
72,45,56,14.701362239740558,74.00444705046374,5.3369169945276935,95.42397591806258,Potato
59,53,53,10.84971413380859,68.33227414821319,5.631070533202866,121.48087121996625,Potato
47,44,67,14.581774139972648,77.10451995843266,6.07295009725539,79.47603206131379,Potato
54,41,64,16.981907414656806,65.7762919727052,5.290815837573728,96.04441477492195,Potato
42,52,57,16.41637459849838,70.94236541731085,5.67143142667282,82.95448592635013,Potato
40,52,68,16.015394002704625,68.7064606588475,6.119064698239688,120.0738705681746,Potato
40,50,50,12.909050175306351,61.08445345551922,5.94892588814771,149.42140286267355,Potato
44,56,61,17.869478720256474,75.23782224980407,6.213935471423667,126.15043435402217,Potato
73,55,61,15.206448330141669,72.48210189993473,5.479245031371157,122.4742625047462,Potato
65,47,54,11.741362205272571,67.77119461559793,6.1445944021374475,92.66240510327142,Potato
80,54,63,11.167466930918394,69.22850003645786,6.326376234927381,121.75213350733168,Potato
57,59,61,15.689945334740319,68.36150237760796,5.610538300857192,124.08081943032796,Potato
74,48,61,13.808578743612351,77.52195762757913,5.3748560173254365,90.11637257735565,Potato
61,45,55,24.465544378385964,61.30186604104676,5.762153878067028,97.69503074041012,Potato
62,48,51,14.638125169587262,60.559635722693336,5.8063436884952555,110.99801344076815,Potato
56,60,41,11.853656074322453,69.70171095975127,6.261480430311587,145.67202430340976,Potato
48,49,42,15.310479272755144,66.74271639914613,5.929160992846653,131.05247518070158,Potato
62,42,58,15.239864522052542,62.63208848074639,5.704117773631884,148.3625118691507,Potato
49,59,48,11.742283720017104,63.58083624583072,5.944844828470873,74.1892079204308,Potato
70,60,41,14.38537605829927,66.34076798279969,6.199147754248927,148.95170401937452,Potato
69,54,68,18.09333721967341,61.70532545123908,5.490849082970896,96.19813505711218,Potato
49,49,44,10.840113119065832,76.97739763441416,6.391253377784443,126.5869445314913,Potato
74,53,46,22.34447213756183,67.15318471574976,6.081456521350576,125.5619991558204,Potato
