N,P,K,temperature,humidity,ph,rainfall,health
98,41,66,23.9,98.0,6.0,83.7,Healthy
70,80,106,18.3,98.3,6.5,35.4,Warning
133,44,43,43.7,29.6,6.8,148.7,Dangerous
111,67,42,13.7,96.4,4.2,172.0,Dangerous
108,46,9,20.0,33.0,7.9,152.3,Warning
67,124,26,39.1,72.3,4.0,107.0,Dangerous
19,55,6,34.9,58.8,5.2,237.9,Dangerous
113,95,102,24.2,92.2,6.7,177.5,Healthy
2,116,190,40.6,68.8,5.0,104.6,Dangerous
140,82,135,25.0,61.1,5.3,138.3,Dangerous
137,29,88,10.3,51.7,4.7,251.6,Dangerous
35,18,98,10.7,38.3,7.6,264.9,Dangerous
89,86,34,10.5,93.8,5.8,126.2,Dangerous
50,92,47,23.1,39.1,6.5,221.2,Warning
101,84,13,14.5,27.4,6.6,56.4,Dangerous
72,40,6,30.2,94.2,6.3,110.2,Warning
118,75,180,27.8,67.0,8.7,266.0,Dangerous
34,32,204,40.6,53.4,5.9,120.2,Dangerous
46,50,105,36.7,66.3,7.5,155.0,Warning
135,120,98,10.9,86.1,4.9,230.8,Dangerous
95,98,44,13.5,96.5,4.9,167.1,Dangerous
88,52,92,15.0,59.0,5.8,109.4,Warning
133,72,188,10.7,49.3,7.3,138.6,Dangerous
82,39,144,41.6,80.3,7.4,186.7,Dangerous
129,3,204,37.5,80.9,8.2,33.0,Dangerous
83,86,122,30.7,33.9,8.8,260.6,Dangerous
127,145,117,14.9,49.4,6.8,186.2,Dangerous
107,97,195,30.1,31.0,6.6,241.3,Warning
60,83,200,34.0,49.2,5.3,234.5,Dangerous
39,87,93,18.7,29.0,6.7,27.9,Warning
111,104,76,19.8,93.4,6.9,164.4,Warning
35,28,147,34.6,67.0,7.1,74.2,Warning
126,131,10,15.2,77.2,8.2,283.7,Dangerous
112,135,88,11.2,97.2,7.7,56.5,Dangerous
75,14,105,26.2,94.4,4.1,24.5,Dangerous
132,52,200,35.0,57.6,4.6,246.7,Dangerous
22,49,149,10.5,36.6,8.1,180.9,Dangerous
86,109,5,44.9,50.4,4.4,188.5,Dangerous
94,107,134,11.8,37.5,8.2,209.3,Dangerous
36,78,18,38.8,95.8,5.7,149.1,Dangerous
53,142,45,34.6,99.3,5.3,232.0,Dangerous
74,82,87,23.5,31.7,4.2,65.2,Dangerous
64,37,77,11.9,78.2,7.4,59.1,Dangerous
112,60,202,39.0,35.8,6.7,247.4,Dangerous
33,89,185,30.8,85.2,6.5,135.9,Warning
116,113,12,21.5,21.0,7.3,239.1,Warning
49,145,177,31.0,53.5,6.0,265.2,Warning
29,95,103,42.2,66.1,6.4,243.8,Dangerous
80,96,85,43.0,85.1,8.3,267.4,Dangerous
87,37,165,36.4,47.1,7.6,93.8,Warning
45,6,176,39.1,51.1,5.4,152.6,Dangerous
17,113,106,29.4,34.1,4.6,121.5,Dangerous
13,44,126,39.8,24.2,8.7,118.6,Dangerous
127,115,176,25.7,27.4,8.0,153.4,Warning
7,99,22,22.2,87.7,5.8,178.2,Warning
26,126,117,12.7,25.3,6.3,40.4,Dangerous
138,111,172,14.3,32.8,7.3,97.4,Dangerous
87,99,34,43.6,69.4,5.5,217.5,Dangerous
126,60,24,15.1,65.2,6.1,271.5,Warning
67,36,57,27.7,20.4,6.9,60.7,Warning
115,130,64,19.7,67.3,4.0,130.1,Dangerous
17,10,135,35.0,31.1,5.3,34.6,Dangerous
27,42,117,44.3,88.8,8.6,214.7,Dangerous
136,8,171,38.3,46.7,4.0,103.9,Dangerous
13,98,25,25.8,78.8,5.6,69.3,Warning
34,126,153,33.0,53.9,8.5,135.9,Dangerous
96,53,169,15.2,54.3,4.1,55.0,Dangerous
53,9,32,43.3,43.2,8.1,21.8,Dangerous
77,35,123,22.5,97.3,5.9,88.7,Warning
31,126,144,32.5,46.4,4.4,193.0,Dangerous
125,115,13,24.5,49.3,8.5,182.1,Dangerous
65,35,194,12.1,99.6,8.0,91.5,Dangerous
10,62,162,31.6,86.6,7.7,155.8,Warning
132,19,34,18.5,74.4,7.8,93.9,Warning
101,137,160,30.0,70.5,4.3,237.0,Dangerous
26,56,102,34.7,73.8,4.0,296.8,Dangerous
27,17,82,42.0,37.5,5.3,273.3,Dangerous
70,5,20,25.4,54.4,5.8,290.3,Warning
40,100,99,12.8,90.1,8.6,21.2,Dangerous
30,72,161,27.1,53.7,7.8,104.0,Warning
61,71,157,43.4,59.2,5.3,179.2,Dangerous
14,80,194,40.3,71.6,8.4,239.9,Dangerous
51,13,194,28.7,84.1,6.7,269.1,Warning
80,8,17,32.9,74.2,5.8,264.0,Warning
80,12,22,39.5,81.4,7.6,238.9,Dangerous
52,46,150,40.4,37.2,5.7,264.8,Dangerous
139,53,136,34.8,61.5,5.2,54.8,Dangerous
127,53,48,21.3,67.0,6.4,218.6,Healthy
1,132,203,14.0,90.3,7.9,95.6,Dangerous
98,113,124,24.1,89.8,6.8,192.3,Healthy
60,17,79,36.7,58.5,8.3,132.7,Dangerous
0,17,55,40.1,48.6,8.2,246.8,Dangerous
54,103,3,42.8,63.6,5.7,274.8,Dangerous
65,90,31,20.0,93.0,6.5,30.8,Warning
12,14,65,43.2,45.4,5.3,232.8,Dangerous
77,68,115,18.6,67.2,7.2,28.8,Warning
129,106,35,35.3,82.6,5.9,122.8,Warning
80,56,1,29.8,32.3,7.7,273.0,Warning
33,101,133,25.0,89.5,7.6,203.6,Warning
105,48,59,39.7,52.2,8.3,253.2,Dangerous
72,62,3,21.7,50.6,8.4,70.2,Dangerous
23,144,106,21.7,93.5,5.4,274.2,Dangerous
32,101,162,33.7,70.8,7.4,25.0,Warning
62,133,36,25.3,66.5,6.2,299.9,Warning
45,132,129,11.6,72.4,8.9,52.1,Dangerous
118,37,200,32.8,85.4,7.7,162.3,Warning
89,135,148,14.5,30.9,4.8,47.3,Dangerous
45,124,20,41.8,30.5,8.1,258.3,Dangerous
0,22,157,35.6,36.9,4.4,179.8,Dangerous
0,145,86,13.8,48.8,8.9,105.6,Dangerous
52,115,24,19.0,24.0,7.0,109.9,Warning
17,55,201,41.6,83.8,6.5,176.4,Dangerous
123,119,85,28.4,20.3,7.7,214.1,Warning
64,42,194,23.9,93.9,5.3,30.3,Dangerous
16,114,87,10.4,71.2,8.8,27.9,Dangerous
49,137,197,29.0,51.9,7.3,295.9,Healthy
123,126,12,33.7,27.2,8.8,51.6,Dangerous
139,55,125,21.8,35.3,5.5,172.1,Warning
21,78,149,39.3,77.7,7.0,70.4,Dangerous
71,121,154,42.4,23.4,7.6,288.0,Dangerous
103,103,168,13.3,65.9,4.5,155.2,Dangerous
15,82,96,38.8,89.3,6.6,93.2,Dangerous
138,117,23,41.7,38.5,8.0,299.2,Dangerous
32,107,172,28.5,59.2,7.7,260.7,Warning
85,103,115,17.1,75.4,5.0,255.2,Dangerous
134,122,105,33.8,82.8,6.8,131.9,Warning
18,128,115,34.3,46.1,4.9,238.8,Dangerous
20,93,65,10.0,88.9,8.3,266.4,Dangerous
63,70,157,13.3,53.7,6.3,147.8,Dangerous
51,129,45,23.7,76.0,4.4,197.3,Dangerous
69,58,114,16.8,42.8,8.7,285.1,Dangerous
18,128,85,21.6,61.6,6.8,210.1,Warning
93,136,106,14.9,22.7,9.0,190.6,Dangerous
62,123,65,38.6,55.8,4.8,190.3,Dangerous
26,127,178,37.6,64.4,5.6,117.2,Warning
12,128,174,23.3,73.9,4.2,131.0,Dangerous
8,43,18,17.4,79.7,4.4,191.7,Dangerous
34,110,170,10.2,50.2,8.9,113.0,Dangerous
97,77,202,34.4,37.2,8.2,22.9,Dangerous
57,69,97,44.6,39.4,8.4,161.0,Dangerous
88,47,108,41.9,71.1,4.3,146.3,Dangerous
80,0,92,40.9,29.0,8.3,217.7,Dangerous
76,35,84,15.4,86.6,6.8,84.4,Warning
93,21,108,33.3,100.0,8.0,21.5,Warning
29,4,92,18.5,28.1,5.0,98.0,Dangerous
89,129,174,15.9,88.3,6.4,147.4,Warning
118,78,22,21.6,63.3,4.6,199.3,Dangerous
36,99,54,34.3,23.2,5.0,143.6,Dangerous
64,61,26,27.7,88.3,6.3,266.7,Warning
111,103,38,11.6,46.5,7.9,174.5,Dangerous
60,102,198,18.5,25.2,8.7,145.3,Dangerous
11,71,150,36.1,90.5,5.1,81.4,Dangerous
65,12,60,12.0,86.7,6.6,176.8,Dangerous
84,106,30,33.3,66.9,6.8,77.0,Warning
128,144,83,25.1,68.7,8.9,156.0,Dangerous
127,138,115,14.5,51.6,5.0,294.6,Dangerous
70,129,144,12.1,56.4,7.8,125.5,Dangerous
75,9,5,38.1,93.0,8.9,54.3,Dangerous
70,73,167,29.6,64.8,6.9,152.8,Healthy
8,98,74,36.3,25.5,5.4,168.1,Dangerous
15,24,24,37.7,62.7,7.8,93.8,Warning
115,142,84,27.1,75.5,5.7,206.9,Warning
128,7,64,26.0,51.0,5.2,99.6,Dangerous
24,121,121,27.5,90.9,7.5,46.8,Warning
131,54,185,28.0,23.3,5.0,285.4,Dangerous
85,42,69,26.1,28.2,6.8,30.6,Warning
18,1,36,17.3,95.3,4.4,266.4,Dangerous
42,55,19,16.6,85.3,7.5,81.2,Warning
46,26,9,43.5,43.4,6.2,86.2,Dangerous
83,121,132,29.6,53.5,6.0,82.3,Healthy
138,70,186,30.2,26.1,6.9,58.5,Warning
83,87,74,40.6,44.0,5.5,212.5,Dangerous
118,110,31,35.5,72.6,6.4,61.5,Warning
117,122,116,40.6,48.7,4.6,286.5,Dangerous
114,81,152,26.5,42.2,6.9,121.1,Warning
39,135,205,26.8,20.9,4.9,279.2,Dangerous
33,0,187,32.5,38.4,6.8,195.3,Warning
62,102,203,24.2,66.9,5.0,171.1,Dangerous
92,114,203,37.5,88.9,4.7,52.0,Dangerous
95,142,101,27.0,35.8,6.0,194.1,Warning
38,39,181,20.2,22.2,6.9,77.3,Warning
123,128,148,20.2,40.8,4.2,34.5,Dangerous
100,86,66,24.1,49.8,8.7,150.5,Dangerous
55,35,58,26.0,85.8,5.3,123.7,Dangerous
87,71,176,23.4,65.5,6.1,235.5,Healthy
134,28,143,23.2,69.6,5.2,46.9,Dangerous
129,98,195,28.6,21.0,8.8,107.9,Dangerous
91,6,88,23.7,98.8,6.8,41.5,Warning
39,21,203,30.5,56.0,7.1,27.5,Warning
12,123,186,28.4,85.9,7.3,134.0,Warning
15,81,108,12.4,40.6,7.1,49.4,Dangerous
1,32,185,14.4,22.1,7.1,221.6,Dangerous
61,125,192,11.0,88.5,5.6,105.2,Dangerous
85,63,110,30.3,56.9,8.0,221.6,Warning
65,30,192,14.6,46.9,8.1,252.9,Dangerous
50,37,21,27.1,39.1,8.7,82.8,Dangerous
111,115,77,43.6,64.3,8.4,118.4,Dangerous
27,107,141,31.8,47.8,6.3,292.5,Warning
135,62,174,12.1,49.8,6.0,153.6,Dangerous
110,46,111,19.8,63.0,8.6,266.9,Dangerous
87,102,156,36.7,73.9,6.0,182.8,Warning
79,72,15,39.6,83.9,6.8,203.8,Dangerous
45,66,1,16.4,41.1,4.9,91.5,Dangerous
56,134,91,29.8,60.1,4.6,200.7,Dangerous
52,108,6,42.0,24.8,5.0,31.2,Dangerous
65,88,105,36.0,47.0,5.9,38.1,Warning
99,143,67,10.2,54.3,8.3,181.5,Dangerous
30,53,188,13.7,62.8,7.0,134.3,Dangerous
4,50,1,38.8,27.2,5.1,42.6,Dangerous
75,42,131,19.8,63.4,5.1,275.6,Dangerous
80,9,109,22.4,78.9,6.1,268.7,Warning
54,102,131,10.5,88.1,4.0,202.4,Dangerous
75,27,197,27.2,42.2,5.6,262.3,Warning
71,92,13,40.2,68.3,6.2,212.4,Dangerous
107,12,154,35.2,35.1,7.5,271.4,Warning
77,58,61,21.7,83.9,8.8,26.3,Dangerous
56,3,122,17.5,64.8,5.9,227.0,Warning
76,111,183,19.3,37.2,8.1,184.4,Dangerous
74,120,114,22.5,47.8,6.8,220.6,Warning
79,11,177,40.5,81.2,6.8,61.7,Dangerous
120,124,46,25.0,66.1,8.2,182.8,Dangerous
115,53,155,16.1,75.1,7.9,190.6,Warning
22,133,18,15.8,36.0,4.1,83.9,Dangerous
16,115,186,33.8,32.2,5.5,37.9,Warning
110,29,29,39.8,26.8,4.4,241.5,Dangerous
55,6,75,41.7,82.6,5.3,195.6,Dangerous
83,120,52,35.6,51.5,8.8,100.6,Dangerous
117,139,8,38.5,96.3,5.8,130.7,Dangerous
136,61,184,20.5,91.4,5.6,112.1,Warning
1,24,31,19.0,37.2,5.8,90.3,Warning
115,141,170,36.3,52.0,8.1,275.0,Dangerous
71,136,112,32.1,77.5,8.8,37.4,Dangerous
95,60,21,38.9,73.9,4.8,120.4,Dangerous
102,70,202,34.7,95.6,8.2,259.6,Dangerous
41,72,135,15.4,32.3,8.4,266.4,Dangerous
108,135,9,44.8,58.4,8.1,193.8,Dangerous
38,134,11,16.9,74.8,4.7,82.8,Dangerous
87,16,37,36.4,25.4,7.1,80.6,Warning
126,99,58,14.7,76.8,8.2,236.0,Dangerous
100,101,98,40.3,52.6,4.9,248.8,Dangerous
3,142,150,10.8,33.4,4.1,155.9,Dangerous
36,24,184,40.8,90.3,7.5,43.4,Dangerous
38,99,39,18.4,74.6,5.1,128.9,Dangerous
46,66,141,20.0,86.9,5.0,243.3,Dangerous
127,90,82,29.5,48.6,5.4,186.8,Dangerous
71,126,128,28.4,44.2,6.8,286.8,Warning
53,61,21,40.9,98.3,5.3,196.3,Dangerous
60,102,82,31.4,96.3,4.2,138.8,Dangerous
2,30,183,33.9,71.0,5.7,76.7,Warning
96,50,68,13.4,42.6,4.9,92.9,Dangerous
86,20,148,28.9,32.1,5.9,62.4,Warning
14,89,104,21.0,46.6,4.4,188.7,Dangerous
2,98,29,40.9,85.6,4.4,277.5,Dangerous
136,94,77,27.5,36.4,4.4,190.5,Dangerous
111,42,125,18.0,85.0,8.5,160.6,Dangerous
19,117,62,31.5,91.4,4.5,99.7,Dangerous
62,5,18,42.6,23.4,4.4,244.3,Dangerous
21,118,86,34.2,30.8,7.3,225.9,Warning
110,76,150,13.7,34.9,5.1,268.8,Dangerous
2,110,82,29.0,72.5,6.4,243.1,Warning
53,61,178,43.6,47.0,5.7,244.8,Dangerous
97,122,71,39.3,48.0,6.0,246.3,Dangerous
41,117,19,44.0,25.2,5.8,33.0,Dangerous
125,88,39,25.5,22.4,5.9,21.0,Warning
48,35,189,29.1,28.8,8.7,28.7,Dangerous
40,91,91,36.4,26.3,5.6,126.2,Warning
18,55,76,41.3,43.7,6.8,176.9,Dangerous
22,108,154,28.8,36.7,5.3,213.0,Dangerous
46,75,153,36.2,67.2,7.2,82.0,Warning
88,45,203,25.9,44.3,6.7,265.7,Warning
70,75,35,30.9,88.2,4.8,276.1,Dangerous
57,123,106,10.4,54.6,4.2,258.6,Dangerous
43,60,144,41.6,52.6,5.1,32.7,Dangerous
128,113,179,21.5,59.5,5.2,190.5,Dangerous
37,108,60,17.8,20.7,4.3,48.1,Dangerous
50,145,1,39.0,73.6,7.8,218.5,Dangerous
87,12,202,22.5,80.5,7.0,255.3,Warning
106,64,158,18.1,40.4,4.4,102.0,Dangerous
72,21,151,24.8,66.2,8.1,100.9,Dangerous
25,134,81,24.3,51.4,6.1,120.5,Warning
119,44,51,25.9,41.2,6.6,120.8,Warning
20,80,125,44.6,36.7,5.3,29.1,Dangerous
104,140,25,15.9,75.2,5.0,36.3,Dangerous
129,2,192,14.1,78.9,5.1,297.1,Dangerous
92,27,100,13.8,55.5,5.4,87.5,Dangerous
123,110,125,10.9,34.8,4.4,99.3,Dangerous
75,82,165,18.7,36.2,5.8,230.3,Warning
99,104,122,32.3,24.1,8.9,212.1,Dangerous
111,86,174,28.7,42.2,8.4,26.1,Dangerous
80,125,137,27.0,21.1,6.7,167.4,Warning
91,55,84,18.9,71.9,4.0,263.0,Dangerous
13,50,195,32.8,99.3,5.9,99.8,Warning
45,141,124,22.5,71.2,4.2,30.6,Dangerous
9,37,40,31.3,42.6,9.0,71.3,Dangerous
55,32,49,41.1,78.3,7.9,282.5,Dangerous
90,64,20,29.9,78.7,5.8,142.3,Warning
1,86,122,26.2,78.2,6.8,113.8,Warning
70,122,171,43.3,27.5,6.3,198.1,Dangerous
3,17,200,35.1,33.2,6.0,291.6,Warning
125,104,155,16.6,69.3,5.9,112.5,Warning
73,117,50,37.7,67.6,5.1,48.6,Dangerous
3,97,46,10.8,70.4,6.3,141.1,Dangerous
119,64,93,27.9,72.0,7.7,115.6,Warning
74,9,145,22.9,69.2,5.5,266.8,Warning
115,8,31,33.3,23.7,8.2,263.1,Dangerous
6,59,48,38.3,67.9,4.2,165.3,Dangerous
44,141,79,27.8,36.7,6.4,103.0,Warning
4,116,205,40.8,38.2,8.6,156.9,Dangerous
88,55,147,16.9,35.6,5.8,43.8,Warning
97,136,90,27.3,75.8,6.5,259.2,Healthy
73,65,66,37.5,34.3,8.6,35.9,Dangerous
114,49,65,36.9,63.8,4.4,252.2,Dangerous
139,121,5,24.8,60.2,8.0,141.1,Warning
13,65,15,28.1,97.4,8.5,179.1,Dangerous
86,32,10,23.9,37.2,4.8,103.5,Dangerous
56,49,92,32.5,91.2,8.0,199.1,Warning
0,29,23,39.1,81.9,7.4,269.8,Dangerous
78,124,167,26.8,30.9,5.2,292.2,Dangerous
85,3,41,25.3,72.3,4.5,118.0,Dangerous
122,62,93,42.6,27.6,7.1,190.1,Dangerous
111,8,199,21.4,66.0,5.9,47.7,Warning
114,136,190,24.3,26.1,6.1,72.0,Warning
80,55,108,40.2,94.1,6.0,174.0,Dangerous
75,113,128,41.6,38.5,7.8,198.3,Dangerous
44,2,27,17.3,60.5,7.7,294.7,Warning
55,17,76,30.7,30.6,6.0,78.9,Warning
111,44,88,21.7,23.4,8.5,125.7,Dangerous
19,102,36,37.7,35.7,7.1,120.0,Warning
96,101,96,44.5,25.5,7.5,109.0,Dangerous
72,120,173,35.6,99.8,6.0,218.8,Warning
103,43,64,43.1,42.9,7.3,28.3,Dangerous
137,51,124,19.2,27.8,4.1,243.0,Dangerous
124,71,91,20.7,47.1,4.7,96.5,Dangerous
62,48,122,35.5,90.3,9.0,248.1,Dangerous
129,37,88,34.1,33.4,5.7,262.3,Warning
14,127,149,25.1,84.4,6.2,154.7,Warning
3,48,182,10.4,55.3,5.2,153.7,Dangerous
102,19,7,42.6,75.8,4.4,149.1,Dangerous
75,15,119,17.9,69.4,7.2,220.0,Warning
72,41,79,16.6,74.9,6.8,251.2,Warning
98,105,30,19.7,48.5,8.3,299.6,Dangerous
15,10,19,13.5,26.9,5.6,119.3,Dangerous
45,73,121,20.5,97.9,7.8,102.6,Warning
85,11,11,35.0,21.4,8.8,54.1,Dangerous
96,5,78,11.5,43.6,8.8,193.6,Dangerous
96,113,77,14.9,65.1,8.3,107.5,Dangerous
62,10,28,33.9,53.7,6.2,88.5,Warning
43,134,89,29.9,85.9,6.9,126.8,Healthy
1,128,205,27.1,36.7,4.3,273.1,Dangerous
73,99,51,22.5,51.5,6.8,117.1,Healthy
11,138,72,44.2,89.1,5.6,284.5,Dangerous
97,76,26,34.7,94.8,8.0,40.6,Warning
78,71,111,10.3,34.9,7.1,199.2,Dangerous
15,99,22,14.1,32.3,7.2,58.1,Dangerous
79,53,5,44.2,36.3,8.6,252.3,Dangerous
90,124,173,21.0,41.9,6.1,47.9,Warning
111,61,159,25.6,30.6,4.6,125.0,Dangerous
6,4,193,21.3,71.9,8.3,268.2,Dangerous
91,75,104,20.1,20.2,4.7,232.3,Dangerous
58,101,103,22.6,26.0,5.5,237.3,Warning
33,31,148,23.9,75.4,4.4,73.0,Dangerous
119,8,65,40.0,90.9,8.0,136.3,Dangerous
118,88,178,43.4,82.3,8.8,114.8,Dangerous
93,140,180,44.9,62.7,5.6,120.4,Dangerous
127,37,100,11.7,95.1,6.4,256.6,Dangerous
60,89,76,13.5,23.2,5.1,147.1,Dangerous
77,4,152,14.0,55.6,6.3,98.0,Dangerous
27,111,16,27.5,97.7,7.4,253.7,Warning
9,66,45,11.6,46.4,7.8,101.8,Dangerous
114,75,19,34.4,39.9,7.7,217.7,Warning
44,61,29,18.3,73.2,4.2,120.5,Dangerous
127,101,164,28.6,26.1,4.7,236.1,Dangerous
109,130,100,36.2,24.7,5.8,121.1,Warning
106,103,203,28.6,85.6,5.3,229.9,Dangerous
34,3,124,25.3,85.8,7.8,75.3,Warning
48,145,165,36.7,25.1,6.5,41.1,Warning
131,58,63,26.3,44.3,7.1,237.6,Warning
19,46,34,32.4,29.6,8.6,128.4,Dangerous
136,117,197,24.0,25.6,5.4,296.0,Dangerous
127,33,132,38.6,34.0,4.9,44.4,Dangerous
123,114,2,35.3,54.7,9.0,192.2,Dangerous
109,24,74,36.8,46.4,6.9,48.0,Warning
44,102,93,21.4,38.5,4.5,283.6,Dangerous
34,3,172,14.3,69.9,6.3,218.7,Dangerous
75,27,180,28.1,77.1,4.7,58.5,Dangerous
121,140,141,21.2,67.1,7.1,205.7,Healthy
125,130,0,21.8,24.0,5.0,242.7,Dangerous
25,66,142,21.1,33.3,6.1,142.7,Warning
89,29,94,19.8,90.9,7.1,283.2,Warning
120,68,192,27.2,25.8,8.5,226.7,Dangerous
3,76,62,16.4,78.5,8.5,291.6,Dangerous
101,14,66,40.3,28.3,8.7,275.1,Dangerous
100,119,3,16.3,99.1,8.8,78.9,Dangerous
139,31,173,12.9,35.9,6.2,32.3,Dangerous
36,143,114,35.8,85.3,4.9,47.8,Dangerous
79,130,65,23.4,60.3,4.2,161.0,Dangerous
121,2,77,17.7,27.0,7.7,173.2,Warning
47,21,78,39.6,38.2,6.2,259.2,Dangerous
115,25,120,24.9,38.9,6.0,279.0,Warning
137,86,204,43.1,64.4,8.8,103.6,Dangerous
66,108,130,11.5,92.6,7.7,25.9,Dangerous
73,115,71,11.7,69.3,8.7,131.8,Dangerous
63,74,205,24.2,57.0,4.0,142.2,Dangerous
72,28,186,24.8,70.2,4.6,274.9,Dangerous
87,12,183,33.7,99.4,7.9,103.9,Warning
27,80,117,14.5,38.1,6.2,294.2,Dangerous
3,102,192,29.8,84.4,7.8,244.0,Warning
53,85,94,26.4,80.6,9.0,200.9,Dangerous
134,59,9,16.9,69.7,7.9,294.4,Warning
133,18,19,29.2,75.5,7.1,138.0,Warning
7,49,9,17.7,96.0,8.7,260.4,Dangerous
135,83,2,21.0,53.1,5.1,98.3,Dangerous
3,23,145,10.5,36.0,7.4,101.4,Dangerous
35,14,29,30.6,33.1,8.6,271.9,Dangerous
85,35,12,36.0,51.1,8.0,285.9,Warning
3,103,85,18.0,62.7,7.2,81.4,Warning
133,66,8,15.5,83.6,4.9,101.9,Dangerous
106,45,60,27.6,36.2,8.1,38.5,Dangerous
126,97,120,36.6,64.5,8.1,204.7,Dangerous
114,46,15,33.7,76.0,4.0,139.6,Dangerous
19,106,108,23.1,77.0,6.7,77.4,Warning
77,126,145,10.3,73.8,5.8,187.8,Dangerous
82,61,113,37.9,73.1,7.9,227.8,Warning
25,18,116,10.9,57.6,7.9,104.8,Dangerous
21,15,138,30.0,99.1,8.4,58.2,Dangerous
91,142,108,11.0,84.8,6.7,228.9,Dangerous
9,72,188,28.2,76.8,6.5,83.7,Warning
88,72,2,43.5,87.9,7.4,187.9,Dangerous
122,32,66,34.1,62.9,4.1,285.9,Dangerous
98,18,33,27.5,37.7,7.5,140.8,Warning
6,57,160,11.2,63.8,7.3,150.3,Dangerous
113,126,175,29.1,33.5,7.5,221.8,Warning
37,12,81,38.6,43.1,4.1,34.7,Dangerous
67,32,36,33.7,92.0,4.2,29.3,Dangerous
45,91,90,10.5,90.0,6.6,204.5,Dangerous
69,0,26,30.1,93.7,7.3,226.9,Warning
45,3,94,34.3,49.4,5.0,147.9,Dangerous
17,134,119,36.0,66.1,7.9,186.4,Warning
14,143,187,17.2,58.3,4.4,178.8,Dangerous
67,85,48,10.3,94.7,8.8,121.9,Dangerous
78,46,102,11.6,39.2,8.6,172.5,Dangerous
49,50,58,21.8,67.6,8.1,238.3,Dangerous
31,55,167,44.9,27.5,6.4,239.4,Dangerous
86,79,99,10.2,46.4,5.7,236.4,Dangerous
10,140,189,13.1,86.2,7.5,245.0,Dangerous
80,122,119,33.5,93.5,5.8,31.6,Warning
127,75,137,12.9,37.5,5.4,43.3,Dangerous
50,16,177,29.7,28.4,5.7,105.5,Warning
34,143,89,27.0,88.3,8.8,81.8,Dangerous
81,108,31,39.9,97.9,8.2,212.4,Dangerous
124,79,174,43.1,27.1,6.6,272.5,Dangerous
9,20,154,43.7,53.6,7.3,228.8,Dangerous
37,90,25,22.7,74.1,4.9,283.7,Dangerous
110,39,133,29.2,67.7,4.4,192.0,Dangerous
37,103,109,33.2,30.1,7.7,266.4,Warning
31,10,122,22.5,48.8,6.5,151.4,Warning
7,55,86,20.7,84.6,4.9,88.0,Dangerous
86,107,161,18.0,22.2,6.2,237.2,Warning
13,92,159,21.6,63.3,4.8,115.1,Dangerous
83,136,32,31.8,84.1,5.1,201.6,Dangerous
46,81,112,33.8,54.0,4.9,210.6,Dangerous
120,28,174,16.1,49.7,8.3,231.5,Dangerous
63,123,113,14.5,48.8,4.7,246.5,Dangerous
90,22,74,17.4,70.4,4.3,226.0,Dangerous
132,9,139,29.1,78.1,8.6,91.0,Dangerous
91,76,145,11.7,34.5,7.0,214.7,Dangerous
90,93,92,44.6,35.4,8.6,128.6,Dangerous
75,26,120,14.7,96.2,6.5,228.4,Dangerous
49,74,122,21.5,91.1,5.7,82.5,Warning
125,8,32,27.8,82.7,6.4,221.0,Warning
127,10,139,27.4,82.3,4.3,267.9,Dangerous
136,86,205,12.3,69.0,5.9,114.7,Dangerous
99,13,5,18.4,62.4,4.7,292.1,Dangerous
4,30,149,27.9,61.4,4.9,41.9,Dangerous
62,56,108,12.0,68.6,6.2,143.7,Dangerous
87,90,38,30.0,45.0,6.9,117.9,Warning
63,112,68,34.1,45.8,8.3,241.0,Dangerous
120,95,72,43.4,64.2,7.7,257.1,Dangerous
49,67,107,28.1,26.7,5.6,296.3,Warning
134,24,124,34.2,39.9,4.6,25.5,Dangerous
75,36,151,34.3,95.9,6.8,93.4,Warning
8,144,105,44.2,73.5,4.8,35.9,Dangerous
86,16,194,16.8,92.5,8.5,59.2,Dangerous
76,18,80,12.2,99.3,5.6,177.6,Dangerous
98,93,97,24.0,39.4,7.5,80.5,Warning
12,139,103,31.2,44.0,7.2,118.5,Warning
127,59,145,22.5,61.5,4.3,288.8,Dangerous
129,66,140,21.4,44.2,5.9,263.1,Warning
74,142,200,32.2,36.7,4.6,184.5,Dangerous
109,77,138,21.8,95.7,7.8,42.5,Warning
31,31,29,23.3,48.0,4.9,90.1,Dangerous
67,34,153,10.4,66.7,5.2,232.3,Dangerous
49,88,17,17.1,48.0,6.6,285.9,Warning
26,107,40,35.5,77.7,4.5,227.5,Dangerous
47,107,8,42.3,50.8,5.2,85.9,Dangerous
87,33,200,41.1,71.6,7.0,40.1,Dangerous
7,37,44,32.9,44.4,8.1,273.5,Dangerous
124,120,121,32.5,96.2,8.7,58.6,Dangerous
40,28,129,15.3,94.8,8.0,112.0,Warning
108,132,118,30.5,84.6,6.3,195.9,Warning
66,64,193,17.8,57.1,8.5,103.7,Dangerous
87,46,187,16.8,34.6,8.3,164.7,Dangerous
112,83,127,42.0,48.7,4.3,234.7,Dangerous
10,70,129,39.9,92.9,4.9,145.7,Dangerous
69,57,26,34.9,61.7,6.3,257.7,Warning
95,28,67,33.6,27.0,8.2,177.9,Dangerous
121,86,5,39.2,36.5,5.0,259.2,Dangerous
129,66,108,32.8,71.9,4.3,109.0,Dangerous
122,33,189,28.7,68.3,6.3,260.3,Warning
4,58,46,33.3,34.5,4.5,100.2,Dangerous
99,16,137,14.7,37.3,5.3,75.6,Dangerous
32,101,124,41.2,20.7,7.9,65.5,Dangerous
98,144,77,21.5,83.6,5.5,214.7,Warning
93,14,21,39.9,83.5,4.3,279.8,Dangerous
94,132,194,23.8,46.5,7.0,162.1,Warning
16,129,91,15.9,94.2,8.8,284.3,Dangerous
83,91,65,28.1,58.5,6.5,190.5,Healthy
67,113,172,31.1,45.8,5.6,246.4,Warning
116,31,186,38.6,82.2,9.0,277.3,Dangerous
18,84,110,22.3,98.0,8.9,34.9,Dangerous
6,130,25,14.3,70.2,4.7,127.2,Dangerous
2,125,204,33.2,69.0,7.7,263.3,Warning
103,36,171,35.1,97.7,7.0,270.7,Warning
58,54,106,37.5,45.0,4.0,230.5,Dangerous
76,117,64,33.1,87.7,6.7,163.4,Warning
56,50,171,10.6,92.1,8.4,169.0,Dangerous
72,114,89,30.1,68.8,5.3,170.5,Dangerous
107,48,125,39.5,30.6,4.2,187.6,Dangerous
15,88,54,24.2,47.8,4.4,266.8,Dangerous
43,36,153,34.2,85.5,5.8,83.4,Warning
19,125,175,36.7,54.9,8.6,295.5,Dangerous
46,100,11,33.3,82.6,6.4,154.9,Warning
120,34,50,27.8,78.3,8.8,157.6,Dangerous
11,71,58,32.2,68.1,6.9,242.1,Warning
55,121,93,36.2,53.3,5.5,121.1,Warning
27,70,3,28.8,84.6,8.8,43.9,Dangerous
134,60,119,32.7,64.6,8.4,95.7,Dangerous
50,74,131,13.7,25.2,4.6,115.9,Dangerous
88,142,42,23.0,44.3,5.3,38.0,Dangerous
59,67,1,37.8,93.6,7.1,268.0,Warning
59,133,88,43.3,36.3,5.0,212.5,Dangerous
86,61,27,37.2,97.1,6.9,148.7,Warning
94,32,89,34.1,60.0,7.7,199.6,Warning
113,12,194,25.2,34.3,6.3,109.3,Warning
102,34,178,19.7,53.1,8.2,251.4,Dangerous
121,71,76,11.1,55.2,5.4,164.2,Dangerous
119,18,14,24.7,38.9,6.4,34.7,Warning
48,61,137,10.2,80.5,6.2,257.2,Dangerous
79,133,18,42.0,88.8,7.2,283.9,Dangerous
121,19,64,21.6,33.5,7.8,122.7,Warning
82,87,180,35.8,68.0,5.6,120.4,Warning
122,17,73,39.8,34.2,8.3,173.7,Dangerous
16,64,86,10.0,46.5,6.9,83.2,Dangerous
113,32,185,28.4,62.5,7.6,87.9,Warning
20,62,174,17.7,93.0,7.3,280.0,Warning
14,40,160,16.1,21.4,8.8,248.8,Dangerous
92,117,27,22.3,32.7,4.4,281.1,Dangerous
76,143,11,23.8,93.5,4.1,248.2,Dangerous
100,60,185,44.0,72.5,5.6,219.2,Dangerous
22,10,18,23.0,65.9,6.1,281.5,Warning
80,25,41,17.1,73.8,4.7,228.2,Dangerous
70,137,3,14.8,82.4,5.5,235.8,Dangerous
6,88,193,26.5,91.3,7.6,120.3,Warning
115,47,66,31.1,99.1,4.4,22.2,Dangerous
42,120,75,43.0,43.7,6.3,249.0,Dangerous
37,34,170,31.2,44.6,8.0,217.3,Warning
126,73,138,31.5,50.6,7.6,253.4,Warning
127,82,95,40.0,44.8,7.0,30.2,Dangerous
32,131,55,36.0,92.3,6.6,36.3,Warning
92,84,14,33.0,46.7,6.0,273.5,Warning
73,96,119,42.8,94.5,8.1,166.3,Dangerous
113,132,136,19.0,98.3,8.6,33.1,Dangerous
112,101,191,37.5,66.1,7.3,281.5,Warning
6,143,153,33.0,74.3,5.7,63.8,Warning
84,138,172,20.3,66.1,7.7,91.5,Warning
4,91,126,33.9,33.7,6.1,115.7,Warning
5,115,93,18.0,36.2,7.9,99.5,Warning
29,141,115,40.2,37.1,8.8,234.8,Dangerous
5,119,19,12.7,25.9,5.3,65.9,Dangerous
77,28,158,33.9,90.1,6.3,98.4,Warning
126,46,43,22.4,89.8,6.6,36.6,Healthy
140,0,14,32.3,84.2,8.8,187.4,Dangerous
11,10,205,43.4,55.4,8.6,196.2,Dangerous
49,90,99,22.0,37.6,5.7,38.5,Warning
16,37,181,43.4,44.9,6.8,129.1,Dangerous
117,27,130,44.0,58.4,4.8,80.6,Dangerous
119,88,24,24.2,34.6,4.1,115.0,Dangerous
42,25,41,42.7,90.9,8.1,143.1,Dangerous
132,35,157,12.6,67.5,4.1,254.7,Dangerous
99,16,15,34.9,22.8,8.1,196.4,Dangerous
90,76,121,34.5,66.4,6.6,226.0,Warning
11,96,117,30.9,79.4,7.2,174.8,Warning
123,13,30,38.1,82.3,6.8,264.7,Dangerous
12,73,160,11.2,38.9,6.7,64.0,Dangerous
93,61,70,35.4,80.9,6.7,210.8,Warning
7,64,106,18.5,80.0,8.1,93.3,Dangerous
46,84,28,13.3,25.0,6.2,184.0,Dangerous
91,94,107,30.6,59.8,5.2,192.7,Dangerous
107,9,89,20.8,48.3,4.0,153.1,Dangerous
119,19,168,20.8,52.2,7.9,22.4,Warning
43,15,26,23.5,40.8,8.3,136.1,Dangerous
110,17,138,38.0,77.4,7.1,275.9,Warning
104,74,91,26.5,28.8,5.4,253.5,Dangerous
17,77,111,19.9,33.6,6.3,225.5,Warning
134,54,116,43.1,93.3,7.2,141.0,Dangerous
78,70,194,21.6,42.6,7.8,99.3,Warning
102,38,114,32.9,74.5,4.1,39.6,Dangerous
128,123,52,14.9,70.5,8.4,274.2,Dangerous
62,73,205,23.3,55.7,8.0,139.7,Warning
104,55,173,18.6,74.3,8.1,268.9,Dangerous
12,93,137,13.7,98.0,6.2,188.7,Dangerous
23,42,90,25.5,21.0,5.2,255.6,Dangerous
3,98,199,21.6,31.2,5.8,64.3,Warning
17,38,107,31.8,70.2,5.0,67.5,Dangerous
119,105,183,35.3,71.4,4.2,197.7,Dangerous
99,3,98,18.7,30.3,4.9,270.1,Dangerous
17,22,102,30.3,40.7,6.3,249.3,Warning
67,30,62,39.6,24.0,8.5,126.1,Dangerous
120,55,177,31.3,95.1,5.1,163.2,Dangerous
101,69,46,23.5,75.3,7.6,36.1,Warning
135,92,33,25.8,41.2,7.5,200.6,Warning
73,17,104,38.4,29.1,5.0,171.0,Dangerous
58,106,1,32.8,65.5,8.0,133.6,Warning
0,16,101,20.1,98.0,7.4,106.6,Warning
46,112,86,14.4,80.0,5.3,203.0,Dangerous
127,14,177,13.2,85.7,4.4,180.7,Dangerous
41,0,89,27.2,44.6,4.3,163.0,Dangerous
31,61,161,25.8,80.0,5.6,157.1,Warning
48,92,182,44.4,49.9,4.3,228.0,Dangerous
105,67,7,20.1,67.1,7.3,30.5,Warning
131,17,169,44.5,32.2,5.7,67.6,Dangerous
33,141,205,39.0,92.6,6.6,201.9,Dangerous
94,53,93,15.3,32.3,6.4,74.0,Warning
46,74,38,12.1,97.7,7.2,135.9,Dangerous
46,51,116,32.6,31.4,5.5,260.0,Warning
108,80,199,41.3,97.6,5.7,193.3,Dangerous
10,84,167,13.2,49.5,8.6,116.0,Dangerous
7,77,147,32.7,92.1,7.4,271.0,Warning
16,130,98,39.8,80.6,6.5,135.5,Dangerous
73,127,175,43.3,28.8,5.9,135.2,Dangerous
50,134,163,11.5,83.1,8.3,42.0,Dangerous
4,51,108,37.1,87.8,5.0,228.7,Dangerous
126,10,139,13.8,97.5,8.1,164.6,Dangerous
106,112,56,18.8,39.5,6.1,131.5,Warning
99,74,58,37.0,48.0,4.7,178.0,Dangerous
71,6,120,33.2,99.0,8.6,192.8,Dangerous
114,117,158,15.1,71.1,8.8,30.8,Dangerous
25,91,106,30.0,63.4,5.9,230.1,Warning
70,44,168,44.2,95.2,6.0,255.3,Dangerous
90,84,7,39.3,66.4,8.4,153.6,Dangerous
86,2,122,24.4,68.3,8.1,295.5,Dangerous
74,88,121,34.3,52.9,4.6,250.1,Dangerous
72,27,75,25.4,46.4,6.7,146.9,Warning
35,126,164,24.1,99.1,7.6,214.1,Warning
34,99,132,24.7,52.0,7.5,112.8,Warning
67,45,160,30.6,76.9,7.6,187.4,Warning
105,22,130,19.0,88.0,6.7,279.7,Warning
59,62,155,27.0,97.8,6.9,120.9,Healthy
81,60,107,10.5,41.2,6.2,70.4,Dangerous
116,25,124,16.2,94.0,6.5,134.7,Warning
54,35,203,31.9,69.5,7.9,240.3,Warning
54,21,47,37.4,53.6,5.9,84.1,Warning
30,73,5,17.2,88.3,8.1,94.8,Dangerous
0,27,52,36.5,84.2,7.1,35.6,Warning
42,46,108,40.0,59.5,6.4,210.9,Dangerous
114,71,63,24.4,53.2,5.4,179.9,Dangerous
82,47,184,30.5,66.5,4.5,193.0,Dangerous
12,143,146,31.8,41.4,7.3,192.8,Warning
2,57,51,15.9,45.4,8.7,256.1,Dangerous
59,54,151,29.8,94.6,4.1,128.4,Dangerous
31,70,141,16.1,97.3,4.4,175.6,Dangerous
34,19,86,13.9,45.6,6.4,233.3,Dangerous
25,105,114,25.9,20.0,7.4,118.7,Warning
31,109,120,44.6,47.8,7.0,62.7,Dangerous
43,10,171,43.7,42.5,7.7,268.2,Dangerous
115,83,149,27.3,98.1,5.4,82.4,Dangerous
83,93,194,30.6,93.6,4.7,275.2,Dangerous
132,70,31,40.2,99.1,5.4,223.7,Dangerous
109,84,12,40.6,52.7,6.6,68.5,Dangerous
16,5,22,11.2,38.4,6.4,257.2,Dangerous
92,115,113,12.0,74.7,7.7,64.8,Dangerous
94,16,134,10.7,54.2,6.4,24.9,Dangerous
37,111,41,36.0,51.3,7.3,292.7,Warning
46,89,135,38.3,51.9,5.9,151.1,Dangerous
18,49,80,37.0,65.2,5.1,63.7,Dangerous
76,94,112,38.4,60.6,8.3,277.6,Dangerous
53,22,116,32.8,30.8,8.8,202.5,Dangerous
88,13,7,32.4,38.9,6.5,60.3,Warning
89,106,42,39.0,65.1,6.6,223.6,Dangerous
136,64,175,24.4,91.2,6.3,184.8,Healthy
44,112,196,22.8,41.5,7.8,171.1,Warning
42,74,147,18.5,21.0,4.1,169.8,Dangerous
15,5,180,35.6,95.8,5.2,109.5,Dangerous
68,19,115,37.1,65.3,4.1,136.0,Dangerous
138,126,52,31.5,47.9,6.0,276.0,Warning
51,98,45,26.3,43.7,7.9,166.2,Warning
85,57,55,25.6,46.5,4.1,155.3,Dangerous
22,34,65,23.2,68.3,5.0,92.3,Dangerous
97,131,195,43.2,52.2,4.5,97.7,Dangerous
54,111,161,31.3,55.2,7.2,118.1,Warning
40,111,135,32.5,37.9,5.9,239.7,Warning
75,44,109,15.2,45.1,8.4,203.6,Dangerous
80,92,151,22.0,54.6,6.7,268.3,Healthy
6,47,109,14.7,93.1,5.3,279.1,Dangerous
125,142,182,25.7,75.8,7.1,176.3,Healthy
45,92,97,30.9,56.4,8.9,43.3,Dangerous
43,137,79,44.0,38.7,4.2,196.4,Dangerous
23,23,62,43.1,67.8,8.2,275.0,Dangerous
130,111,60,44.8,51.5,6.8,137.9,Dangerous
125,23,59,30.0,35.0,8.7,284.4,Dangerous
13,13,29,20.3,41.8,8.2,127.1,Dangerous
104,41,74,33.8,64.7,5.0,91.0,Dangerous
105,48,126,41.6,61.7,4.3,33.9,Dangerous
4,3,128,21.6,65.7,8.3,297.7,Dangerous
90,96,40,37.5,73.4,7.2,86.0,Warning
7,145,73,17.9,29.4,4.9,295.2,Dangerous
46,95,82,38.4,68.3,5.1,127.5,Dangerous
24,5,104,27.3,60.7,5.0,262.2,Dangerous
69,75,73,29.1,78.4,5.3,276.1,Dangerous
140,78,158,34.8,75.8,5.3,62.2,Dangerous
61,116,118,26.4,35.3,6.4,29.5,Warning
88,127,65,32.7,53.3,7.4,56.0,Warning
86,105,155,11.4,72.3,8.3,217.6,Dangerous
79,97,194,36.0,95.3,9.0,207.0,Dangerous
52,9,134,27.2,48.2,6.1,255.9,Warning
82,142,181,30.4,99.5,6.3,94.6,Warning
96,11,91,27.1,26.7,6.9,49.6,Warning
111,110,24,28.9,22.0,7.6,263.1,Warning
55,63,18,36.5,81.4,5.8,282.9,Warning
32,117,123,44.0,66.9,4.2,192.8,Dangerous
57,4,37,21.6,78.6,8.4,48.7,Dangerous
53,128,125,14.6,80.6,5.5,210.6,Dangerous
112,123,160,42.0,66.1,6.1,34.6,Dangerous
81,9,149,22.1,26.8,8.2,143.1,Dangerous
56,56,84,40.3,91.4,8.9,47.0,Dangerous
35,26,189,17.5,42.8,5.1,121.3,Dangerous
65,13,83,17.0,87.5,5.3,98.8,Dangerous
56,144,205,22.0,36.6,5.4,176.6,Dangerous
125,89,121,35.4,92.5,8.1,273.9,Dangerous
5,99,150,14.4,66.4,5.3,113.6,Dangerous
60,133,27,17.7,71.8,4.4,21.0,Dangerous
77,127,139,10.2,38.8,4.6,193.1,Dangerous
117,73,11,18.0,20.9,5.0,49.4,Dangerous
113,104,154,17.1,51.9,6.1,47.3,Warning
22,40,144,18.3,68.3,4.3,72.7,Dangerous
29,8,186,29.2,31.2,8.4,24.7,Dangerous
131,132,200,36.9,96.7,7.4,203.4,Warning
26,43,121,16.4,99.1,4.3,274.8,Dangerous
23,45,58,41.7,73.9,6.5,247.5,Dangerous
86,122,80,11.1,43.8,8.6,216.0,Dangerous
24,104,107,27.9,74.3,4.6,224.1,Dangerous
38,27,104,29.5,48.2,6.8,98.7,Warning
130,123,120,15.1,22.2,4.6,282.9,Dangerous
37,57,167,45.0,83.1,5.4,77.0,Dangerous
76,110,9,29.8,31.1,8.8,294.7,Dangerous
118,2,88,40.1,58.5,4.6,131.0,Dangerous
40,50,165,37.3,72.9,4.9,40.8,Dangerous
119,64,87,34.6,69.8,8.6,173.5,Dangerous
41,14,2,14.6,98.4,7.3,92.7,Dangerous
50,105,48,28.4,54.2,4.6,86.3,Dangerous
117,22,136,26.7,91.3,8.5,275.2,Dangerous
53,85,193,33.3,55.8,6.3,144.1,Warning
14,54,22,29.2,73.9,5.8,94.1,Warning
74,13,126,23.8,80.4,8.4,162.6,Dangerous
12,101,183,36.7,65.3,4.5,192.7,Dangerous
6,115,86,11.9,93.1,5.2,177.1,Dangerous
99,97,154,41.1,44.0,7.0,142.7,Dangerous
80,116,44,19.9,34.7,5.4,287.8,Dangerous
109,121,194,27.8,97.0,8.8,125.1,Dangerous
63,30,144,19.0,95.8,8.8,261.2,Dangerous
18,125,41,26.2,49.2,8.1,269.2,Dangerous
69,114,10,14.4,25.5,6.6,172.3,Dangerous
71,1,83,22.5,97.7,5.0,247.9,Dangerous
110,132,135,17.5,44.2,7.6,217.9,Warning
78,67,16,41.1,79.9,4.1,21.1,Dangerous
70,4,177,28.8,53.8,4.6,270.4,Dangerous
14,98,49,43.0,69.2,6.7,139.9,Dangerous
40,89,196,18.0,22.6,4.8,171.9,Dangerous
29,16,168,27.6,91.6,5.4,52.0,Dangerous
120,87,9,43.7,33.5,6.1,213.9,Dangerous
44,93,79,44.6,35.2,6.8,64.8,Dangerous
1,89,89,40.0,44.3,5.5,286.1,Dangerous
31,2,68,14.0,36.4,6.3,237.7,Dangerous
134,42,132,31.8,28.4,5.2,131.7,Dangerous
33,108,88,18.5,76.3,4.5,125.6,Dangerous
58,5,85,19.5,42.8,4.6,227.2,Dangerous
8,144,115,23.8,68.1,4.7,97.1,Dangerous
83,52,130,20.0,23.2,8.5,227.0,Dangerous
67,62,193,24.1,81.7,5.1,290.7,Dangerous
56,12,182,26.5,70.7,6.0,26.4,Warning
92,144,186,13.0,46.8,8.9,103.8,Dangerous
108,132,163,39.5,62.3,7.7,92.3,Dangerous
109,41,10,14.3,74.7,8.6,53.4,Dangerous
80,42,6,31.3,26.9,6.4,92.3,Warning
81,127,108,29.3,73.3,4.3,235.6,Dangerous
46,71,62,36.3,21.6,5.2,221.4,Dangerous
48,99,125,29.9,67.4,7.8,230.8,Warning
117,130,161,41.2,20.6,5.3,114.5,Dangerous
34,34,91,15.5,52.7,8.9,277.7,Dangerous
28,98,23,19.4,89.9,7.9,263.5,Warning
121,48,152,35.1,45.8,7.7,269.8,Warning
133,71,11,11.8,49.5,5.3,204.8,Dangerous
77,13,113,22.9,95.1,5.2,67.7,Dangerous
15,124,164,31.6,54.9,5.7,45.4,Warning
18,44,157,11.4,96.1,5.8,202.4,Dangerous
98,25,102,33.8,95.3,6.4,66.5,Warning
121,108,180,32.9,27.5,8.2,25.4,Dangerous
19,9,155,22.7,82.9,6.8,176.0,Warning
83,49,172,37.1,91.4,5.8,85.3,Warning
47,128,190,17.0,85.4,6.5,47.0,Warning
82,136,126,23.8,41.7,4.4,48.8,Dangerous
14,9,181,39.6,66.1,4.9,269.0,Dangerous
92,108,72,19.5,46.4,6.2,260.5,Warning
7,73,155,21.6,80.7,8.5,247.4,Dangerous
29,40,47,36.5,45.1,6.4,185.7,Warning
134,124,183,23.4,21.4,7.8,256.7,Warning
99,35,38,30.2,82.9,6.6,242.9,Warning
25,50,134,41.2,67.2,6.8,80.3,Dangerous
6,117,162,41.5,50.5,6.5,208.0,Dangerous
36,66,145,40.0,37.4,4.7,183.4,Dangerous
128,123,81,14.8,84.8,5.0,36.8,Dangerous
52,36,38,21.0,66.4,5.3,147.1,Dangerous
36,83,129,20.3,98.1,8.0,81.2,Warning
114,40,170,42.7,81.0,5.8,171.3,Dangerous
99,141,105,26.7,42.3,5.2,228.0,Dangerous
97,20,95,12.8,91.4,7.5,146.7,Dangerous
4,60,123,37.6,99.3,8.5,199.6,Dangerous
106,99,150,26.6,37.4,4.6,46.0,Dangerous
139,128,100,33.6,83.1,8.5,46.4,Dangerous
80,117,47,16.1,50.5,6.2,209.3,Warning
106,26,126,14.4,82.3,5.4,225.2,Dangerous
70,143,202,35.8,43.5,4.6,171.0,Dangerous
119,72,54,16.5,40.4,8.2,138.2,Dangerous
33,137,101,16.6,92.8,8.1,124.0,Dangerous
96,60,196,29.2,90.1,5.8,58.6,Warning
41,67,172,41.2,73.0,6.5,224.1,Dangerous
44,12,28,40.2,25.1,6.9,223.4,Dangerous
94,75,134,39.6,97.7,8.8,95.7,Dangerous
47,121,142,32.6,46.0,4.2,120.6,Dangerous
104,99,159,36.6,71.0,6.4,202.4,Warning
99,9,160,28.7,76.1,4.5,40.4,Dangerous
17,21,92,20.1,80.6,5.2,113.6,Dangerous
106,12,112,33.4,61.9,8.7,187.5,Dangerous
41,36,151,11.1,78.1,6.4,116.9,Dangerous
109,58,108,35.2,78.8,5.9,142.1,Warning
10,87,16,13.7,91.5,4.1,76.7,Dangerous
45,144,49,32.8,86.3,6.8,78.0,Warning
19,131,123,24.2,77.9,4.6,235.0,Dangerous
21,103,45,37.8,34.9,7.5,102.1,Warning
46,109,61,15.7,29.0,4.6,31.9,Dangerous
48,127,28,20.4,74.8,6.8,171.7,Warning
30,129,6,16.7,27.3,8.6,285.6,Dangerous
65,127,141,20.3,47.2,4.6,99.6,Dangerous
41,63,193,30.3,70.0,6.6,277.6,Warning
58,29,138,41.2,41.1,7.2,65.7,Dangerous
109,1,197,41.8,49.5,7.2,240.0,Dangerous
69,33,95,34.3,81.9,4.0,231.1,Dangerous
33,47,176,11.1,55.9,5.6,27.4,Dangerous
30,43,111,34.8,44.4,4.5,155.7,Dangerous
34,87,23,32.5,68.4,7.9,212.8,Warning
137,128,74,15.6,26.1,8.6,196.2,Dangerous
60,78,136,30.9,29.2,4.0,73.9,Dangerous
71,64,100,37.7,78.5,5.1,283.4,Dangerous
100,117,198,14.8,34.2,8.1,61.0,Dangerous
29,118,68,26.2,25.2,7.1,92.8,Warning
95,54,93,21.1,34.0,8.2,237.3,Dangerous
86,60,8,24.7,70.7,7.1,63.1,Warning
12,124,185,28.9,73.0,5.0,220.0,Dangerous
12,87,154,34.8,33.4,5.6,135.0,Warning
38,105,202,30.0,58.7,4.1,184.1,Dangerous
49,82,73,28.0,31.0,5.4,108.4,Dangerous
90,26,114,31.3,56.2,4.5,138.1,Dangerous
4,0,80,38.2,25.9,7.4,187.4,Dangerous
51,47,31,13.4,83.1,8.8,106.1,Dangerous
56,57,166,37.0,35.7,7.7,53.3,Warning
47,76,149,35.9,95.1,6.3,273.3,Warning
99,70,10,21.5,63.3,4.5,147.9,Dangerous
130,114,200,37.1,49.4,6.8,56.5,Warning
0,82,55,18.9,56.9,8.9,65.7,Dangerous
54,124,141,17.0,28.6,7.4,82.8,Warning
92,144,161,25.5,85.6,8.7,261.7,Dangerous
134,66,94,23.1,20.0,9.0,251.0,Dangerous
115,72,69,35.6,63.9,8.5,32.2,Dangerous
4,68,178,30.4,24.9,5.8,148.7,Warning
109,22,130,35.3,64.3,4.4,194.5,Dangerous
89,28,192,12.9,20.4,7.9,55.2,Dangerous
72,26,17,34.7,41.6,6.9,187.5,Warning
104,143,125,18.0,40.2,8.1,188.3,Dangerous
40,101,177,11.6,85.9,5.3,188.0,Dangerous
15,45,159,14.2,64.8,7.8,84.9,Dangerous
6,63,158,21.2,90.1,6.1,267.8,Warning
8,53,35,22.5,87.4,7.8,239.3,Warning
62,81,102,18.1,60.4,7.5,37.1,Warning
26,54,202,27.2,96.2,6.9,89.7,Warning
111,35,100,17.8,31.2,7.8,103.9,Warning
86,69,22,11.4,25.4,6.3,155.8,Dangerous
5,85,103,30.3,42.2,4.8,68.6,Dangerous
132,53,154,43.5,95.5,7.3,238.2,Dangerous
105,81,171,12.1,86.4,7.2,278.2,Dangerous
120,143,187,27.7,32.4,4.3,276.8,Dangerous
75,119,142,39.6,49.2,7.5,174.0,Dangerous
121,55,190,35.3,26.2,7.4,30.8,Warning
119,98,178,17.8,77.9,5.0,102.1,Dangerous
10,97,20,20.7,73.1,8.3,280.2,Dangerous
89,107,12,43.3,57.8,5.1,229.6,Dangerous
46,46,6,39.8,66.4,4.8,29.1,Dangerous
73,107,117,32.7,72.9,8.8,253.2,Dangerous
98,66,71,12.8,82.6,8.8,250.6,Dangerous
70,100,70,20.1,21.7,7.2,84.7,Warning
88,107,187,23.5,94.2,6.1,111.2,Healthy
12,18,80,36.3,36.7,5.0,36.9,Dangerous
94,99,38,10.3,31.0,7.2,267.6,Dangerous
26,102,110,26.6,93.0,6.1,234.4,Warning
135,121,180,38.8,43.9,8.7,109.0,Dangerous
69,47,122,35.5,51.9,4.9,281.0,Dangerous
38,121,18,31.7,76.1,8.3,124.0,Dangerous
63,69,21,43.4,67.6,6.5,93.8,Dangerous
42,96,192,12.4,79.1,8.9,288.8,Dangerous
127,49,20,44.2,88.5,7.4,36.1,Dangerous
98,54,105,18.1,28.4,4.8,244.3,Dangerous
79,106,200,35.0,22.8,7.9,135.6,Warning
112,25,164,34.0,92.4,5.6,131.3,Warning
111,29,132,39.5,82.9,7.2,179.3,Dangerous
41,0,39,11.2,50.4,8.3,143.6,Dangerous
56,17,11,33.2,28.5,7.1,204.5,Warning
103,52,60,25.4,57.2,4.1,108.5,Dangerous
45,106,149,11.7,72.0,8.0,118.5,Dangerous
44,55,22,33.2,22.7,7.2,163.4,Warning
26,139,192,10.7,50.8,6.0,198.2,Dangerous
99,134,200,15.5,89.0,7.0,203.6,Warning
72,53,72,28.7,67.1,6.7,110.0,Healthy
106,145,140,38.6,96.3,7.6,85.8,Dangerous
89,42,152,32.4,69.5,7.2,75.9,Warning
112,66,123,42.0,74.3,7.7,30.7,Dangerous
31,66,204,24.5,90.1,7.0,277.7,Warning
59,121,17,10.2,38.4,8.2,208.9,Dangerous
114,89,171,30.8,42.9,7.8,132.9,Warning
23,115,54,43.5,34.2,6.1,296.7,Dangerous
102,75,87,44.3,47.2,7.8,52.1,Dangerous
49,8,37,32.4,43.3,5.7,61.5,Warning
103,102,126,41.0,39.9,5.6,71.6,Dangerous
100,86,135,28.0,54.7,6.2,249.7,Healthy
94,47,83,22.9,25.6,5.5,93.6,Warning
25,6,44,37.4,90.5,8.1,86.3,Dangerous
81,4,155,42.2,55.5,5.8,186.2,Dangerous
45,128,44,21.5,24.9,5.4,110.3,Dangerous
63,15,58,34.8,78.7,7.1,91.0,Warning
13,22,53,15.6,24.3,6.1,167.4,Warning
91,26,60,40.1,84.1,4.3,234.2,Dangerous
31,108,59,28.5,76.7,5.9,219.3,Warning
100,70,153,15.0,41.0,7.7,297.5,Warning
110,69,133,33.5,73.6,6.9,132.8,Warning
31,55,45,28.8,54.7,8.1,70.7,Dangerous
44,140,123,29.4,91.4,8.5,111.8,Dangerous
46,15,178,23.6,93.1,8.3,254.4,Dangerous
128,136,13,21.1,59.4,6.7,280.7,Warning
56,145,159,38.0,86.2,4.9,267.3,Dangerous
51,8,126,12.2,69.7,8.3,169.0,Dangerous
83,62,68,18.3,75.4,8.1,32.7,Dangerous
23,69,82,26.7,48.7,7.3,179.7,Warning
47,34,72,18.8,81.4,6.1,133.7,Warning
66,122,148,31.7,46.3,8.7,238.2,Dangerous
64,55,42,21.2,44.0,7.0,71.5,Warning
43,12,153,13.6,94.3,7.7,112.3,Dangerous
129,22,103,40.4,50.7,4.6,272.3,Dangerous
66,69,0,31.8,35.4,7.6,235.9,Warning
28,5,163,21.0,24.1,5.4,78.6,Dangerous
97,144,190,43.0,70.4,4.9,101.7,Dangerous
91,61,67,39.6,40.1,6.8,177.1,Dangerous
138,52,172,17.5,68.0,4.1,111.6,Dangerous
14,74,150,18.5,88.4,6.7,42.9,Warning
30,63,14,40.3,63.0,5.0,280.8,Dangerous
0,81,1,10.6,87.6,5.5,99.0,Dangerous
18,71,114,37.7,70.0,5.9,199.5,Warning
102,136,94,39.5,33.6,6.4,232.0,Dangerous
44,3,165,24.9,31.9,5.4,125.3,Dangerous
118,46,145,25.4,46.2,7.5,167.9,Warning
46,0,99,16.3,94.5,6.5,185.9,Warning
99,43,183,18.5,83.4,6.2,235.4,Warning
27,70,7,27.6,22.4,4.2,79.5,Dangerous
103,98,176,15.0,52.6,7.9,225.7,Warning
3,0,162,36.4,91.1,8.0,211.5,Warning
100,138,163,44.1,78.6,9.0,112.1,Dangerous
25,68,3,30.7,99.9,4.5,44.7,Dangerous
132,139,83,42.0,97.9,5.3,289.2,Dangerous
68,58,58,32.0,92.4,6.6,291.6,Warning
121,61,157,20.2,83.8,8.8,83.6,Dangerous
82,21,91,15.2,82.2,6.4,217.6,Warning
21,92,124,44.2,29.5,8.6,224.6,Dangerous
17,4,147,44.9,53.8,4.6,113.9,Dangerous
64,133,83,21.1,35.2,4.0,89.2,Dangerous
36,133,150,37.4,29.8,6.8,56.1,Warning
89,43,76,35.1,74.9,8.4,44.8,Dangerous
67,92,68,23.7,37.5,9.0,29.1,Dangerous
94,133,182,23.6,27.9,5.0,221.2,Dangerous
63,111,80,44.2,89.3,6.9,285.4,Dangerous
28,56,165,43.4,84.8,8.5,167.4,Dangerous
125,19,199,35.2,81.9,9.0,228.3,Dangerous
77,1,33,17.5,96.7,7.5,28.0,Warning
42,141,203,23.1,33.8,6.1,224.2,Warning
53,144,157,26.7,87.6,4.4,29.7,Dangerous
119,80,5,29.3,75.6,7.6,90.6,Warning
131,42,128,41.8,43.9,9.0,41.9,Dangerous
40,78,89,11.8,30.7,7.0,104.1,Dangerous
69,66,55,13.9,74.9,5.4,190.9,Dangerous
44,79,68,44.1,53.8,6.7,109.0,Dangerous
101,88,68,15.2,64.2,7.6,166.6,Warning
136,4,84,34.4,22.2,8.0,202.3,Warning
77,85,52,22.9,61.9,5.3,215.5,Dangerous
30,28,106,44.1,68.7,7.2,149.3,Dangerous
112,136,181,20.2,72.3,8.7,206.2,Dangerous
118,13,188,42.0,43.0,5.0,161.7,Dangerous
80,87,171,23.3,59.6,7.1,203.8,Healthy
106,49,178,30.3,39.6,8.4,204.5,Dangerous
140,35,204,39.9,67.1,7.6,244.4,Dangerous
23,36,56,28.4,38.9,8.6,275.5,Dangerous
101,84,13,17.1,72.6,8.2,213.3,Dangerous
137,90,105,33.6,82.7,5.3,234.8,Dangerous
58,63,143,42.9,67.2,6.3,183.6,Dangerous
74,23,70,19.4,62.1,5.8,71.4,Warning
100,27,181,43.8,92.9,5.9,243.9,Dangerous
17,16,200,44.0,22.2,7.3,298.2,Dangerous
20,130,178,15.9,80.4,7.4,148.1,Warning
18,58,66,35.2,78.6,4.2,21.4,Dangerous
122,125,116,44.3,43.0,6.8,291.0,Dangerous
69,5,28,26.5,39.5,5.0,55.7,Dangerous
8,30,179,14.4,72.3,8.7,92.1,Dangerous
48,145,196,37.1,43.4,8.0,271.3,Warning
36,60,31,10.4,81.6,6.4,190.9,Dangerous
64,2,56,15.5,24.9,8.3,249.9,Dangerous
26,30,125,25.0,42.3,7.4,61.9,Warning
38,93,107,41.3,20.5,5.5,69.3,Dangerous
42,78,104,40.7,24.4,7.7,74.5,Dangerous
84,43,149,43.1,50.0,5.6,217.9,Dangerous
101,104,171,23.5,92.7,5.7,276.0,Warning
62,107,119,14.2,80.5,8.1,102.6,Dangerous
90,42,47,36.8,56.7,6.9,217.9,Warning
101,60,64,28.3,67.6,6.6,267.0,Healthy
140,102,181,33.4,39.7,8.2,259.9,Dangerous
30,117,54,24.4,43.5,7.4,104.7,Warning
6,65,47,27.0,56.0,5.9,245.6,Warning
42,71,90,24.1,31.0,7.1,29.1,Warning
118,58,70,24.5,50.3,7.2,215.5,Healthy
71,23,71,35.0,46.9,5.6,269.1,Warning
22,131,68,18.6,68.1,8.8,216.6,Dangerous
130,106,91,16.9,76.3,8.0,213.2,Warning
72,84,129,40.3,47.9,4.3,29.0,Dangerous
77,20,49,27.8,28.3,6.7,165.9,Warning
47,99,100,42.4,90.4,6.5,124.7,Dangerous
89,103,86,11.8,28.5,5.4,122.8,Dangerous
85,72,84,14.7,85.1,4.5,244.2,Dangerous
32,99,84,10.8,24.3,4.4,141.4,Dangerous
46,60,122,20.1,21.5,5.1,207.6,Dangerous
81,25,28,41.2,70.7,6.4,113.5,Dangerous
34,33,3,12.3,75.8,8.1,204.9,Dangerous
11,46,77,29.4,99.9,6.8,215.0,Warning
2,144,154,36.8,50.0,6.4,82.3,Warning
119,76,27,21.6,48.7,6.4,259.9,Warning
7,111,163,13.4,81.3,5.7,297.8,Dangerous
132,76,48,44.6,41.4,6.2,59.8,Dangerous
103,90,24,14.9,61.7,7.1,20.4,Dangerous
14,92,36,10.1,94.3,8.7,132.5,Dangerous
70,30,115,30.7,98.4,4.7,251.7,Dangerous
67,113,203,36.8,61.7,7.4,104.3,Warning
121,124,29,24.9,48.3,5.6,164.2,Warning
23,141,79,38.7,71.8,7.8,29.6,Dangerous
133,124,121,37.6,78.8,5.3,123.4,Dangerous
99,74,157,31.6,79.5,7.0,226.9,Warning
82,68,30,35.1,87.7,8.0,293.1,Warning
59,103,53,15.0,92.4,8.7,265.7,Dangerous
96,5,180,44.3,90.3,7.7,72.5,Dangerous
44,55,202,41.0,58.4,4.7,205.2,Dangerous
44,117,204,16.2,50.2,4.8,147.8,Dangerous
68,53,84,15.0,26.4,4.4,88.3,Dangerous
137,43,28,38.7,52.7,8.1,157.3,Dangerous
13,15,156,42.4,79.7,8.8,35.6,Dangerous
39,139,117,23.0,70.9,8.6,210.2,Dangerous
64,145,25,24.8,92.0,8.4,215.5,Dangerous
29,33,190,38.4,23.9,5.6,111.3,Dangerous
35,84,82,29.4,55.6,6.9,245.4,Warning
77,48,25,42.0,37.6,5.2,90.9,Dangerous
2,134,168,20.9,88.3,5.9,295.1,Warning
36,82,30,36.8,79.0,6.5,273.3,Warning
16,68,118,17.4,57.6,8.0,36.2,Warning
84,138,77,19.1,99.1,6.1,36.6,Warning
66,96,146,29.4,34.1,5.9,208.7,Warning
47,59,120,19.5,53.6,8.3,28.2,Dangerous
5,80,18,32.6,99.0,6.3,220.6,Warning
54,35,175,32.6,64.5,7.9,251.6,Warning
64,49,65,36.1,91.2,8.5,156.2,Dangerous
13,49,94,15.3,90.9,8.5,273.2,Dangerous
139,85,168,44.6,56.8,7.6,237.1,Dangerous
110,109,198,22.0,47.4,6.9,161.1,Warning
126,28,113,39.2,83.5,4.2,201.8,Dangerous
64,121,37,25.1,70.2,5.9,106.5,Warning
98,98,60,27.1,38.1,7.4,40.3,Warning
105,65,155,23.0,45.2,6.9,24.5,Warning
109,93,133,19.1,57.8,4.5,72.3,Dangerous
108,36,23,28.5,30.7,4.8,138.4,Dangerous
31,67,63,29.8,24.2,7.4,122.4,Warning
16,97,202,34.5,74.6,6.9,97.0,Warning
56,80,86,20.1,57.6,7.3,53.5,Healthy
135,134,41,31.9,23.3,8.8,273.5,Dangerous
60,125,195,40.6,48.1,7.1,71.8,Dangerous
90,25,172,38.4,33.6,4.6,237.6,Dangerous
119,62,171,21.7,60.1,5.2,182.1,Dangerous
50,60,160,24.8,91.9,7.0,152.6,Healthy
138,43,147,41.3,56.5,5.8,241.9,Dangerous
43,54,123,23.9,42.6,7.5,138.0,Warning
61,129,59,13.5,76.7,6.4,130.5,Dangerous
0,77,155,24.1,99.7,4.9,47.7,Dangerous
69,105,193,40.2,80.1,8.2,261.5,Dangerous
13,5,152,34.9,27.6,8.4,232.1,Dangerous
35,48,70,17.6,91.7,5.3,37.4,Dangerous
139,33,81,32.9,91.4,6.7,252.8,Warning
112,129,131,17.2,56.3,4.1,232.9,Dangerous
4,110,44,31.1,39.5,6.0,81.3,Warning
77,69,37,23.2,29.4,4.3,212.0,Dangerous
6,55,112,28.3,29.8,4.4,293.7,Dangerous
60,70,159,27.4,39.4,6.0,55.7,Warning
10,129,159,29.5,48.5,7.5,176.7,Warning
107,49,36,20.5,80.8,7.9,216.4,Warning
74,13,12,36.5,38.3,8.0,267.5,Warning
127,27,101,14.2,36.1,5.8,263.4,Dangerous
5,70,132,27.7,93.2,7.1,80.0,Warning
44,70,98,28.0,53.3,6.3,279.2,Healthy
127,114,185,36.3,39.2,4.9,132.2,Dangerous
19,74,166,32.1,67.3,5.9,103.4,Warning
123,55,204,23.8,66.2,5.0,80.2,Dangerous
124,44,196,23.8,30.4,4.5,270.0,Dangerous
12,84,112,27.4,46.8,6.6,288.9,Warning
19,110,73,25.5,20.2,4.6,81.5,Dangerous
78,121,139,37.5,53.9,4.9,230.0,Dangerous
9,57,114,44.4,68.5,7.7,222.4,Dangerous
109,34,87,31.6,84.9,4.5,90.1,Dangerous
77,144,155,37.8,28.9,5.7,182.3,Warning
50,136,195,23.2,54.3,8.0,49.5,Warning
100,8,120,20.2,57.7,5.5,192.4,Warning
136,65,53,32.7,64.6,7.7,25.1,Warning
34,56,30,14.7,32.1,5.1,190.3,Dangerous
29,66,44,13.9,98.1,6.6,104.6,Dangerous
35,86,14,38.1,90.3,5.0,266.5,Dangerous
101,71,133,12.2,76.6,6.4,42.5,Dangerous
107,21,120,36.6,81.5,6.9,199.3,Warning
110,107,84,43.4,41.9,5.8,262.6,Dangerous
34,65,95,18.0,66.6,7.7,136.3,Warning
110,131,141,29.8,94.4,4.9,254.2,Dangerous
94,53,176,14.0,43.0,6.1,271.0,Dangerous
128,53,110,19.5,30.8,4.2,239.9,Dangerous
135,34,196,21.9,46.7,4.7,228.0,Dangerous
52,57,184,13.1,59.1,4.0,49.1,Dangerous
44,129,129,16.3,98.0,6.7,186.8,Warning
61,139,15,21.6,58.7,8.8,282.8,Dangerous
92,81,97,30.7,26.7,8.9,41.9,Dangerous
23,42,195,43.1,34.5,9.0,212.1,Dangerous
28,46,154,39.9,26.7,6.6,204.7,Dangerous
46,127,67,42.1,72.1,5.3,259.4,Dangerous
34,81,154,39.6,20.6,5.9,133.9,Dangerous
115,134,112,16.1,81.6,5.7,124.0,Warning
74,45,108,29.2,30.7,8.2,206.4,Dangerous
53,65,14,42.7,77.1,6.8,163.6,Dangerous
50,82,120,36.5,80.6,8.0,162.3,Warning
132,114,194,44.9,59.8,7.0,158.0,Dangerous
80,59,61,23.5,62.3,4.6,39.7,Dangerous
92,37,60,19.4,61.0,6.4,258.7,Warning
31,144,61,12.9,70.5,6.8,234.7,Dangerous
3,107,61,35.4,23.1,7.5,151.6,Warning
110,96,153,19.5,36.7,5.5,288.8,Warning
120,133,51,41.4,49.1,4.4,56.4,Dangerous
110,144,94,20.8,69.5,6.6,218.5,Healthy
0,1,164,14.6,35.3,5.3,137.1,Dangerous
93,108,192,43.5,87.5,6.7,122.2,Dangerous
38,24,142,18.9,75.0,5.3,174.0,Dangerous
20,67,131,42.6,72.6,9.0,50.4,Dangerous
22,63,22,28.6,23.5,8.4,96.3,Dangerous
55,67,82,12.2,79.0,7.4,108.4,Dangerous
46,109,25,23.6,26.1,7.7,234.5,Warning
58,98,158,12.9,48.4,8.6,95.6,Dangerous
30,124,101,11.0,98.0,4.8,269.6,Dangerous
84,109,91,21.9,90.6,4.4,263.7,Dangerous
51,44,105,39.7,96.1,8.6,34.4,Dangerous
130,28,159,28.3,21.6,7.3,220.4,Warning
73,69,22,40.0,93.1,6.9,170.2,Dangerous
94,104,110,23.8,28.3,6.8,60.3,Warning
50,96,153,43.1,75.9,5.6,221.9,Dangerous
36,113,5,23.4,30.6,6.2,247.6,Warning
11,139,126,31.3,39.3,4.1,277.0,Dangerous
0,22,180,16.4,22.3,8.6,280.4,Dangerous
23,116,143,17.2,39.1,7.7,173.0,Warning
69,78,82,13.1,42.3,6.3,135.2,Dangerous
106,119,155,37.9,67.2,5.7,173.9,Warning
108,99,0,13.7,79.4,5.0,35.7,Dangerous
19,139,138,30.3,51.1,8.7,79.5,Dangerous
56,13,93,43.6,70.5,8.2,83.7,Dangerous
123,124,81,15.3,67.9,5.1,293.3,Dangerous
14,84,96,26.3,29.5,6.2,267.6,Warning
46,104,111,39.7,56.9,8.0,69.1,Dangerous
101,108,196,34.7,42.0,8.0,245.2,Warning
28,45,74,30.0,52.0,7.7,103.9,Warning
122,53,168,35.4,45.6,8.7,133.0,Dangerous
28,81,134,40.9,82.4,8.0,202.5,Dangerous
111,136,196,30.6,67.3,7.7,110.0,Warning
69,17,187,30.2,77.3,7.3,215.0,Warning
127,69,162,30.1,41.2,5.6,225.3,Warning
115,138,128,14.8,32.1,7.7,127.0,Dangerous
18,78,167,15.6,45.2,7.0,215.4,Warning
103,107,0,21.5,42.7,8.4,277.5,Dangerous
32,39,75,36.6,97.7,8.3,160.0,Dangerous
18,131,103,15.6,58.8,6.1,264.3,Warning
39,11,75,22.0,33.0,5.2,88.1,Dangerous
63,75,6,18.3,29.2,7.1,192.0,Warning
68,37,158,31.7,79.0,7.6,73.7,Warning
5,84,29,19.6,68.4,5.0,131.3,Dangerous
50,100,162,31.7,42.8,8.1,273.4,Dangerous
43,28,150,14.4,95.6,4.1,50.9,Dangerous
124,114,95,44.3,27.1,6.9,260.5,Dangerous
115,13,116,23.0,58.6,6.3,38.9,Warning
18,25,86,39.5,85.3,7.4,58.1,Dangerous
134,95,178,31.5,50.7,5.2,264.0,Dangerous
92,76,140,28.1,32.4,8.7,74.9,Dangerous
121,109,148,23.4,60.1,4.4,64.5,Dangerous
60,25,121,12.2,89.3,5.3,51.8,Dangerous
31,49,153,31.8,81.5,7.7,94.8,Warning
36,30,7,10.3,95.6,5.8,20.1,Dangerous
17,86,137,35.7,36.7,7.5,147.2,Warning
63,82,143,17.2,90.8,9.0,94.9,Dangerous
69,92,131,34.4,43.2,5.8,38.4,Warning
28,141,10,33.3,73.0,6.1,237.2,Warning
10,97,30,10.5,55.4,8.7,231.0,Dangerous
92,53,152,25.8,56.2,4.7,159.3,Dangerous
5,13,111,35.9,98.6,4.2,124.4,Dangerous
80,28,183,25.7,31.7,6.8,54.1,Warning
111,11,202,21.0,55.8,6.1,164.8,Warning
122,44,159,13.7,57.1,6.9,290.4,Dangerous
119,145,127,29.5,87.8,7.5,243.9,Healthy
73,19,129,11.6,87.7,6.8,171.7,Dangerous
9,55,84,26.4,35.0,8.1,189.2,Dangerous
97,118,78,13.6,67.5,7.3,234.4,Dangerous
9,13,85,15.9,20.2,8.8,221.8,Dangerous
19,43,204,41.8,69.8,5.8,236.7,Dangerous
96,102,143,36.0,53.0,6.4,291.2,Warning
63,116,161,34.3,48.4,8.2,112.1,Dangerous
17,45,125,15.2,28.1,5.7,165.6,Warning
55,130,160,19.4,81.9,8.8,221.0,Dangerous
132,18,37,31.1,56.5,8.1,35.3,Dangerous
86,43,45,26.6,98.9,8.4,84.4,Dangerous
53,27,117,15.0,52.9,7.8,179.6,Warning
47,51,95,32.0,41.3,7.6,192.5,Warning
88,9,18,26.7,38.7,8.8,232.7,Dangerous
116,132,128,31.7,51.6,6.7,184.0,Warning
88,19,19,20.0,51.8,7.6,66.2,Warning
38,70,154,39.5,40.3,7.7,263.3,Dangerous
3,88,112,44.3,58.5,5.7,192.6,Dangerous
75,36,190,44.0,82.1,5.2,101.0,Dangerous
69,58,197,28.6,74.4,6.6,68.6,Healthy
3,19,41,14.0,67.2,4.9,245.0,Dangerous
133,54,48,26.5,73.7,7.2,200.0,Healthy
120,61,50,31.2,64.6,6.3,158.1,Warning
77,43,151,25.3,85.0,7.3,49.3,Healthy
8,139,140,27.5,20.4,8.5,245.6,Dangerous
48,121,47,21.8,20.5,6.3,298.0,Warning
139,3,148,11.7,77.8,7.8,195.4,Dangerous
66,85,76,26.9,57.7,8.6,94.8,Dangerous
94,1,51,27.6,44.1,7.5,81.0,Warning
133,98,54,33.3,61.5,5.8,244.4,Warning
26,107,11,14.5,21.7,4.7,173.6,Dangerous
3,28,33,27.3,74.0,7.8,140.3,Warning
37,119,58,16.6,90.4,5.0,22.5,Dangerous
1,75,89,13.5,44.5,4.3,87.7,Dangerous
131,14,27,11.8,38.6,8.4,77.9,Dangerous
55,25,142,26.6,52.8,8.8,198.0,Dangerous
123,115,153,16.1,99.6,9.0,167.6,Dangerous
22,0,97,40.0,35.2,8.4,61.9,Dangerous
11,105,181,43.1,53.7,4.3,221.3,Dangerous
97,8,7,21.8,81.4,7.1,135.8,Warning
103,40,37,31.7,29.9,4.4,175.4,Dangerous
83,59,45,40.5,37.3,8.4,206.9,Dangerous
137,79,70,39.1,29.2,4.9,244.7,Dangerous
99,57,46,41.0,54.6,7.6,87.3,Dangerous
55,57,93,17.0,82.5,6.9,99.3,Warning
68,99,99,34.7,56.9,6.6,296.0,Warning
79,113,133,31.3,63.4,5.4,256.0,Dangerous
114,145,203,44.7,99.2,8.1,154.9,Dangerous
118,120,183,23.8,58.5,4.6,230.6,Dangerous
66,124,177,13.7,96.3,7.3,38.5,Dangerous
134,14,19,33.3,83.3,6.9,137.2,Warning
84,3,191,38.0,24.9,4.8,59.6,Dangerous
97,65,114,33.6,22.5,6.8,119.9,Warning
128,90,92,31.2,63.3,7.9,184.6,Warning
99,140,131,36.0,24.9,5.1,253.8,Dangerous
117,63,192,39.8,44.6,4.9,205.7,Dangerous
40,133,98,21.0,24.4,5.6,30.5,Warning
71,25,35,24.8,28.7,5.6,240.9,Warning
33,20,19,12.6,98.2,6.5,93.7,Dangerous
79,18,169,42.8,50.1,7.4,269.3,Dangerous
17,42,29,23.0,25.7,4.3,165.7,Dangerous
11,134,120,33.4,91.8,5.1,151.4,Dangerous
54,59,58,33.9,68.4,4.7,178.1,Dangerous
86,81,175,33.3,45.8,5.7,38.5,Warning
30,122,130,35.5,71.7,4.8,266.0,Dangerous
134,97,29,21.0,65.0,4.0,23.7,Dangerous
84,114,127,15.2,91.9,5.7,106.3,Warning
59,133,148,24.8,85.7,5.7,57.2,Warning
53,68,50,19.6,36.0,7.4,289.9,Warning
7,127,202,32.4,83.8,6.4,53.8,Warning
138,48,51,17.2,93.5,7.4,293.2,Warning
81,40,69,27.3,99.3,4.5,187.4,Dangerous
90,138,35,18.2,89.0,7.9,88.3,Warning
126,66,75,10.5,49.4,8.7,144.7,Dangerous
39,139,68,40.2,50.3,7.9,250.3,Dangerous
67,89,71,23.1,60.3,8.5,158.8,Dangerous
133,70,73,26.0,79.7,8.2,51.0,Dangerous
116,124,6,17.9,70.1,5.6,129.2,Warning
140,68,48,44.3,55.8,8.0,125.5,Dangerous
52,2,192,33.9,82.0,7.1,257.9,Warning
53,92,197,10.9,46.0,8.9,34.4,Dangerous
75,64,89,17.0,52.6,6.8,22.3,Warning
38,43,127,40.0,42.4,5.3,278.5,Dangerous
75,86,102,25.3,85.1,8.2,164.3,Dangerous
86,97,107,38.6,37.2,8.7,214.3,Dangerous
59,142,31,17.4,23.4,8.1,131.3,Dangerous
139,111,137,12.0,57.4,7.7,160.7,Dangerous
58,16,67,24.1,29.7,4.8,113.5,Dangerous
97,107,54,29.8,78.1,6.0,46.0,Healthy
90,44,124,38.1,52.8,8.3,184.7,Dangerous
39,57,179,29.2,68.5,4.3,151.8,Dangerous
9,142,203,12.9,81.9,4.6,24.1,Dangerous
131,87,197,13.1,69.9,6.8,255.7,Dangerous
23,53,154,39.3,45.4,6.8,284.6,Dangerous
76,2,161,36.8,21.3,4.9,152.0,Dangerous
30,105,164,41.5,22.6,6.9,141.5,Dangerous
109,115,121,27.6,24.6,6.6,252.4,Warning
39,61,187,43.7,24.5,8.4,278.9,Dangerous
53,4,108,26.1,50.5,4.6,153.7,Dangerous
24,31,24,18.1,58.7,8.9,62.0,Dangerous
36,80,196,21.6,81.7,7.2,128.5,Warning
6,114,105,41.6,41.3,8.9,91.2,Dangerous
52,127,189,16.9,40.1,6.1,185.1,Warning
84,75,80,38.0,61.2,5.3,109.0,Dangerous
56,86,29,39.9,73.0,6.6,241.1,Dangerous
73,136,12,12.2,71.6,4.3,163.3,Dangerous
6,18,119,30.5,83.9,4.7,57.8,Dangerous
36,83,153,28.6,98.3,7.8,265.6,Warning
40,100,145,22.4,62.4,5.5,144.6,Warning
108,88,155,34.9,95.1,4.5,38.5,Dangerous
45,109,129,27.7,55.8,6.0,163.0,Healthy
122,83,151,30.0,92.1,7.9,115.3,Warning
27,119,35,30.4,74.4,5.8,231.5,Warning
22,41,185,26.2,34.1,6.4,296.7,Warning
123,66,141,12.0,83.4,6.9,207.9,Dangerous
1,9,43,22.2,27.9,6.4,124.6,Warning
93,92,73,31.2,74.0,4.6,237.6,Dangerous
30,65,145,38.7,53.0,4.5,30.7,Dangerous
73,125,142,17.8,98.1,8.0,287.2,Warning
106,81,80,25.2,30.9,7.1,248.3,Warning
75,17,2,12.9,53.7,6.5,212.6,Dangerous
22,63,129,16.6,54.2,5.2,111.5,Dangerous
26,103,36,35.5,20.7,6.2,84.7,Warning
116,106,68,18.0,25.9,7.7,127.7,Warning
27,3,43,30.4,46.2,5.4,299.0,Dangerous
85,43,166,25.3,60.6,7.0,70.0,Healthy
13,3,108,21.3,45.2,8.5,86.1,Dangerous
30,111,80,26.5,80.3,6.1,97.3,Warning
76,140,4,43.1,85.7,5.7,74.4,Dangerous
134,4,94,44.6,50.5,8.3,103.9,Dangerous
66,65,48,11.2,98.2,4.7,166.4,Dangerous
10,139,147,43.1,45.1,7.6,295.4,Dangerous
105,121,198,23.4,54.7,4.1,230.2,Dangerous
113,8,30,25.5,86.5,6.1,283.8,Warning
7,141,120,20.1,64.1,4.6,62.7,Dangerous
21,80,141,12.3,95.5,7.2,243.4,Dangerous
102,105,169,30.7,72.3,4.1,32.0,Dangerous
97,116,55,44.9,85.9,5.6,158.2,Dangerous
34,107,78,11.1,61.8,6.7,79.4,Dangerous
58,59,49,27.5,55.8,5.7,201.4,Warning
54,14,3,22.2,74.9,5.1,64.4,Dangerous
62,95,154,27.8,49.0,4.6,245.5,Dangerous
50,25,42,40.1,54.6,7.9,229.7,Dangerous
73,37,47,34.7,43.8,5.9,215.5,Warning
70,65,142,13.6,60.6,8.9,186.9,Dangerous
95,76,117,20.8,70.2,8.1,87.9,Dangerous
33,78,117,22.4,58.1,5.9,222.4,Warning
39,79,82,41.4,52.6,6.8,64.0,Dangerous
33,29,19,12.9,49.9,4.0,245.6,Dangerous
73,134,45,40.6,54.8,7.2,64.2,Dangerous
7,56,96,33.5,94.6,6.4,183.4,Warning
125,20,50,19.4,67.9,5.0,211.7,Dangerous
47,133,14,31.3,97.5,4.0,49.6,Dangerous
102,20,121,27.2,93.8,8.4,54.7,Dangerous
48,114,55,16.6,89.1,6.0,66.6,Warning
119,9,174,30.8,88.1,8.3,74.4,Dangerous
113,122,157,29.9,93.3,5.7,23.3,Warning
91,5,128,36.0,90.8,4.8,275.4,Dangerous
131,134,131,12.2,44.1,8.6,239.9,Dangerous
4,78,95,19.5,86.9,8.9,211.3,Dangerous
122,134,164,24.5,99.8,6.8,216.4,Healthy
14,31,152,23.7,24.7,6.3,256.1,Warning
29,42,187,16.7,49.4,5.9,288.8,Warning
61,52,71,43.0,51.0,8.1,256.9,Dangerous
16,80,116,28.7,74.4,8.9,205.0,Dangerous
30,46,52,11.3,67.9,7.9,201.4,Dangerous
59,62,30,39.3,49.0,7.3,42.2,Dangerous
20,83,13,33.1,54.4,7.8,148.4,Warning
129,67,173,39.1,91.3,8.1,43.8,Dangerous
84,138,67,20.7,23.7,6.2,38.5,Warning
61,44,9,42.6,55.4,5.0,70.1,Dangerous
120,61,157,27.2,44.6,4.2,236.9,Dangerous
27,54,100,29.4,94.5,6.5,69.8,Warning
21,91,153,22.9,68.1,4.3,293.5,Dangerous
35,25,112,32.2,62.1,9.0,124.9,Dangerous
91,97,203,34.2,43.9,7.6,245.3,Warning
39,20,73,30.8,57.2,4.1,255.7,Dangerous
93,37,146,36.9,22.9,8.8,134.8,Dangerous
40,97,135,41.7,29.3,6.2,244.8,Dangerous
121,127,75,19.3,52.1,8.5,197.9,Dangerous
80,48,132,16.6,81.4,6.7,208.1,Warning
120,32,18,24.2,73.4,8.4,140.4,Dangerous
129,94,95,26.8,28.7,4.6,253.2,Dangerous
25,5,131,42.2,74.4,5.6,28.5,Dangerous
135,3,180,35.1,24.8,5.9,211.8,Warning
126,55,131,25.1,25.5,8.9,204.0,Dangerous
129,127,93,35.6,73.3,6.8,190.3,Warning
55,9,68,26.5,56.5,8.3,164.5,Dangerous
11,111,198,12.6,23.4,4.4,96.4,Dangerous
79,121,156,42.5,23.6,4.0,87.6,Dangerous
80,120,169,36.1,94.1,5.4,227.2,Dangerous
55,87,104,35.1,83.2,7.5,21.5,Warning
33,85,197,42.7,97.2,7.6,53.5,Dangerous
24,47,32,44.9,81.3,4.4,264.6,Dangerous
102,68,128,13.2,60.5,4.1,243.5,Dangerous
2,113,151,33.0,25.6,5.3,197.5,Dangerous
132,141,10,26.2,23.9,6.8,145.6,Warning
18,138,6,25.0,87.0,7.9,69.1,Warning
10,17,172,41.2,73.1,8.4,212.7,Dangerous
59,25,41,28.6,61.8,5.9,77.7,Warning
95,66,32,29.8,39.9,5.2,99.5,Dangerous
46,108,143,15.6,66.6,7.2,42.2,Warning
48,128,29,44.4,99.3,5.5,247.4,Dangerous
92,96,28,10.5,82.5,6.0,80.8,Dangerous
114,119,118,43.2,92.8,4.2,116.3,Dangerous
70,5,165,11.6,94.1,4.5,274.4,Dangerous
136,54,177,42.8,86.6,4.2,247.9,Dangerous
92,4,87,29.2,78.8,7.8,277.4,Warning
67,80,21,41.7,40.4,5.3,193.2,Dangerous
136,110,146,34.8,71.9,8.2,56.9,Dangerous
82,37,135,14.4,88.2,5.8,124.6,Dangerous
94,126,18,31.9,78.1,7.6,185.6,Warning
39,90,65,27.6,51.9,6.0,258.8,Warning
134,127,71,12.5,87.6,4.2,75.0,Dangerous
79,92,108,31.8,58.0,7.9,41.9,Warning
66,3,88,38.4,82.1,8.9,166.3,Dangerous
53,25,203,39.5,39.0,6.9,297.7,Dangerous
118,33,43,10.1,58.4,6.7,27.1,Dangerous
96,136,23,32.4,36.4,5.4,252.6,Dangerous
7,118,183,28.1,61.1,5.6,84.1,Warning
37,138,102,37.0,33.9,4.1,257.5,Dangerous
56,29,50,34.6,33.9,5.5,269.4,Warning
36,111,161,24.1,98.2,5.9,70.6,Warning
63,46,101,30.3,79.7,4.1,277.5,Dangerous
140,29,120,23.2,70.7,7.5,159.2,Warning
89,56,111,20.2,90.2,4.2,243.1,Dangerous
72,100,154,33.4,33.6,8.6,257.9,Dangerous
112,73,37,14.7,88.0,7.0,154.2,Dangerous
78,137,85,43.4,89.9,8.4,260.0,Dangerous
37,86,54,31.5,41.0,6.1,25.0,Warning
38,123,97,14.3,49.0,6.2,70.9,Dangerous
74,87,31,28.7,80.6,8.9,155.5,Dangerous
33,39,152,18.2,83.8,5.5,42.2,Warning
132,122,120,13.4,56.3,8.8,64.7,Dangerous
34,110,154,39.3,41.4,4.5,235.3,Dangerous
58,15,110,34.3,81.0,6.9,153.8,Warning
45,22,75,28.2,33.3,5.5,240.0,Warning
13,95,22,10.6,33.7,6.1,56.7,Dangerous
106,55,88,26.0,25.7,8.3,199.6,Dangerous
55,92,57,27.6,81.0,4.2,101.1,Dangerous
91,101,163,38.8,27.5,5.7,250.7,Dangerous
113,119,129,30.5,88.2,7.8,67.1,Warning
136,66,161,23.8,83.1,5.1,242.9,Dangerous
107,14,192,17.8,26.9,6.8,100.8,Warning
64,103,124,29.8,26.5,8.0,211.3,Warning
121,110,8,36.2,50.9,8.0,181.0,Warning
13,79,154,25.1,47.4,5.2,295.7,Dangerous
114,42,68,30.4,79.3,8.6,162.1,Dangerous
124,86,183,32.8,50.3,8.8,291.5,Dangerous
38,62,157,16.9,22.6,5.6,160.2,Warning
134,37,50,38.2,39.9,4.9,260.6,Dangerous
64,62,49,24.4,63.0,6.0,172.3,Healthy
55,26,78,20.3,84.6,5.2,214.4,Dangerous
72,11,51,31.9,27.6,7.8,226.5,Warning
132,85,170,33.5,96.7,5.0,91.8,Dangerous
125,72,67,29.9,90.9,6.3,291.9,Healthy
80,57,138,22.7,70.2,6.5,229.7,Healthy
110,110,132,16.0,29.5,7.2,63.3,Warning
64,145,75,15.2,45.6,7.3,34.5,Warning
123,143,36,32.2,34.1,8.7,84.0,Dangerous
30,30,159,32.8,43.0,8.3,70.7,Dangerous
102,11,141,40.4,84.2,6.9,103.0,Dangerous
135,127,31,35.3,75.5,7.7,191.0,Warning
0,125,66,37.5,94.7,5.7,96.0,Warning
116,51,34,12.0,64.5,8.1,202.2,Dangerous
104,89,0,13.3,24.5,5.0,110.1,Dangerous
75,128,103,30.4,99.6,6.0,151.6,Warning
87,48,170,15.4,35.0,5.6,169.3,Warning
115,19,137,14.2,34.2,8.7,113.5,Dangerous
138,52,49,14.4,54.9,6.0,186.2,Dangerous
94,80,52,27.2,66.1,5.1,178.7,Dangerous
115,24,182,27.4,28.1,4.1,84.2,Dangerous
70,114,174,33.3,44.7,4.2,228.3,Dangerous
62,88,36,36.0,87.7,5.2,242.2,Dangerous
127,23,141,15.7,74.7,4.1,287.5,Dangerous
46,141,158,11.1,53.7,7.5,38.2,Dangerous
79,64,74,24.5,28.9,7.8,295.2,Warning
76,27,123,27.3,97.6,5.6,269.0,Warning
70,87,72,38.7,40.0,8.9,103.7,Dangerous
18,80,91,32.4,89.5,5.6,123.9,Warning
62,138,192,42.6,24.1,4.0,49.2,Dangerous
76,87,174,23.8,52.8,6.3,82.8,Healthy
87,13,155,27.7,42.3,8.6,23.3,Dangerous
34,100,96,24.1,92.4,4.9,205.9,Dangerous
126,5,187,27.3,93.5,7.5,241.3,Warning
108,2,69,19.3,79.0,6.0,147.5,Warning
73,55,177,20.7,24.3,6.0,139.2,Warning
78,28,86,25.9,30.0,7.3,218.8,Warning
66,129,11,42.7,30.7,6.9,167.8,Dangerous
94,9,117,14.9,67.1,8.8,183.9,Dangerous
16,116,150,11.4,55.2,6.5,192.2,Dangerous
86,126,43,10.2,27.4,5.9,69.7,Dangerous
20,76,162,32.0,77.9,8.6,202.0,Dangerous
49,4,177,15.9,44.1,6.8,227.5,Warning
111,78,180,26.1,64.9,7.3,142.2,Healthy
132,94,67,43.0,87.9,8.3,140.0,Dangerous
96,78,22,17.4,79.8,5.0,177.2,Dangerous
10,88,66,28.3,73.1,4.1,22.9,Dangerous
105,129,125,16.7,20.7,8.8,149.9,Dangerous
111,39,194,28.4,61.2,4.4,245.4,Dangerous
92,57,106,32.2,60.0,7.0,265.1,Warning
1,47,12,12.6,85.8,6.2,239.0,Dangerous
82,105,126,21.2,62.0,5.3,172.6,Dangerous
102,61,47,24.7,53.5,5.7,21.6,Warning
31,44,6,12.2,38.6,8.5,107.6,Dangerous
117,121,82,25.2,67.4,4.5,127.9,Dangerous
136,3,104,24.3,79.3,6.6,186.4,Warning
139,134,89,42.9,78.1,7.0,187.8,Dangerous
120,120,27,16.1,54.5,6.6,247.3,Warning
125,51,184,30.2,60.5,4.0,171.1,Dangerous
1,73,30,36.2,60.5,8.2,96.5,Dangerous
6,52,51,29.8,32.0,6.0,90.8,Warning
115,140,7,16.1,79.4,5.7,252.4,Warning
88,91,68,20.6,45.0,4.6,223.1,Dangerous
85,27,159,13.0,76.3,8.2,278.9,Dangerous
26,23,59,11.5,39.1,6.0,280.6,Dangerous
70,18,25,15.4,21.1,7.3,208.7,Warning
112,91,20,14.3,51.4,8.3,167.9,Dangerous
43,55,160,11.8,77.2,5.5,236.0,Dangerous
91,99,20,20.9,47.3,5.5,179.9,Warning
122,13,184,11.8,67.2,4.3,148.4,Dangerous
79,93,100,30.4,76.4,5.4,237.0,Dangerous
17,71,85,11.7,31.8,8.1,294.0,Dangerous
37,82,93,10.3,30.8,6.6,135.3,Dangerous
88,18,9,10.7,49.9,6.9,267.8,Dangerous
92,133,147,11.1,56.4,6.2,255.7,Dangerous
29,27,152,40.6,91.7,6.9,264.4,Dangerous
89,82,204,41.5,57.0,7.2,290.6,Dangerous
33,66,90,38.0,59.4,5.2,163.0,Dangerous
90,63,74,20.6,31.9,6.5,47.5,Warning
121,50,183,27.6,99.7,6.0,265.4,Healthy
57,129,114,10.9,29.0,7.6,262.2,Dangerous
67,110,170,43.0,65.5,7.4,116.5,Dangerous
19,113,166,19.1,20.9,8.5,54.1,Dangerous
23,3,172,14.6,32.4,7.3,209.5,Dangerous
62,102,36,35.1,80.3,6.1,89.5,Warning
81,37,84,40.3,50.5,7.0,61.0,Dangerous
12,56,23,15.7,41.5,7.9,150.4,Warning
100,11,136,43.0,62.2,6.1,94.4,Dangerous
99,97,120,21.2,71.6,7.9,155.3,Warning
35,130,135,32.7,86.7,5.0,51.4,Dangerous
115,51,13,18.2,57.1,4.5,104.0,Dangerous
124,135,164,33.5,64.9,4.9,57.5,Dangerous
15,7,68,23.6,59.6,6.0,56.5,Warning
84,77,19,10.4,30.8,5.8,295.8,Dangerous
135,83,75,37.0,84.9,7.2,157.2,Warning
27,75,146,34.5,65.7,4.2,101.7,Dangerous
120,130,54,40.1,55.1,5.2,159.4,Dangerous
96,47,27,16.0,84.1,6.5,35.2,Warning
41,136,4,18.1,68.3,4.6,211.0,Dangerous
101,118,20,35.2,86.6,7.6,267.4,Warning
28,65,156,11.0,34.9,6.4,257.2,Dangerous
40,102,166,28.9,39.0,7.6,169.6,Warning
17,40,199,14.9,39.4,7.1,280.5,Dangerous
118,43,78,24.2,36.2,7.8,47.8,Warning
100,63,69,17.3,60.2,6.0,275.5,Warning
108,2,127,36.8,31.9,8.1,104.1,Dangerous
69,140,67,29.7,80.3,6.4,167.2,Healthy
128,126,176,38.6,73.1,6.9,272.5,Dangerous
78,27,200,41.5,40.8,4.1,166.2,Dangerous
56,11,70,36.8,40.8,8.9,188.3,Dangerous
79,6,149,32.6,76.6,8.1,230.7,Dangerous
55,95,19,38.6,77.2,5.2,182.7,Dangerous
40,96,113,18.3,58.5,8.2,208.4,Dangerous
61,116,94,13.7,99.3,7.5,136.7,Dangerous
127,0,148,27.3,78.2,4.8,62.6,Dangerous
138,0,20,39.0,78.8,6.8,169.2,Dangerous
28,19,32,30.7,54.0,6.0,59.8,Warning
127,50,170,32.3,32.5,7.4,214.9,Warning
129,109,26,40.5,32.7,4.1,248.7,Dangerous
121,64,179,43.3,23.6,5.1,203.4,Dangerous
84,12,95,27.1,88.6,7.1,83.9,Warning
9,103,175,32.8,28.9,4.4,62.6,Dangerous
92,26,36,31.6,52.4,6.3,280.6,Warning
98,119,37,28.1,57.5,7.6,187.8,Warning
76,54,23,11.8,26.7,4.9,47.6,Dangerous
61,9,17,41.8,62.0,4.7,249.7,Dangerous
25,77,76,36.7,75.2,8.1,78.0,Dangerous
140,113,135,30.2,79.9,7.0,21.6,Warning
134,17,163,37.7,53.8,4.5,257.1,Dangerous
76,109,58,21.3,37.5,8.5,32.6,Dangerous
15,35,168,30.6,71.5,4.5,46.1,Dangerous
71,1,125,29.0,24.8,8.9,82.2,Dangerous
43,76,56,29.3,21.9,4.3,259.5,Dangerous
59,47,3,33.6,89.0,8.2,76.8,Dangerous
105,136,179,33.9,58.1,6.9,232.8,Warning
37,79,49,25.0,99.0,5.8,36.1,Warning
2,59,102,18.1,77.7,4.3,101.2,Dangerous
10,59,147,18.9,91.5,5.3,177.7,Dangerous
97,69,180,24.9,68.0,4.2,172.6,Dangerous
45,134,205,26.6,63.6,8.7,111.3,Dangerous
30,105,28,32.3,61.5,8.1,294.6,Dangerous
75,78,144,31.5,56.2,7.3,196.3,Warning
62,80,101,38.2,58.5,6.9,67.3,Dangerous
77,132,131,20.0,99.5,4.9,212.1,Dangerous
111,8,83,35.5,100.0,4.9,230.8,Dangerous
122,33,44,10.1,80.5,4.7,259.0,Dangerous
107,31,13,37.7,35.6,4.2,104.9,Dangerous
2,44,30,11.0,85.2,4.2,41.3,Dangerous
132,64,74,22.1,88.5,4.8,220.0,Dangerous
34,78,15,23.9,53.2,4.4,251.9,Dangerous
54,140,58,30.8,68.7,4.8,251.9,Dangerous
20,136,160,40.2,69.0,5.4,109.7,Dangerous
33,22,43,11.5,24.1,5.6,93.4,Dangerous
59,38,119,43.8,74.0,8.6,94.3,Dangerous
118,59,153,16.8,58.7,8.9,270.8,Dangerous
95,5,182,12.6,84.9,6.6,192.5,Dangerous
59,28,14,17.0,64.3,8.2,249.0,Dangerous
126,92,85,12.8,86.1,5.3,68.9,Dangerous
55,52,130,11.6,30.0,7.5,290.4,Dangerous
79,141,45,40.8,27.6,7.8,213.1,Dangerous
23,105,172,40.4,81.8,5.5,134.3,Dangerous
64,29,134,37.4,81.9,8.5,295.8,Dangerous
36,78,111,30.9,49.2,7.8,60.5,Warning
17,111,125,27.8,97.9,7.0,37.5,Warning
10,97,76,21.6,69.3,8.9,217.0,Dangerous
27,93,125,13.0,79.3,8.3,190.3,Dangerous
32,112,140,30.8,80.4,8.6,113.6,Dangerous
58,109,9,16.5,38.1,8.7,117.1,Dangerous
116,63,69,22.9,73.4,8.2,294.5,Dangerous
129,83,88,17.9,91.6,8.1,277.0,Dangerous
137,25,111,14.7,71.4,8.7,84.7,Dangerous
5,92,26,24.6,41.1,4.1,273.4,Dangerous
86,57,189,32.7,92.8,4.7,263.5,Dangerous
121,123,40,16.7,40.9,8.5,240.3,Dangerous
47,29,94,13.5,93.2,6.6,151.1,Dangerous
101,7,189,38.1,81.5,7.9,277.5,Dangerous
5,6,2,39.4,74.9,4.2,107.4,Dangerous
25,141,188,40.9,66.0,6.9,214.7,Dangerous
126,58,156,17.7,47.5,5.4,155.2,Dangerous
60,28,4,27.6,74.8,7.8,38.4,Warning
48,26,68,12.0,27.8,5.6,51.0,Dangerous
93,8,19,22.6,62.1,8.1,72.3,Dangerous
30,93,62,31.8,21.6,4.5,80.3,Dangerous
126,71,190,43.5,36.2,4.9,149.9,Dangerous
58,51,11,43.7,85.7,8.9,74.5,Dangerous
80,96,85,18.9,94.5,5.8,46.0,Warning
10,75,129,16.0,51.7,7.6,115.4,Warning
73,99,159,10.4,63.9,4.4,126.2,Dangerous
25,49,48,23.2,54.7,5.1,202.3,Dangerous
103,31,14,23.7,83.6,4.4,241.8,Dangerous
104,20,20,18.9,43.8,5.6,111.2,Warning
76,14,79,28.6,58.3,6.2,132.4,Warning
4,27,152,12.6,58.3,5.5,41.5,Dangerous
1,72,108,25.1,24.2,4.1,191.3,Dangerous
33,70,106,43.0,88.3,4.1,168.2,Dangerous
1,68,138,37.1,68.4,6.8,45.9,Warning
9,140,201,24.5,22.4,7.8,146.4,Warning
93,142,46,36.2,36.8,8.3,221.8,Dangerous
12,88,199,32.4,69.5,8.1,208.5,Dangerous
15,19,12,23.6,27.1,7.8,269.6,Warning
128,11,104,26.0,27.0,7.6,151.2,Warning
123,49,13,25.8,56.6,6.2,135.6,Warning
117,31,70,31.0,62.0,7.8,293.6,Warning
102,33,141,31.1,86.7,4.8,261.9,Dangerous
23,92,135,40.3,56.3,5.9,80.6,Dangerous
120,73,40,28.9,28.9,7.9,87.9,Warning
35,103,124,15.6,47.3,5.4,225.8,Dangerous
109,75,44,30.7,90.8,5.2,111.6,Dangerous
106,95,115,32.9,55.6,6.1,81.9,Warning
101,112,59,31.9,34.3,9.0,273.7,Dangerous
84,68,58,22.0,44.5,5.8,239.1,Warning
16,35,107,27.0,80.8,8.6,234.4,Dangerous
90,68,37,21.8,85.6,5.0,206.0,Dangerous
124,92,205,17.6,89.7,7.7,109.4,Warning
96,127,12,28.3,90.0,6.0,275.1,Warning
140,24,74,38.3,63.5,7.5,195.0,Dangerous
33,13,86,15.2,21.4,5.6,45.8,Warning
118,140,3,22.1,61.0,6.8,210.1,Warning
62,74,22,22.8,97.1,5.5,259.1,Warning
35,13,61,17.5,30.6,8.7,153.5,Dangerous
117,38,183,21.8,79.2,7.7,217.6,Warning
15,81,198,18.6,34.1,7.1,177.2,Warning
93,72,114,18.8,83.8,5.9,29.0,Warning
87,69,201,34.2,42.8,8.7,192.4,Dangerous
133,45,56,32.0,98.1,5.2,28.3,Dangerous
69,52,205,35.7,58.6,7.7,68.4,Warning
37,55,202,42.8,87.7,6.8,200.5,Dangerous
122,125,159,25.7,33.4,6.6,166.1,Warning
48,105,43,26.5,64.9,8.8,87.6,Dangerous
92,96,138,30.5,59.1,6.1,87.5,Warning
6,124,54,34.1,78.2,5.5,36.4,Warning
89,70,181,20.2,21.5,5.1,237.4,Dangerous
109,23,13,23.5,31.5,7.4,178.7,Warning
96,90,136,23.2,58.3,8.5,68.0,Dangerous
54,93,37,22.8,93.1,4.8,193.3,Dangerous
29,111,172,22.9,80.4,8.4,54.4,Dangerous
56,67,197,35.3,28.0,5.6,179.7,Warning
62,131,107,14.1,65.6,6.4,288.8,Dangerous
83,26,5,16.7,89.2,7.7,55.6,Warning
13,103,12,26.5,49.7,6.4,179.1,Warning
32,45,60,36.6,39.7,5.4,156.7,Dangerous
28,94,144,41.9,88.4,8.9,50.2,Dangerous
37,8,195,27.0,81.4,8.1,161.8,Dangerous
43,74,151,13.5,54.4,5.8,196.4,Dangerous
137,104,26,13.8,47.7,5.3,260.2,Dangerous
78,19,99,11.2,31.9,8.2,244.5,Dangerous
76,50,111,23.6,96.8,4.1,100.2,Dangerous
79,69,32,13.2,68.0,5.0,153.2,Dangerous
114,29,23,23.5,61.4,7.9,229.4,Warning
88,66,204,39.9,25.7,4.0,149.6,Dangerous
48,127,107,38.5,37.7,4.6,295.1,Dangerous
120,19,125,19.9,58.2,7.9,140.9,Warning
66,132,129,20.7,77.0,4.7,136.4,Dangerous
31,58,108,29.9,52.4,5.7,71.5,Warning
53,76,83,15.8,32.5,4.9,205.8,Dangerous
60,68,132,34.6,27.0,6.2,166.8,Warning
16,18,61,44.7,84.7,8.5,135.3,Dangerous
106,98,131,44.6,31.3,6.2,199.6,Dangerous
118,78,54,29.6,76.5,5.3,92.8,Dangerous
101,37,44,34.6,50.4,5.5,172.6,Warning
87,35,147,42.2,70.1,5.4,68.6,Dangerous
106,67,16,36.6,84.8,8.9,132.5,Dangerous
71,30,178,42.4,27.6,7.0,142.2,Dangerous
120,93,56,16.7,51.1,5.5,47.2,Warning
113,131,42,41.8,95.2,8.5,77.1,Dangerous
33,98,39,32.0,67.8,8.1,279.5,Dangerous
129,63,26,16.4,53.9,8.8,116.8,Dangerous
28,108,18,37.3,56.2,4.9,125.1,Dangerous
74,64,37,17.4,74.3,6.3,35.7,Warning
17,32,83,41.6,49.2,8.8,214.7,Dangerous
111,143,128,31.2,88.2,7.6,237.6,Warning
63,17,37,20.7,52.2,6.1,285.4,Warning
104,74,55,39.2,33.6,6.5,232.2,Dangerous
135,78,35,13.7,32.3,6.7,272.8,Dangerous
111,15,66,28.7,28.8,5.1,282.6,Dangerous
65,42,148,10.0,55.3,7.5,73.8,Dangerous
87,121,105,34.9,45.4,6.8,244.2,Warning
95,119,139,17.9,50.3,8.2,104.9,Dangerous
106,124,117,15.8,48.1,8.2,114.0,Dangerous
43,19,69,19.0,45.4,4.5,276.3,Dangerous
76,119,168,42.0,93.9,5.4,87.7,Dangerous
63,59,8,39.9,31.4,4.3,36.2,Dangerous
45,17,93,11.6,88.5,8.0,290.4,Dangerous
16,43,40,22.5,83.9,6.4,195.0,Warning
53,46,118,10.9,70.4,5.4,160.2,Dangerous
29,96,134,17.5,53.5,5.4,191.6,Dangerous
33,77,134,39.3,59.5,7.4,143.3,Dangerous
132,99,6,18.6,74.3,6.0,75.4,Warning
129,24,32,30.1,99.1,4.9,75.8,Dangerous
110,42,30,39.4,70.8,4.1,57.0,Dangerous
0,105,17,19.1,37.9,4.8,280.0,Dangerous
8,62,111,23.8,43.2,6.3,21.3,Warning
121,2,82,19.1,84.1,5.2,191.8,Dangerous
35,34,7,44.9,21.0,4.5,259.0,Dangerous
38,100,85,31.4,50.1,7.6,246.5,Warning
37,104,41,26.1,77.8,5.9,242.8,Warning
86,77,126,35.7,44.2,8.6,114.3,Dangerous
5,4,73,26.5,27.3,6.1,276.9,Warning
48,61,88,19.1,87.3,6.2,235.3,Warning
70,116,185,27.4,78.8,8.3,294.3,Dangerous
133,17,164,35.0,44.7,5.6,248.9,Warning
102,21,85,16.4,66.7,8.9,252.1,Dangerous
49,118,173,21.4,92.3,7.7,234.7,Warning
1,107,137,43.1,47.3,5.3,56.3,Dangerous
12,27,97,25.0,27.9,5.8,27.8,Warning
9,2,77,44.9,59.5,8.3,176.1,Dangerous
8,125,185,15.4,27.6,5.4,179.9,Dangerous
32,56,93,44.1,65.6,5.5,77.2,Dangerous
35,2,101,40.3,41.0,6.0,221.5,Dangerous
104,119,166,14.2,50.4,8.7,178.3,Dangerous
118,88,74,17.7,44.2,4.6,228.9,Dangerous
95,136,194,45.0,95.8,7.0,229.3,Dangerous
133,3,53,33.3,81.0,5.0,207.4,Dangerous
69,108,156,44.8,74.8,8.1,138.8,Dangerous
23,88,42,42.4,98.5,8.9,73.2,Dangerous
46,17,157,23.6,68.1,7.1,184.6,Warning
37,79,86,16.6,27.2,8.6,263.6,Dangerous
133,3,126,30.2,83.1,8.2,99.8,Dangerous
133,130,134,40.5,62.3,5.3,260.8,Dangerous
40,127,27,37.2,49.9,7.8,155.2,Warning
89,117,100,33.5,33.3,6.5,166.5,Warning
66,45,65,38.9,96.5,7.7,130.9,Dangerous
45,135,167,26.0,38.2,8.9,218.8,Dangerous
89,54,169,31.3,49.0,4.4,84.5,Dangerous
58,80,50,30.9,33.2,7.4,235.8,Warning
10,15,191,13.9,34.2,4.2,41.0,Dangerous
7,34,203,17.1,89.3,8.0,35.0,Warning
115,84,201,24.5,97.9,7.4,44.4,Healthy
7,7,79,41.1,75.6,5.7,76.0,Dangerous
14,54,180,17.8,91.4,7.1,151.0,Warning
5,46,78,31.0,82.6,4.7,42.5,Dangerous
73,135,77,10.6,30.3,7.9,43.2,Dangerous
4,28,85,24.8,66.5,4.4,246.9,Dangerous
12,119,81,19.0,91.2,7.7,124.5,Warning
83,110,141,43.1,74.5,8.7,163.7,Dangerous
135,49,26,24.3,35.0,5.3,88.4,Dangerous
27,0,176,24.5,90.0,7.9,94.4,Warning
106,117,8,10.5,49.1,4.7,122.8,Dangerous
12,35,133,32.4,51.6,5.0,227.3,Dangerous
140,47,134,27.3,51.0,7.4,87.1,Healthy
53,106,177,40.0,56.3,4.6,262.4,Dangerous
65,44,166,35.1,20.3,6.5,137.0,Warning
37,106,51,10.1,89.0,5.9,198.5,Dangerous
129,54,27,29.3,20.5,6.9,251.4,Warning
42,24,157,32.6,97.0,4.3,169.0,Dangerous
80,41,110,16.1,98.9,8.4,121.6,Dangerous
39,121,205,38.1,80.4,4.8,62.9,Dangerous
50,118,110,18.6,93.0,7.3,227.1,Warning
36,113,170,13.0,79.0,7.7,66.3,Dangerous
23,140,102,28.1,86.2,5.9,291.6,Warning
6,53,111,41.4,97.6,7.1,281.9,Dangerous
99,64,100,40.0,74.5,5.1,117.8,Dangerous
25,11,97,26.6,42.7,4.7,118.4,Dangerous
9,87,189,28.3,34.8,4.5,21.7,Dangerous
23,4,20,40.4,81.2,5.1,293.6,Dangerous
19,70,152,18.5,39.9,4.2,112.5,Dangerous
101,3,131,12.9,66.4,5.6,84.5,Dangerous
42,109,37,33.8,23.8,7.1,67.2,Warning
54,97,53,18.6,87.6,7.9,98.5,Warning
19,7,190,44.8,30.7,8.3,214.6,Dangerous
62,41,189,17.5,88.9,4.9,261.6,Dangerous
124,25,190,18.9,21.9,8.9,57.7,Dangerous
18,16,0,26.3,85.9,8.2,262.4,Dangerous
113,112,108,44.7,51.6,4.7,76.5,Dangerous
42,26,17,43.0,59.0,5.3,231.7,Dangerous
62,108,92,15.7,97.6,6.3,101.5,Warning
106,1,40,28.5,75.6,7.2,81.5,Warning
139,100,204,38.9,29.2,8.8,293.7,Dangerous
43,121,203,30.1,83.7,6.4,245.8,Warning
37,40,106,39.5,51.0,4.3,132.3,Dangerous
122,83,95,27.8,77.0,8.6,175.0,Dangerous
81,118,28,42.3,67.6,7.7,173.7,Dangerous
30,123,14,44.4,35.7,5.2,141.6,Dangerous
47,94,165,28.7,64.8,6.8,260.7,Healthy
12,23,73,14.8,20.4,6.6,91.6,Dangerous
50,55,118,37.9,96.9,4.8,84.1,Dangerous
80,132,4,44.6,80.9,8.2,286.6,Dangerous
81,134,48,36.0,36.1,8.2,235.5,Dangerous
27,23,32,44.1,62.2,4.4,168.8,Dangerous
19,129,22,15.1,72.8,7.3,254.7,Warning
24,91,74,42.4,77.5,7.3,219.5,Dangerous
107,76,176,13.1,68.9,7.1,229.7,Dangerous
109,79,192,14.6,61.6,5.0,227.5,Dangerous
51,0,6,25.7,90.2,7.8,272.2,Warning
5,32,96,27.5,48.0,9.0,143.4,Dangerous
108,112,25,17.5,69.0,6.9,204.9,Warning
32,7,91,39.8,35.3,6.1,67.5,Dangerous
138,53,167,21.6,30.1,5.3,128.5,Dangerous
135,137,67,18.6,77.1,4.2,62.8,Dangerous
23,90,169,17.2,49.2,6.9,147.1,Warning
22,17,23,25.6,44.5,8.2,171.3,Dangerous
96,35,156,21.4,27.5,5.7,262.0,Warning
45,143,35,17.9,23.0,8.7,151.8,Dangerous
119,107,42,43.7,68.1,6.3,55.0,Dangerous
0,116,187,41.3,85.7,6.3,114.3,Dangerous
132,55,98,15.8,40.3,8.6,47.4,Dangerous
136,66,110,29.0,29.8,9.0,282.6,Dangerous
88,65,101,40.5,94.5,7.4,282.6,Dangerous
37,48,40,16.3,99.3,5.2,282.0,Dangerous
134,92,84,23.2,80.7,8.3,235.9,Dangerous
39,52,56,28.1,20.3,8.1,215.1,Dangerous
116,107,156,11.4,41.8,7.2,39.4,Dangerous
135,93,110,34.7,94.9,6.8,86.3,Warning
77,108,166,12.7,70.3,8.9,88.7,Dangerous
42,108,198,20.6,36.0,5.4,58.1,Dangerous
118,64,117,24.6,84.9,6.5,297.0,Healthy
67,115,9,11.2,84.4,8.5,182.6,Dangerous
18,78,78,40.5,20.4,4.5,265.9,Dangerous
55,6,66,41.5,61.0,5.9,130.1,Dangerous
54,32,130,20.5,97.3,5.6,91.8,Warning
3,101,51,27.5,88.1,4.8,189.2,Dangerous
104,138,119,16.3,77.2,6.5,248.9,Warning
91,32,172,15.8,93.0,7.4,192.5,Warning
34,76,149,36.1,69.8,5.0,96.2,Dangerous
103,82,107,33.4,51.3,4.7,116.6,Dangerous
112,116,124,39.2,88.7,4.4,74.0,Dangerous
128,51,150,15.2,91.9,5.4,148.1,Dangerous
84,110,166,32.7,20.2,7.4,107.3,Warning
100,8,86,40.6,21.7,6.6,285.5,Dangerous
25,144,96,34.6,27.2,6.9,93.7,Warning
97,95,0,27.8,75.2,7.2,107.7,Warning
19,68,204,15.2,46.3,7.2,127.5,Warning
18,100,131,29.0,24.8,5.5,83.1,Warning
67,144,189,43.6,96.6,7.1,219.1,Dangerous
132,53,122,15.9,68.2,5.6,118.6,Warning
24,8,56,22.6,21.1,5.4,280.3,Dangerous
45,127,199,19.0,33.5,5.8,103.1,Warning
57,35,124,25.7,27.9,7.6,95.2,Warning
106,123,56,17.7,89.0,6.6,288.1,Warning
89,136,18,17.2,98.4,4.1,217.0,Dangerous
119,2,173,15.9,83.1,6.7,82.7,Warning
93,65,77,34.6,82.6,8.6,125.5,Dangerous
102,53,37,19.8,97.8,7.7,219.2,Warning
101,84,43,37.0,98.4,5.4,23.9,Dangerous
131,18,38,40.1,30.2,4.3,186.8,Dangerous
32,13,0,16.3,22.4,6.8,236.4,Warning
66,105,147,40.7,83.3,6.1,77.5,Dangerous
77,116,177,27.8,62.9,6.9,59.6,Healthy
0,54,25,16.4,73.5,7.4,220.6,Warning
52,44,122,32.2,32.6,8.2,47.4,Dangerous
136,108,69,30.3,35.0,8.0,198.3,Warning
52,144,204,11.4,92.5,4.1,159.7,Dangerous
108,86,61,43.7,31.0,4.9,248.2,Dangerous
95,106,112,41.3,65.8,4.9,212.2,Dangerous
67,6,174,36.9,53.7,4.1,195.8,Dangerous
89,90,179,40.8,63.4,7.0,288.2,Dangerous
132,82,14,17.3,30.2,5.6,208.9,Warning
131,59,188,11.2,78.5,8.7,35.6,Dangerous
29,140,41,12.4,80.9,7.4,284.1,Dangerous
53,62,108,36.4,76.8,8.9,61.2,Dangerous
0,87,105,18.5,49.5,6.4,85.7,Warning
50,143,200,42.1,65.5,5.9,213.0,Dangerous
135,31,190,18.8,93.3,5.0,241.0,Dangerous
126,144,144,40.5,36.5,7.7,232.5,Dangerous
78,60,45,18.2,48.0,7.6,159.8,Warning
48,104,107,11.5,38.7,5.8,259.8,Dangerous
111,21,145,10.1,81.3,4.1,60.4,Dangerous
49,63,3,38.6,96.5,5.6,102.7,Dangerous
107,122,59,27.8,27.3,6.2,224.3,Warning
40,20,98,10.4,52.4,4.4,70.3,Dangerous
55,77,60,39.2,24.7,4.4,188.8,Dangerous
61,144,161,11.4,95.6,5.3,93.3,Dangerous
68,141,70,21.1,64.8,6.0,213.3,Healthy
55,70,4,22.7,28.2,5.6,172.8,Warning
56,9,22,26.8,51.6,7.5,35.9,Warning
83,55,152,34.4,88.4,8.0,90.4,Warning
42,93,124,28.1,70.8,8.1,241.8,Dangerous
98,69,53,15.4,28.5,9.0,237.6,Dangerous
83,2,87,43.7,36.2,4.3,109.3,Dangerous
4,108,79,41.1,23.3,6.9,31.4,Dangerous
6,21,106,22.6,23.8,6.3,53.5,Warning
48,77,66,38.6,81.5,6.5,80.4,Dangerous
130,56,74,10.2,94.0,6.7,111.5,Dangerous
118,144,4,35.2,64.3,8.4,101.7,Dangerous
132,74,53,12.6,39.9,7.8,195.5,Dangerous
15,74,25,22.8,92.9,4.3,68.0,Dangerous
96,83,5,39.8,37.5,6.7,54.9,Dangerous
123,144,104,32.0,33.6,5.2,78.9,Dangerous
54,35,76,34.4,29.1,6.2,282.4,Warning
54,60,89,35.4,71.1,4.3,117.7,Dangerous
16,0,91,43.5,22.5,7.0,210.6,Dangerous
130,61,173,40.3,90.0,6.9,276.7,Dangerous
75,104,89,13.4,45.6,6.7,248.6,Dangerous
62,57,56,17.6,84.0,4.2,123.2,Dangerous
24,93,24,39.6,32.8,5.2,296.5,Dangerous
119,2,59,30.4,94.8,7.3,41.0,Warning
97,80,64,24.9,43.6,8.7,250.3,Dangerous
32,11,15,40.7,62.6,7.9,27.0,Dangerous
93,40,204,25.7,99.3,8.5,47.5,Dangerous
28,102,101,17.8,54.9,6.6,50.4,Warning
26,43,41,39.2,78.3,6.5,45.2,Dangerous
52,71,60,30.3,49.3,8.0,173.4,Warning
121,96,103,25.8,41.8,8.2,206.2,Dangerous
16,69,93,16.1,88.7,6.8,84.0,Warning
108,27,124,12.5,95.9,8.5,240.1,Dangerous
103,139,1,30.8,90.1,4.3,273.6,Dangerous
56,25,33,16.5,60.5,8.2,40.8,Dangerous
72,118,36,34.0,72.9,7.2,138.2,Warning
37,141,156,35.3,89.0,5.7,237.6,Warning
66,114,62,27.6,75.6,4.5,125.3,Dangerous
19,123,148,35.7,44.9,4.9,226.1,Dangerous
73,58,18,37.3,31.0,4.7,47.4,Dangerous
30,30,29,18.2,87.5,5.8,292.3,Warning
3,22,127,40.1,83.9,5.6,217.7,Dangerous
58,48,52,19.6,45.9,7.1,121.3,Warning
32,112,35,30.7,52.9,7.3,79.7,Warning
124,117,160,16.5,38.2,6.2,202.0,Warning
12,30,41,32.2,44.7,6.2,187.7,Warning
21,120,202,38.0,28.2,8.6,201.8,Dangerous
35,67,83,32.1,26.4,8.4,37.2,Dangerous
97,26,202,43.9,46.7,8.5,23.4,Dangerous
31,106,107,25.5,40.9,8.7,183.2,Dangerous
56,47,6,31.2,70.8,5.2,21.0,Dangerous
37,101,7,33.9,52.6,8.1,231.9,Dangerous
89,101,23,39.6,53.1,4.4,197.2,Dangerous
79,12,19,18.3,63.4,4.0,277.5,Dangerous
96,75,64,14.1,87.5,4.0,174.9,Dangerous
135,21,135,31.3,96.1,8.4,25.7,Dangerous
90,115,105,10.4,87.0,4.7,265.5,Dangerous
26,19,105,27.5,87.9,4.4,169.8,Dangerous
66,32,58,40.4,84.7,7.1,240.3,Dangerous
27,93,86,32.3,48.1,8.9,79.4,Dangerous
60,85,180,35.1,90.5,8.6,178.3,Dangerous
76,13,19,28.5,44.8,8.9,205.4,Dangerous
138,123,28,44.9,55.3,5.6,105.5,Dangerous
7,141,6,35.0,75.9,4.4,254.9,Dangerous
139,20,38,30.5,25.9,8.6,226.7,Dangerous
82,82,172,32.7,33.0,7.4,194.6,Warning
2,67,3,43.2,90.7,4.7,61.3,Dangerous
78,81,140,11.8,95.6,8.1,216.2,Dangerous
9,57,125,15.3,60.3,7.1,226.0,Warning
64,80,33,22.0,41.5,6.0,282.0,Warning
5,88,199,11.2,45.9,7.4,55.4,Dangerous
64,12,67,33.1,96.9,6.0,165.7,Warning
89,32,1,43.7,96.7,8.0,164.4,Dangerous
13,9,69,17.3,30.9,6.1,137.2,Warning
15,56,126,33.3,89.7,8.1,48.0,Dangerous
124,43,182,33.3,63.3,6.6,246.9,Warning
57,137,9,11.0,40.6,6.6,157.4,Dangerous
98,66,6,32.9,50.2,8.2,202.6,Dangerous
31,30,192,32.9,63.5,6.0,82.0,Warning
101,72,22,10.1,51.9,8.7,259.6,Dangerous
77,3,194,21.1,53.2,7.7,268.8,Warning
93,84,139,10.8,93.9,7.1,156.1,Dangerous
74,78,192,11.6,44.5,7.1,212.3,Dangerous
93,139,76,33.4,75.4,5.0,175.0,Dangerous
66,142,28,36.9,21.0,6.1,275.7,Warning
57,82,191,12.7,48.6,5.0,35.8,Dangerous
12,21,54,14.8,69.9,4.2,223.9,Dangerous
31,53,71,26.1,92.2,8.8,37.7,Dangerous
40,33,199,41.0,89.1,6.4,163.6,Dangerous
60,143,172,17.0,86.4,6.1,44.0,Warning
99,143,112,34.3,97.3,7.3,45.1,Warning
111,41,85,26.7,24.4,4.4,164.8,Dangerous
129,98,42,20.5,88.1,7.2,253.8,Healthy
105,97,187,40.6,67.1,4.8,226.7,Dangerous
28,88,147,27.7,58.0,8.2,154.1,Dangerous
94,62,13,12.0,77.4,6.5,210.3,Dangerous
75,3,160,33.2,70.6,7.4,259.7,Warning
46,28,200,17.7,77.3,5.9,297.6,Warning
122,60,61,42.8,95.8,5.9,289.6,Dangerous
54,98,155,25.2,38.2,4.5,285.8,Dangerous
128,130,76,13.9,30.7,5.4,77.5,Dangerous
12,109,102,10.1,44.2,4.4,235.3,Dangerous
109,121,60,44.0,55.6,4.4,34.0,Dangerous
51,71,5,22.0,61.3,6.3,293.6,Warning
139,37,0,29.4,81.8,8.5,138.7,Dangerous
103,16,82,25.6,71.5,5.9,26.2,Warning
128,118,96,18.8,22.8,5.5,239.4,Warning
115,98,191,11.1,65.1,8.7,109.0,Dangerous
44,119,103,41.7,63.7,8.4,29.5,Dangerous
130,134,154,26.8,82.0,8.3,174.3,Dangerous
132,90,94,38.9,38.7,4.8,254.6,Dangerous
10,112,142,42.2,62.3,4.0,181.6,Dangerous
109,75,159,42.0,67.2,7.8,220.5,Dangerous
70,95,51,38.9,45.7,6.4,131.5,Dangerous
18,42,26,26.8,24.3,8.5,132.3,Dangerous
111,92,127,20.8,24.3,5.1,77.0,Dangerous
97,136,160,11.2,51.1,4.2,150.8,Dangerous
36,18,7,37.8,38.8,8.7,265.2,Dangerous
107,126,100,32.9,34.8,7.7,145.7,Warning
114,42,31,41.4,83.4,4.3,110.6,Dangerous
129,85,14,18.8,40.1,4.6,165.3,Dangerous
138,40,106,20.1,81.5,4.2,72.0,Dangerous
128,6,172,15.3,38.5,4.6,54.6,Dangerous
139,29,53,37.7,65.5,6.1,43.0,Warning
138,82,39,20.6,22.7,5.0,129.8,Dangerous
20,69,40,43.0,99.5,5.7,155.8,Dangerous
18,67,132,12.3,27.0,5.9,32.6,Dangerous
93,16,81,17.4,67.4,9.0,137.9,Dangerous
90,34,120,39.8,59.0,8.6,105.9,Dangerous
86,106,121,41.8,90.9,8.8,256.7,Dangerous
5,28,79,32.7,58.1,6.1,234.4,Warning
82,16,144,41.6,91.5,5.3,188.8,Dangerous
27,32,2,26.7,50.8,7.2,226.8,Warning
28,40,64,28.6,89.8,6.4,273.8,Warning
14,44,132,11.8,64.8,4.1,102.1,Dangerous
50,82,21,25.6,45.9,4.9,208.8,Dangerous
28,43,183,43.5,48.2,7.5,209.5,Dangerous
80,106,111,10.7,48.7,8.2,80.3,Dangerous
89,144,42,40.4,76.0,5.4,108.3,Dangerous
80,113,19,17.8,26.1,4.9,232.2,Dangerous
138,89,13,32.0,88.9,7.6,149.9,Warning
82,56,171,39.5,46.4,7.0,37.1,Dangerous
53,100,72,21.6,77.7,5.3,120.8,Dangerous
122,2,189,30.8,44.9,7.0,213.3,Warning
10,29,135,41.8,50.5,4.4,69.9,Dangerous
121,120,116,11.5,26.5,4.9,61.3,Dangerous
121,99,130,25.8,42.7,8.1,264.6,Dangerous
20,104,45,39.0,45.6,6.1,198.0,Dangerous
138,103,58,16.3,83.6,6.1,164.7,Warning
96,30,133,37.6,72.3,7.9,53.4,Warning
65,114,56,37.0,27.5,6.2,72.0,Warning
113,17,161,13.7,71.0,5.4,157.4,Dangerous
131,24,45,21.5,85.0,4.7,83.1,Dangerous
11,53,14,15.3,60.4,7.2,167.3,Warning
139,98,146,37.9,62.2,7.1,261.5,Warning
94,64,12,26.8,48.6,6.7,246.6,Warning
7,13,168,30.6,99.1,7.4,225.6,Warning
42,42,170,29.1,38.6,5.7,37.5,Warning
75,71,196,28.2,56.6,6.9,219.6,Healthy
41,15,100,34.2,39.7,6.7,96.0,Warning
50,24,104,19.8,98.9,5.3,229.3,Dangerous
134,86,159,31.5,57.7,8.5,54.7,Dangerous
57,50,10,21.8,85.0,5.6,107.7,Warning
94,90,164,23.0,90.2,8.2,223.0,Dangerous
126,126,76,26.8,66.9,6.4,63.1,Healthy
113,70,179,20.6,53.4,4.9,58.8,Dangerous
71,128,123,21.0,80.3,5.4,142.0,Dangerous
29,61,128,29.6,36.6,4.3,295.6,Dangerous
108,97,29,21.4,47.5,8.8,200.8,Dangerous
81,8,82,43.2,99.9,6.5,114.6,Dangerous
35,79,10,24.5,24.1,6.3,258.8,Warning
86,22,128,21.7,28.6,7.9,63.7,Warning
99,31,43,14.4,62.2,5.6,235.5,Dangerous
59,84,154,27.9,51.9,7.8,44.2,Warning
71,75,166,40.1,72.3,6.8,119.1,Dangerous
112,143,48,32.0,96.6,6.1,95.6,Warning
50,72,39,20.9,64.4,5.9,255.9,Warning
136,139,94,19.1,94.9,5.0,69.4,Dangerous
22,42,1,42.1,67.4,7.2,78.8,Dangerous
100,115,50,34.7,47.5,7.8,186.5,Warning
58,48,195,15.7,51.5,6.1,270.0,Warning
91,44,40,13.3,75.2,6.3,177.0,Dangerous
10,55,133,35.4,89.9,4.4,273.2,Dangerous
57,92,64,30.8,48.8,4.2,196.8,Dangerous
10,60,20,16.9,24.0,6.7,135.9,Warning
69,40,43,28.4,72.9,4.3,146.1,Dangerous
131,85,110,21.8,32.7,5.9,163.0,Warning
45,89,90,41.0,68.9,6.7,20.5,Dangerous
67,12,18,33.8,89.5,5.1,68.5,Dangerous
132,61,16,10.7,27.9,7.9,128.0,Dangerous
84,120,156,29.4,92.4,8.7,246.9,Dangerous
129,35,46,15.6,98.2,8.7,230.6,Dangerous
72,12,44,20.2,37.1,6.7,96.7,Warning
47,136,58,36.8,49.3,6.3,225.0,Warning
91,21,102,29.1,74.9,7.1,72.5,Warning
12,116,38,16.4,75.7,8.2,174.8,Dangerous
17,25,170,14.3,86.0,7.8,232.8,Dangerous
133,50,130,14.5,65.2,5.7,265.9,Dangerous
12,27,153,32.5,81.1,7.6,147.5,Warning
5,142,121,21.0,40.0,6.9,51.4,Warning
52,137,20,42.4,39.9,5.2,274.2,Dangerous
57,36,197,35.3,89.3,7.7,147.0,Warning
77,27,89,19.7,92.6,7.0,245.5,Warning
30,81,149,41.7,86.5,5.5,263.4,Dangerous
41,133,161,31.0,93.8,6.0,49.3,Warning
62,52,38,25.2,87.7,5.0,228.5,Dangerous
83,24,75,40.4,62.2,7.7,34.4,Dangerous
30,119,117,20.2,27.1,7.6,281.1,Warning
83,57,148,32.0,33.0,6.6,228.5,Warning
33,3,170,18.9,95.2,8.3,215.0,Dangerous
10,11,154,39.5,56.5,4.7,144.0,Dangerous
61,78,142,11.4,90.1,8.4,149.6,Dangerous
140,92,110,27.6,41.5,9.0,264.5,Dangerous
74,54,67,10.3,33.2,5.4,70.1,Dangerous
83,29,186,39.6,65.7,7.4,40.3,Dangerous
78,134,90,15.1,36.6,5.5,206.5,Warning
129,95,168,20.9,43.1,6.3,275.0,Warning
102,30,175,42.3,90.5,7.2,60.7,Dangerous
91,55,176,13.9,61.6,7.5,57.2,Dangerous
2,65,50,19.0,47.6,7.3,102.5,Warning
94,74,133,17.8,93.8,6.4,150.2,Warning
80,24,131,22.9,29.0,7.3,169.0,Warning
86,48,203,30.6,51.4,5.2,274.6,Dangerous
130,128,36,17.4,73.3,8.2,176.8,Dangerous
97,83,128,37.7,64.5,5.4,288.7,Dangerous
46,109,161,11.6,34.6,8.7,69.5,Dangerous
31,93,149,11.3,53.5,4.6,294.0,Dangerous
67,12,98,42.5,66.1,6.9,200.2,Dangerous
116,117,194,30.5,26.6,7.4,166.5,Warning
67,22,56,13.4,90.6,8.8,225.9,Dangerous
102,85,186,24.6,99.6,8.5,58.7,Dangerous
115,61,34,25.1,32.2,6.7,29.9,Warning
94,72,135,30.0,62.9,6.8,213.1,Healthy
44,93,59,14.5,94.8,5.3,45.3,Dangerous
86,9,118,41.6,80.1,5.7,158.0,Dangerous
39,123,88,31.9,92.6,7.2,121.6,Warning
29,66,20,19.1,38.1,5.6,254.2,Warning
113,114,73,36.6,99.2,7.3,164.6,Warning
59,7,37,22.2,77.5,4.3,265.1,Dangerous
139,141,116,33.9,28.1,5.2,184.7,Dangerous
13,41,64,28.6,30.1,4.9,184.9,Dangerous
13,18,166,28.4,51.5,4.5,28.0,Dangerous
8,4,61,38.9,74.2,8.3,78.9,Dangerous
0,54,94,39.3,40.6,4.4,176.4,Dangerous
89,134,50,35.7,22.1,8.3,151.0,Dangerous
78,43,152,26.2,59.0,5.3,174.8,Dangerous
21,109,150,35.4,31.4,8.1,107.2,Dangerous
94,5,172,15.4,77.1,6.1,147.3,Warning
57,116,63,15.0,62.4,5.8,240.1,Warning
75,1,10,34.5,90.7,6.7,65.1,Warning
98,11,183,29.1,39.5,8.5,246.4,Dangerous
7,92,122,31.8,79.5,8.8,213.2,Dangerous
80,15,109,43.2,26.0,4.5,142.3,Dangerous
99,1,85,18.4,46.0,4.1,173.7,Dangerous
109,74,4,23.9,50.4,7.3,252.7,Warning
126,127,165,25.6,59.4,8.6,169.8,Dangerous
77,46,111,21.5,54.4,5.2,83.9,Dangerous
133,12,104,15.0,94.3,8.9,212.4,Dangerous
4,125,91,40.3,57.4,8.1,104.4,Dangerous
29,9,89,31.9,79.4,8.0,33.0,Warning
32,39,118,36.9,76.4,7.8,283.2,Warning
138,118,14,26.7,44.2,7.0,150.7,Warning
63,64,160,29.5,72.1,8.2,169.8,Dangerous
52,13,152,19.5,20.4,7.2,22.4,Warning
93,63,139,27.0,88.1,7.9,293.6,Warning
38,41,31,26.4,24.3,4.1,194.3,Dangerous
102,34,127,21.0,67.6,8.0,121.5,Warning
31,100,13,25.9,34.1,6.3,175.1,Warning
114,70,132,26.1,32.0,9.0,46.5,Dangerous
51,128,174,31.8,74.5,8.1,200.9,Dangerous
132,117,19,13.7,41.2,8.5,181.2,Dangerous
7,99,183,38.0,93.1,7.1,96.7,Warning
25,90,68,39.8,45.7,5.0,142.2,Dangerous
106,111,132,10.4,50.4,8.3,241.9,Dangerous
115,94,180,34.7,94.5,5.9,86.5,Warning
19,140,62,14.0,93.2,4.4,52.1,Dangerous
75,125,63,30.8,46.7,5.1,192.2,Dangerous
35,19,3,37.6,51.8,7.1,178.3,Warning
136,114,12,33.4,77.9,4.0,160.9,Dangerous
17,137,124,42.9,78.2,6.9,35.4,Dangerous
58,33,152,42.8,92.2,6.2,59.8,Dangerous
92,143,60,37.5,52.6,7.8,279.8,Warning
103,48,36,38.6,53.6,6.1,91.1,Dangerous
58,122,77,38.1,32.3,7.4,219.9,Dangerous
70,28,182,20.9,76.9,7.6,207.9,Warning
12,61,149,40.0,60.9,6.8,150.6,Dangerous
42,10,96,20.4,87.6,6.5,21.0,Warning
95,54,53,40.8,35.5,8.6,135.2,Dangerous
79,80,166,38.2,80.9,5.7,266.1,Dangerous
47,1,46,23.4,65.2,5.3,211.3,Dangerous
128,137,117,28.9,52.4,5.9,88.6,Warning
127,138,70,36.9,80.2,4.9,206.9,Dangerous
140,66,32,39.8,40.3,5.3,86.7,Dangerous
57,99,201,21.6,57.0,8.0,130.7,Warning
109,14,12,34.6,85.7,5.0,242.1,Dangerous
19,51,8,18.9,68.7,7.1,255.6,Warning
81,4,75,14.1,47.0,6.1,280.6,Dangerous
111,94,20,15.2,56.0,4.8,287.6,Dangerous
49,143,34,11.4,71.2,7.0,296.4,Dangerous
133,90,147,34.8,86.5,6.2,44.4,Warning
2,143,157,42.7,93.1,8.7,175.5,Dangerous
60,91,29,33.0,39.9,5.6,185.4,Warning
85,28,68,32.5,85.3,5.4,174.0,Dangerous
1,18,126,27.3,72.8,5.4,296.6,Dangerous
70,59,46,15.3,85.3,8.3,238.6,Dangerous
38,104,170,11.4,74.1,6.2,118.6,Dangerous
117,71,97,21.2,78.3,5.1,230.1,Dangerous
28,53,65,20.8,24.3,6.7,267.1,Warning
66,133,11,25.5,92.2,4.1,291.7,Dangerous
117,119,195,19.2,86.1,5.5,108.5,Warning
41,137,154,41.4,83.4,4.4,156.8,Dangerous
72,45,3,23.4,93.5,4.9,95.1,Dangerous
13,34,197,41.4,80.6,4.6,181.0,Dangerous
100,110,68,12.9,47.4,5.9,208.0,Dangerous
82,84,174,17.0,75.8,6.6,177.5,Warning
127,32,150,38.5,90.9,4.8,34.4,Dangerous
21,114,72,23.3,77.9,6.7,179.4,Warning
1,144,64,41.1,32.8,5.5,195.3,Dangerous
111,58,151,28.1,47.7,8.2,106.9,Dangerous
130,52,20,24.6,36.3,4.3,67.4,Dangerous
94,115,76,30.0,89.2,5.9,255.7,Warning
51,137,147,19.1,96.0,6.6,54.9,Warning
60,67,25,25.8,31.6,4.9,49.8,Dangerous
78,57,21,28.3,84.1,8.9,114.8,Dangerous
133,125,58,14.4,72.6,8.5,116.3,Dangerous
140,92,74,13.1,59.4,5.0,173.1,Dangerous
79,38,184,34.3,57.4,7.0,120.2,Warning
26,25,83,11.1,45.4,6.0,108.1,Dangerous
60,15,169,17.8,30.5,6.8,198.2,Warning
2,68,14,39.5,41.2,7.6,181.8,Dangerous
116,75,3,13.2,91.4,6.7,131.6,Dangerous
55,37,146,22.5,41.5,4.3,186.8,Dangerous
49,32,79,42.5,59.8,4.1,299.6,Dangerous
131,101,106,17.2,36.5,6.2,147.1,Warning
27,80,126,23.8,74.6,4.4,283.8,Dangerous
89,3,54,37.2,56.8,4.6,143.6,Dangerous
138,14,92,44.7,52.8,4.3,142.1,Dangerous
133,125,79,25.5,72.9,5.2,230.5,Dangerous
126,60,204,32.3,75.6,6.3,270.5,Warning
66,113,14,34.6,96.5,5.7,267.1,Warning
0,84,109,17.7,87.8,6.3,131.0,Warning
74,114,89,28.4,65.3,7.9,105.2,Warning
137,62,194,17.6,86.0,7.1,40.7,Warning
31,134,99,21.5,78.3,8.2,94.8,Dangerous
103,43,77,44.9,58.4,4.4,155.6,Dangerous
120,71,98,43.2,30.6,7.7,121.1,Dangerous
116,48,76,25.0,43.7,6.9,99.6,Warning
43,38,176,16.5,65.3,8.1,254.9,Dangerous
129,111,174,28.1,51.1,7.9,171.6,Warning
30,65,73,16.5,36.9,5.0,98.2,Dangerous
79,132,122,13.7,76.3,7.6,296.7,Dangerous
42,129,2,28.2,26.0,8.5,187.0,Dangerous
81,22,56,42.8,22.7,8.8,208.6,Dangerous
125,96,18,28.9,24.1,5.3,160.8,Dangerous
43,104,77,28.7,31.0,7.2,82.3,Warning
122,145,32,14.5,99.2,8.1,147.3,Dangerous
138,35,177,39.3,71.9,6.7,173.7,Dangerous
79,128,182,25.8,88.8,7.6,185.5,Warning
46,133,89,21.4,76.3,7.5,264.0,Healthy
3,129,123,25.7,99.6,6.1,147.2,Warning
21,29,176,31.8,24.9,5.6,291.7,Warning
93,74,146,15.7,93.0,7.6,233.1,Warning
61,47,138,38.0,95.7,5.2,64.1,Dangerous
22,87,128,23.8,99.8,5.5,54.0,Warning
54,87,159,25.4,71.8,7.5,123.3,Healthy
45,45,52,10.9,61.9,7.0,189.1,Dangerous
55,145,176,34.5,81.1,4.4,263.6,Dangerous
120,102,136,37.5,73.5,7.5,199.6,Warning
18,116,159,22.0,21.0,8.6,225.3,Dangerous
17,43,23,30.0,89.0,4.6,74.3,Dangerous
129,107,192,29.6,96.9,5.7,280.4,Warning
116,76,148,42.8,20.4,6.1,58.4,Dangerous
84,38,37,28.2,60.7,4.3,141.9,Dangerous
129,77,157,26.9,26.5,7.2,224.3,Warning
135,63,23,36.8,76.8,8.3,197.5,Dangerous
34,132,188,28.6,86.9,4.5,48.5,Dangerous
71,110,140,30.6,89.7,6.8,236.3,Warning
113,88,163,28.0,85.6,8.2,208.2,Dangerous
49,47,28,36.6,36.8,7.0,254.5,Warning
72,100,32,22.6,96.7,4.3,123.3,Dangerous
109,8,200,33.0,63.0,7.7,175.5,Warning
107,121,195,32.2,83.6,5.7,42.1,Warning
47,19,57,34.8,52.9,4.4,221.8,Dangerous
116,139,160,19.5,21.6,7.9,294.6,Warning
55,30,64,18.0,51.5,8.0,104.4,Warning
54,38,71,11.1,71.2,4.1,96.4,Dangerous
2,48,169,21.0,49.6,5.9,172.6,Warning
97,36,108,32.2,79.3,7.4,215.5,Warning
27,42,10,17.2,54.6,6.7,48.9,Warning
65,112,79,28.0,86.2,8.9,182.5,Dangerous
126,81,126,44.3,88.9,5.2,282.5,Dangerous
124,67,124,44.8,35.2,8.6,258.0,Dangerous
82,120,71,35.5,57.5,6.8,208.1,Warning
100,64,53,27.9,46.8,8.0,267.3,Warning
32,20,201,35.3,39.7,7.9,260.1,Warning
19,81,111,31.0,62.5,6.6,138.2,Warning
101,114,17,31.4,50.1,8.6,255.9,Dangerous
13,50,127,26.8,34.2,8.4,276.4,Dangerous
56,86,20,32.7,83.9,5.1,47.6,Dangerous
77,135,25,28.2,58.6,5.4,31.3,Dangerous
25,33,1,20.6,98.9,7.4,152.5,Warning
61,33,143,30.6,87.2,6.4,78.5,Warning
70,17,204,42.9,90.1,6.1,235.0,Dangerous
93,44,175,24.7,74.5,7.9,74.4,Warning
19,117,2,30.4,87.9,7.9,262.3,Warning
59,110,128,44.3,26.4,4.4,145.6,Dangerous
129,73,98,25.7,64.6,6.7,227.9,Healthy
32,42,106,40.2,30.3,5.7,68.0,Dangerous
31,136,166,27.5,31.0,4.3,119.3,Dangerous
129,110,105,41.2,97.7,4.2,111.9,Dangerous
48,121,52,31.9,92.1,7.5,278.2,Warning
24,8,105,32.3,28.1,4.1,238.8,Dangerous
119,14,25,18.4,64.4,6.9,166.8,Warning
20,54,192,15.0,41.9,5.1,203.3,Dangerous
62,105,66,29.7,31.2,4.1,128.3,Dangerous
65,143,26,22.5,28.1,8.0,212.7,Warning
82,57,89,11.3,90.1,8.9,102.2,Dangerous
0,99,158,20.8,38.8,8.4,85.7,Dangerous
127,4,75,31.4,76.6,8.6,156.9,Dangerous
12,84,36,37.1,23.1,7.4,280.4,Warning
0,122,10,40.4,67.9,4.6,283.5,Dangerous
139,71,11,43.3,80.9,4.6,48.2,Dangerous
18,18,177,23.2,53.6,7.3,53.4,Warning
20,143,125,24.3,59.4,8.0,242.7,Warning
79,142,118,37.6,44.0,7.5,139.2,Warning
96,109,15,21.9,68.5,6.3,162.2,Warning
2,39,91,34.9,85.0,7.5,133.0,Warning
136,85,56,11.0,92.3,5.3,243.8,Dangerous
72,64,168,44.2,89.0,5.4,292.9,Dangerous
38,121,82,20.6,67.4,5.9,286.8,Warning
59,5,27,37.5,22.8,7.1,220.8,Warning
34,46,190,12.5,38.7,8.1,270.9,Dangerous
136,21,35,42.2,84.3,4.8,149.1,Dangerous
138,43,112,17.7,33.5,7.7,96.4,Warning
14,88,139,13.5,90.0,4.7,241.5,Dangerous
127,100,128,39.6,34.4,7.2,190.1,Dangerous
114,67,103,40.7,32.6,8.3,297.1,Dangerous
104,102,111,11.0,25.4,7.5,68.0,Dangerous
50,25,126,27.9,88.5,5.9,274.9,Warning
56,81,27,14.0,90.4,6.6,250.3,Dangerous
59,129,37,10.3,97.3,8.6,27.5,Dangerous
120,88,48,30.3,69.1,4.2,147.8,Dangerous
101,106,178,30.9,59.5,6.3,98.2,Warning
96,105,25,31.3,92.1,6.6,241.8,Warning
73,82,46,36.2,71.1,6.2,198.5,Warning
40,61,1,24.3,31.0,8.7,190.8,Dangerous
86,52,177,44.3,21.1,5.9,152.6,Dangerous
93,9,21,38.1,33.8,7.5,194.5,Dangerous
25,20,154,13.8,21.5,4.8,165.7,Dangerous
25,80,32,43.2,38.8,4.9,121.3,Dangerous
19,65,182,44.6,97.4,7.0,41.6,Dangerous
80,82,138,23.3,34.6,6.2,211.9,Warning
118,32,168,15.5,64.6,5.1,25.6,Dangerous
120,43,75,44.6,68.1,4.5,181.8,Dangerous
91,11,200,36.2,26.7,4.2,141.8,Dangerous
66,38,162,19.8,30.6,8.8,52.3,Dangerous
11,58,163,15.4,35.6,8.1,135.3,Dangerous
97,0,48,18.0,68.9,6.8,258.7,Warning
84,81,81,16.3,78.4,8.6,86.3,Dangerous
0,137,142,31.3,40.2,5.7,29.3,Warning
29,60,114,37.6,40.2,7.9,50.9,Warning
114,131,64,32.2,38.2,5.9,80.0,Warning
63,29,122,34.6,81.5,8.9,191.0,Dangerous
0,91,59,23.9,68.0,8.2,135.6,Dangerous
101,56,167,30.5,77.6,4.2,291.9,Dangerous
54,75,179,31.7,57.1,5.2,119.2,Dangerous
40,135,137,41.0,40.5,8.8,258.7,Dangerous
53,131,45,10.0,75.2,4.7,116.7,Dangerous
80,95,36,39.2,23.3,8.9,97.3,Dangerous
135,134,42,14.3,97.1,6.3,92.6,Dangerous
119,137,38,17.2,37.4,8.3,88.4,Dangerous
25,21,128,42.5,37.2,8.1,210.9,Dangerous
92,29,191,25.9,22.2,4.6,293.5,Dangerous
47,56,175,33.7,78.9,7.9,271.1,Warning
47,114,59,27.0,58.6,4.2,60.3,Dangerous
38,136,179,28.0,74.4,4.7,135.3,Dangerous
138,67,86,17.3,91.3,7.4,52.4,Warning
84,36,166,39.7,25.4,4.6,287.5,Dangerous
73,78,192,26.9,88.9,8.5,200.5,Dangerous
2,39,194,39.5,36.9,5.3,155.2,Dangerous
35,64,74,39.9,72.5,7.1,92.4,Dangerous
77,16,42,33.8,59.1,5.1,247.9,Dangerous
24,47,15,19.9,68.0,7.9,247.8,Warning
137,11,102,28.3,99.5,8.6,112.1,Dangerous
78,94,192,12.2,37.1,7.2,67.6,Dangerous
45,106,78,30.3,83.7,5.3,177.6,Dangerous
74,20,8,39.7,40.6,6.5,45.7,Dangerous
103,29,111,32.1,20.3,4.8,151.4,Dangerous
93,103,192,28.0,23.9,8.9,159.4,Dangerous
30,3,114,10.9,76.8,8.3,100.7,Dangerous
99,78,163,29.2,33.1,7.6,58.5,Warning
42,121,1,39.3,86.8,4.2,198.8,Dangerous
26,92,169,29.7,41.0,5.5,218.6,Warning
39,43,205,31.6,56.0,8.0,137.5,Warning
43,32,36,13.0,72.4,5.5,74.0,Dangerous
89,139,121,35.7,29.3,8.0,121.7,Warning
14,16,148,32.1,28.9,7.4,52.2,Warning
77,85,50,24.8,30.5,4.5,229.2,Dangerous
55,44,55,34.2,23.2,7.3,289.6,Warning
120,97,151,17.7,70.0,8.1,235.0,Dangerous
108,111,108,36.8,45.2,5.1,51.5,Dangerous
72,44,200,31.8,59.6,8.6,139.5,Dangerous
127,30,199,24.3,91.7,4.6,62.8,Dangerous
82,43,165,17.8,60.9,5.2,81.0,Dangerous
126,21,105,10.1,58.7,6.3,150.6,Dangerous
82,46,195,43.4,28.6,6.9,283.3,Dangerous
71,28,10,28.3,45.4,6.9,233.2,Warning
16,41,93,33.6,53.7,5.6,241.5,Warning
114,3,58,13.2,99.8,7.4,120.6,Dangerous
58,41,169,37.6,90.1,7.5,121.7,Warning
140,77,51,22.6,26.1,8.1,63.2,Dangerous
112,107,13,44.8,34.3,6.9,284.5,Dangerous
69,28,104,33.2,37.5,8.6,101.3,Dangerous
46,81,140,24.4,71.1,7.1,250.0,Healthy
99,37,40,39.0,38.2,6.8,295.5,Dangerous
31,143,38,44.2,90.5,5.3,201.5,Dangerous
12,66,54,41.5,77.5,7.0,152.9,Dangerous
25,116,185,24.4,56.4,4.7,191.7,Dangerous
87,86,145,28.4,58.7,5.3,22.0,Dangerous
72,91,89,18.6,26.4,7.7,172.0,Warning
4,44,122,21.0,99.9,6.8,80.3,Warning
110,0,98,33.4,28.8,4.2,289.9,Dangerous
32,32,188,20.9,48.9,8.0,268.3,Warning
44,20,154,18.2,56.3,8.1,219.2,Dangerous
21,51,132,37.0,28.0,4.7,260.1,Dangerous
27,87,107,32.7,63.2,4.8,124.4,Dangerous
110,40,133,28.8,31.4,8.5,124.0,Dangerous
80,83,9,14.8,28.5,4.3,198.9,Dangerous
108,109,34,16.8,75.7,6.4,99.0,Warning
123,9,63,35.5,61.0,8.9,77.9,Dangerous
133,103,12,25.6,39.1,8.5,50.4,Dangerous
0,34,181,19.7,25.7,5.7,66.4,Warning
86,109,122,35.0,76.0,4.4,128.6,Dangerous
0,68,161,16.1,67.3,6.5,184.8,Warning
18,140,182,12.7,67.4,8.1,94.2,Dangerous
47,40,9,28.3,55.2,6.8,96.3,Warning
111,15,143,23.9,66.7,5.9,292.8,Warning
24,37,203,21.0,28.0,4.5,61.6,Dangerous
36,127,171,25.6,82.4,7.3,70.0,Warning
68,64,47,16.3,41.3,6.4,128.0,Warning
61,70,60,43.7,97.2,5.3,48.2,Dangerous
131,38,181,38.0,94.2,8.1,61.3,Dangerous
64,118,98,17.5,86.7,6.2,129.9,Warning
118,128,24,34.0,47.5,7.0,153.0,Warning
12,20,185,25.9,28.0,5.6,42.1,Warning
139,21,148,16.1,99.5,7.1,280.2,Warning
32,134,30,15.5,20.1,5.0,220.8,Dangerous
69,27,174,20.8,41.1,6.5,255.7,Warning
22,38,140,21.6,87.5,4.4,139.0,Dangerous
56,32,35,14.6,56.0,7.1,38.5,Dangerous
97,122,185,19.0,33.3,5.5,105.9,Warning
140,19,12,43.2,91.3,5.0,135.7,Dangerous
85,139,81,18.2,73.7,7.5,74.2,Warning
118,101,9,16.9,36.4,5.3,76.0,Dangerous
88,123,46,20.0,93.2,8.4,67.4,Dangerous
35,4,15,24.5,85.8,7.6,252.0,Warning
100,88,90,28.3,25.7,5.3,281.6,Dangerous
117,39,192,15.3,82.7,8.8,90.5,Dangerous
113,138,25,34.4,24.8,8.7,66.8,Dangerous
25,16,26,34.0,77.3,6.6,116.7,Warning
87,142,186,33.6,46.2,8.4,149.9,Dangerous
18,28,146,18.0,83.7,5.5,98.1,Warning
57,89,43,31.0,28.9,5.7,233.1,Warning
104,35,34,43.5,55.4,7.2,107.1,Dangerous
38,53,98,18.2,90.2,4.9,103.2,Dangerous
100,33,76,10.3,74.8,5.8,227.4,Dangerous
29,138,196,17.6,65.4,7.3,241.5,Warning
82,64,74,36.3,44.9,7.2,147.3,Warning
111,71,14,30.2,20.5,6.6,197.0,Warning
78,40,156,19.1,97.2,8.8,175.6,Dangerous
116,7,8,35.7,50.3,7.0,60.9,Warning
25,18,131,19.7,66.0,8.9,229.8,Dangerous
66,90,187,20.5,62.8,5.1,49.5,Dangerous
106,107,203,16.3,80.5,6.4,172.2,Warning
1,82,128,10.0,24.1,8.9,28.1,Dangerous
119,29,92,40.2,49.8,6.2,183.7,Dangerous
129,92,50,43.6,49.0,4.4,230.2,Dangerous
136,48,164,41.0,80.4,6.4,154.5,Dangerous
42,90,122,41.3,57.9,8.0,86.5,Dangerous
8,59,20,15.9,35.4,4.9,44.6,Dangerous
104,94,93,35.8,85.8,7.8,163.7,Warning
65,114,146,20.5,90.9,4.9,48.4,Dangerous
121,1,53,35.7,24.1,6.7,212.0,Warning
58,105,117,35.0,70.5,8.5,169.8,Dangerous
34,21,66,22.7,89.1,6.1,291.5,Warning
132,132,73,38.2,63.2,7.3,43.7,Dangerous
91,76,125,22.3,94.7,5.1,130.0,Dangerous
28,23,108,15.3,38.3,4.1,281.6,Dangerous
102,134,84,44.7,53.5,5.3,135.3,Dangerous
123,127,66,14.4,96.6,4.5,72.6,Dangerous
121,22,118,23.6,70.3,8.1,218.7,Dangerous
7,38,142,13.0,71.4,5.0,56.4,Dangerous
90,125,41,36.0,24.1,5.4,37.7,Dangerous
48,94,25,25.1,25.4,4.6,36.1,Dangerous
11,2,134,31.7,35.2,8.0,220.5,Warning
76,133,185,36.4,70.1,7.3,150.2,Warning
29,125,30,21.4,72.7,6.0,75.2,Warning
61,67,7,25.0,98.8,5.1,184.8,Dangerous
80,22,32,23.0,44.0,7.8,44.1,Warning
20,63,45,33.8,85.9,7.3,73.5,Warning
84,116,140,27.0,89.8,8.4,116.8,Dangerous
38,85,30,25.2,53.2,4.3,185.2,Dangerous
42,27,58,14.0,89.3,7.4,146.9,Dangerous
117,57,2,19.2,47.5,8.8,282.9,Dangerous
115,32,129,32.6,79.6,7.5,249.2,Warning
46,72,184,36.1,64.1,6.9,89.2,Warning
98,140,161,18.6,35.0,4.0,35.3,Dangerous
80,131,86,14.7,94.8,6.9,212.1,Dangerous
104,34,42,21.7,33.2,8.3,256.1,Dangerous
106,118,147,11.6,27.5,5.9,270.5,Dangerous
49,131,2,13.7,66.3,8.0,194.0,Dangerous
9,66,99,36.1,37.3,4.3,215.0,Dangerous
22,7,106,10.4,88.3,6.2,63.7,Dangerous
103,111,137,10.2,69.2,8.8,285.5,Dangerous
10,48,49,31.3,86.2,5.3,37.5,Dangerous
138,55,100,14.5,54.6,4.6,24.8,Dangerous
25,80,57,15.1,45.0,8.6,42.0,Dangerous
112,137,154,20.8,70.9,5.2,88.2,Dangerous
11,37,68,16.1,45.0,6.3,99.8,Warning
93,9,100,30.0,44.5,4.9,146.9,Dangerous
84,96,58,24.1,30.8,6.8,159.9,Warning
43,67,147,38.7,78.3,7.7,96.7,Dangerous
138,77,164,26.7,81.6,5.4,151.8,Dangerous
73,25,90,41.5,49.0,6.3,221.1,Dangerous
81,140,82,30.3,47.4,7.5,85.3,Warning
18,73,125,25.6,20.1,9.0,205.6,Dangerous
131,68,37,25.4,22.7,4.1,246.7,Dangerous
88,49,118,16.8,69.7,6.6,41.4,Warning
7,84,147,27.2,33.2,4.1,125.8,Dangerous
73,3,141,32.5,72.0,7.6,121.3,Warning
119,119,32,20.4,50.5,8.2,218.1,Dangerous
13,134,168,34.5,87.7,7.2,52.7,Warning
42,81,197,34.7,89.6,9.0,128.5,Dangerous
34,114,20,19.4,65.7,4.4,269.7,Dangerous
38,52,39,20.2,33.2,8.5,85.1,Dangerous
100,30,105,42.7,69.0,5.0,288.7,Dangerous
116,26,51,36.8,98.7,8.8,30.5,Dangerous
113,81,119,13.7,93.6,6.2,124.3,Dangerous
93,34,30,30.5,96.2,4.8,131.0,Dangerous
73,132,89,15.7,30.5,8.6,250.3,Dangerous
130,49,18,32.6,35.5,8.5,34.5,Dangerous
128,57,7,31.1,46.6,6.5,163.1,Warning
75,116,172,24.6,95.6,6.8,171.0,Healthy
126,65,18,21.6,36.6,7.9,215.3,Warning
3,119,94,24.6,44.3,4.6,174.5,Dangerous
54,42,13,26.2,24.4,8.7,53.0,Dangerous
50,3,80,16.8,82.7,5.3,158.0,Dangerous
93,126,149,31.7,51.9,8.2,81.8,Dangerous
30,141,202,44.8,84.3,5.7,45.8,Dangerous
120,79,106,28.5,69.0,7.1,33.2,Healthy
98,126,64,25.4,45.1,6.2,165.0,Warning
52,32,56,43.7,29.0,6.6,212.3,Dangerous
64,29,93,21.4,70.0,5.9,24.9,Warning
67,7,92,41.5,61.9,6.5,170.2,Dangerous
37,31,80,17.3,33.0,6.0,264.9,Warning
135,27,26,18.2,63.7,5.3,114.1,Dangerous
31,131,146,15.2,62.4,6.8,291.3,Warning
110,94,68,32.9,92.7,7.5,187.9,Warning
67,118,189,33.9,63.0,6.5,185.8,Warning
95,0,149,44.1,21.6,7.9,208.3,Dangerous
87,116,195,27.3,43.1,6.4,128.2,Warning
90,11,8,23.3,80.6,5.7,160.4,Warning
100,69,36,12.2,63.9,6.8,114.9,Dangerous
131,55,155,43.1,87.0,7.0,51.0,Dangerous
109,110,121,19.1,95.6,4.1,217.0,Dangerous
20,26,76,20.2,44.0,6.9,295.0,Warning
70,58,73,24.5,75.3,6.7,121.5,Healthy
135,85,16,43.0,83.8,8.3,99.0,Dangerous
0,36,122,42.1,22.8,5.6,247.7,Dangerous
26,133,165,21.3,85.0,6.6,286.2,Warning
71,125,0,40.6,68.3,5.4,79.0,Dangerous
113,46,157,23.6,81.1,4.4,128.8,Dangerous
26,72,193,17.1,26.4,7.3,98.6,Warning
32,69,190,22.9,20.3,4.2,48.7,Dangerous
100,9,40,19.2,48.5,5.9,151.8,Warning
47,34,10,14.9,84.9,5.5,252.4,Dangerous
81,14,173,29.5,43.7,7.4,243.5,Warning
33,83,116,33.5,67.5,8.3,133.7,Dangerous
61,73,127,26.9,59.4,6.6,21.3,Healthy
115,137,105,19.5,39.6,4.0,274.8,Dangerous
117,111,200,23.9,55.9,5.3,193.9,Dangerous
49,0,167,18.0,83.1,5.1,248.7,Dangerous
12,122,50,33.8,78.4,4.3,145.5,Dangerous
62,62,21,18.9,63.7,8.3,222.3,Dangerous
8,127,82,29.5,32.1,7.2,288.3,Warning
102,10,94,21.6,60.6,7.3,215.8,Warning
122,2,40,15.1,76.0,8.6,186.2,Dangerous
119,9,175,18.6,51.7,5.3,167.9,Dangerous
105,45,141,39.8,24.2,7.3,31.8,Dangerous
114,61,110,34.7,63.6,9.0,190.0,Dangerous
117,13,86,27.3,24.5,7.3,74.9,Warning
52,82,33,44.3,86.4,4.4,287.4,Dangerous
47,26,151,36.6,39.8,6.5,254.1,Warning
99,130,137,18.2,45.7,7.8,141.2,Warning
60,111,83,36.8,86.3,8.3,59.5,Dangerous
7,75,3,16.6,68.6,5.9,30.4,Warning
21,80,170,35.8,69.7,8.0,89.1,Warning
26,138,53,32.7,87.6,6.6,173.8,Warning
19,36,192,44.9,59.6,5.9,206.2,Dangerous
111,118,152,30.2,36.3,4.1,34.8,Dangerous
37,117,86,29.8,97.0,8.2,220.7,Dangerous
23,121,95,21.0,83.3,6.3,32.7,Warning
31,96,146,32.8,53.3,7.7,121.4,Warning
131,75,108,30.0,45.8,4.4,246.7,Dangerous
36,93,37,34.9,89.1,5.7,67.5,Warning
101,53,54,38.7,45.8,8.5,61.0,Dangerous
137,139,30,21.6,89.7,4.9,275.0,Dangerous
87,109,21,39.8,47.6,6.4,87.8,Dangerous
48,0,22,15.5,60.2,8.9,206.5,Dangerous
81,6,192,29.9,47.8,4.2,247.6,Dangerous
74,44,83,16.2,39.2,7.5,42.8,Warning
21,134,144,39.2,28.9,5.2,98.1,Dangerous
123,67,197,10.5,44.6,4.9,288.6,Dangerous
93,14,92,34.6,33.3,5.1,273.1,Dangerous
15,78,42,30.0,32.6,4.7,76.9,Dangerous
75,3,182,43.8,52.2,5.0,185.6,Dangerous
132,44,134,35.8,49.8,5.1,37.6,Dangerous
6,121,140,42.0,53.1,4.7,285.7,Dangerous
30,85,121,33.1,67.6,5.5,223.9,Warning
30,44,35,37.1,79.5,6.4,286.5,Warning
51,76,171,22.2,26.3,6.0,90.8,Warning
5,71,4,12.2,95.8,8.3,66.2,Dangerous
10,78,81,20.6,84.2,5.4,101.1,Dangerous
114,128,95,27.9,38.1,8.8,139.3,Dangerous
87,102,37,15.2,75.5,8.0,240.1,Warning
82,120,186,25.4,68.6,7.8,83.1,Warning
117,0,28,43.7,38.5,6.6,57.3,Dangerous
33,140,10,22.0,64.0,4.5,30.6,Dangerous
95,131,128,38.3,59.6,5.4,281.4,Dangerous
42,23,123,23.1,45.7,6.8,166.5,Warning
61,126,85,25.6,87.6,8.3,229.2,Dangerous
97,69,0,37.7,60.6,7.1,238.9,Warning
115,5,160,21.5,86.2,4.9,167.4,Dangerous
124,80,145,24.9,89.5,5.7,70.1,Warning
90,128,165,30.8,94.7,5.1,249.8,Dangerous
51,41,186,44.1,86.1,4.9,96.8,Dangerous
8,26,33,28.6,88.5,5.4,97.2,Dangerous
59,48,111,28.2,78.9,8.1,23.2,Dangerous
98,107,140,43.8,35.4,4.5,151.4,Dangerous
97,99,166,37.6,70.9,4.1,83.4,Dangerous
94,59,49,44.4,75.0,6.5,214.6,Dangerous
126,32,53,35.2,66.5,5.8,258.5,Warning
137,20,59,27.0,89.4,6.3,55.2,Warning
73,49,189,30.8,47.3,5.6,41.9,Warning
102,102,56,25.1,92.6,6.5,227.3,Healthy
77,9,179,44.7,29.8,6.1,209.8,Dangerous
99,49,87,21.5,67.5,4.3,147.3,Dangerous
121,8,200,40.6,35.2,5.0,163.1,Dangerous
10,106,98,15.5,87.6,6.7,114.5,Warning
131,52,174,13.4,63.4,6.1,256.3,Dangerous
60,40,157,27.7,58.3,7.8,150.1,Warning
139,141,117,32.4,99.5,5.6,229.0,Warning
68,79,38,33.8,94.5,4.4,123.7,Dangerous
132,42,46,28.4,24.1,8.0,93.3,Warning
5,109,172,22.5,89.8,4.3,277.7,Dangerous
80,51,94,11.4,41.1,5.0,150.6,Dangerous
130,16,96,43.1,61.2,6.7,166.2,Dangerous
2,118,110,26.3,87.6,7.4,249.7,Warning
24,125,3,37.3,66.3,8.1,259.7,Dangerous
128,3,11,21.9,89.5,4.6,102.7,Dangerous
102,125,80,14.7,90.5,9.0,52.5,Dangerous
80,123,136,22.4,86.6,5.0,267.4,Dangerous
42,122,43,22.9,82.0,5.7,27.1,Warning
140,17,126,11.7,30.2,5.0,164.9,Dangerous
99,125,33,28.4,22.4,5.5,294.7,Warning
109,9,18,37.7,49.7,8.6,117.7,Dangerous
131,11,79,38.5,62.7,4.8,229.7,Dangerous
13,14,141,43.8,94.3,7.5,291.5,Dangerous
107,84,166,25.5,61.4,7.1,219.4,Healthy
12,4,29,44.2,74.2,7.0,290.2,Dangerous
76,94,169,20.6,67.3,8.4,32.6,Dangerous
11,109,195,15.1,94.3,5.6,238.4,Warning
106,128,50,11.5,69.2,9.0,22.6,Dangerous
104,103,53,36.7,63.8,6.5,265.8,Warning
106,123,57,41.8,50.5,7.0,232.4,Dangerous
76,92,67,30.0,70.0,4.9,279.3,Dangerous
139,41,88,11.8,99.0,8.0,291.8,Dangerous
8,110,59,43.0,90.0,7.6,83.6,Dangerous
24,25,128,20.7,88.7,5.7,80.7,Warning
91,27,191,23.9,43.5,6.0,297.3,Warning
103,132,203,24.9,29.2,7.7,199.0,Warning
62,109,122,14.7,44.5,4.2,117.4,Dangerous
16,85,28,15.0,71.8,4.1,134.6,Dangerous
36,19,181,35.6,70.5,4.1,298.3,Dangerous
104,33,119,24.9,97.0,8.7,71.2,Dangerous
69,77,195,29.7,83.5,4.5,103.8,Dangerous
110,14,27,21.8,57.8,4.0,232.7,Dangerous
100,39,184,34.0,87.9,4.6,94.6,Dangerous
119,49,138,27.0,84.3,5.6,146.5,Warning
24,23,106,34.1,45.6,4.7,256.9,Dangerous
38,111,138,10.8,80.7,6.3,35.5,Dangerous
38,50,80,41.2,62.7,5.9,284.7,Dangerous
140,129,36,27.2,70.9,8.5,41.5,Dangerous
138,138,101,16.6,93.9,6.6,34.4,Warning
123,29,113,26.6,87.6,7.7,179.2,Warning
85,123,165,20.4,25.8,6.0,259.4,Warning
70,111,175,28.8,75.6,4.4,74.1,Dangerous
63,39,101,11.7,64.7,9.0,267.8,Dangerous
77,16,73,18.4,69.0,5.3,247.6,Dangerous
78,9,116,28.0,86.4,4.4,222.0,Dangerous
127,103,3,20.5,42.6,8.8,28.4,Dangerous
72,97,103,23.5,25.8,8.2,87.1,Dangerous
132,17,116,34.8,57.4,5.9,227.7,Warning
121,82,205,36.6,45.8,9.0,93.6,Dangerous
34,32,33,25.2,54.1,6.6,152.1,Warning
106,67,45,28.4,80.1,7.0,235.3,Healthy
85,34,142,17.7,48.7,5.1,279.0,Dangerous
75,76,160,13.2,38.0,6.8,130.8,Dangerous
20,5,118,44.3,77.1,4.9,25.1,Dangerous
13,113,74,41.8,83.4,7.5,110.0,Dangerous
2,101,88,43.9,29.7,8.0,186.8,Dangerous
35,10,170,31.7,57.5,5.1,285.6,Dangerous
56,59,168,18.4,80.4,6.1,21.3,Warning
39,40,92,13.6,75.4,6.5,196.4,Dangerous
67,17,151,17.3,65.0,7.5,195.3,Warning
133,16,61,36.2,32.3,4.8,82.8,Dangerous
84,18,149,11.9,98.6,6.3,282.0,Dangerous
107,68,94,22.7,93.7,8.9,97.9,Dangerous
26,10,55,43.3,63.8,7.2,167.3,Dangerous
133,107,171,43.3,51.6,4.7,50.4,Dangerous
11,57,20,38.9,41.0,5.5,264.2,Dangerous
78,86,86,20.1,29.7,5.4,33.4,Dangerous
3,110,50,23.7,33.5,5.3,254.9,Dangerous
52,132,85,17.8,20.4,5.7,269.8,Warning
95,31,178,16.1,98.6,6.5,160.0,Warning
4,63,202,13.5,32.9,8.9,205.1,Dangerous
41,54,43,34.6,36.1,5.7,198.1,Warning
62,9,53,42.1,36.0,7.3,225.5,Dangerous
71,25,129,15.9,94.3,5.4,33.2,Dangerous
64,56,80,34.7,36.0,5.2,51.6,Dangerous
29,0,120,14.2,35.5,5.7,123.1,Dangerous
114,137,193,36.9,64.2,5.2,239.1,Dangerous
9,91,100,14.2,54.0,6.7,47.9,Dangerous
121,50,96,22.4,75.2,5.7,56.8,Warning
16,134,75,13.8,94.3,4.5,237.7,Dangerous
4,59,113,27.3,97.9,6.0,202.8,Warning
112,104,180,27.6,46.2,8.4,160.1,Dangerous
89,97,63,26.3,92.6,8.0,158.2,Warning
90,136,199,11.1,37.6,8.8,187.5,Dangerous
117,133,150,38.9,54.9,8.4,64.3,Dangerous
36,0,8,30.3,91.5,7.5,166.4,Warning
109,95,116,12.6,56.3,5.8,145.5,Dangerous
7,94,6,40.9,54.2,4.8,234.4,Dangerous
25,133,73,19.3,57.8,8.4,196.6,Dangerous
117,97,202,31.0,72.1,8.6,21.8,Dangerous
93,68,29,40.6,61.0,5.1,207.5,Dangerous
95,102,16,19.4,89.2,6.4,154.6,Warning
56,47,78,32.7,46.7,6.2,144.4,Warning
22,139,99,32.4,74.9,5.6,299.9,Warning
107,4,119,15.3,43.5,5.6,265.8,Warning
99,32,53,34.4,21.8,4.4,138.7,Dangerous
24,43,78,42.9,26.7,7.0,202.5,Dangerous
18,78,32,17.5,74.7,6.9,164.3,Warning
71,71,139,40.6,90.6,5.5,251.8,Dangerous
42,21,171,15.1,70.9,8.2,259.9,Dangerous
64,110,80,31.1,52.3,5.5,152.8,Warning
27,9,79,43.2,95.5,9.0,157.4,Dangerous
106,48,47,29.9,91.6,5.9,137.4,Warning
49,9,148,13.9,87.5,5.7,196.9,Dangerous
68,56,73,42.4,97.1,7.2,291.9,Dangerous
76,116,156,42.2,37.0,8.2,151.0,Dangerous
32,19,188,12.2,50.1,5.6,199.7,Dangerous
61,135,84,15.3,30.1,5.8,185.5,Warning
98,88,197,14.1,96.9,4.9,117.1,Dangerous
9,95,17,26.5,37.3,4.2,71.6,Dangerous
42,77,14,12.8,79.4,6.3,140.2,Dangerous
42,120,3,10.1,97.0,4.2,187.5,Dangerous
89,93,161,40.9,98.1,7.6,196.2,Dangerous
75,123,201,11.1,65.8,7.4,259.3,Dangerous
76,1,21,23.6,81.7,5.5,177.1,Warning
70,118,183,30.5,41.1,5.0,46.4,Dangerous
92,24,7,22.3,55.1,6.8,157.1,Warning
63,29,30,18.1,97.1,7.5,44.7,Warning
138,61,39,17.4,61.8,7.8,183.5,Warning
4,144,166,18.3,53.8,6.6,70.7,Warning
25,75,77,40.9,55.5,6.2,197.3,Dangerous
77,92,196,18.6,20.9,4.4,95.1,Dangerous
60,45,91,31.1,92.9,7.0,109.0,Warning
36,110,163,28.5,66.9,8.3,179.7,Dangerous
16,61,110,43.2,48.0,9.0,62.5,Dangerous
103,53,192,20.5,99.8,8.5,127.7,Dangerous
106,127,59,37.3,47.5,5.5,268.8,Warning
40,30,33,16.3,45.1,5.5,185.5,Warning
102,2,127,27.7,78.8,7.3,153.6,Warning
107,96,78,18.3,39.9,6.7,265.1,Warning
27,11,126,14.8,40.6,8.4,20.7,Dangerous
140,3,204,12.5,20.3,8.5,188.5,Dangerous
78,50,196,35.8,23.5,7.7,243.6,Warning
112,64,94,20.4,98.3,5.0,125.7,Dangerous
126,13,12,45.0,72.7,8.3,197.1,Dangerous
10,51,41,26.0,96.6,4.9,148.4,Dangerous
118,45,151,32.2,33.3,4.6,277.3,Dangerous
87,3,190,27.7,31.8,7.0,256.1,Warning
88,3,54,40.7,24.7,5.7,132.4,Dangerous
46,98,44,39.4,77.6,8.3,297.0,Dangerous
12,138,97,19.2,69.9,8.4,86.8,Dangerous
134,100,156,35.0,45.7,5.0,165.1,Dangerous
88,53,172,43.3,46.9,8.0,254.2,Dangerous
66,75,82,35.1,83.4,5.9,80.7,Warning
8,132,146,22.2,87.9,4.6,199.2,Dangerous
115,35,181,16.0,26.0,5.9,66.2,Warning
24,19,35,37.7,82.1,8.7,110.1,Dangerous
37,102,138,25.7,85.4,4.6,221.3,Dangerous
54,131,155,23.5,31.1,8.8,109.8,Dangerous
117,113,112,13.5,61.9,4.3,179.3,Dangerous
24,44,88,44.3,27.5,8.8,72.9,Dangerous
50,49,18,31.1,47.5,5.9,119.0,Warning
55,34,18,15.5,92.5,8.4,162.9,Dangerous
10,121,77,38.4,94.1,5.5,101.7,Dangerous
140,41,58,30.8,75.4,6.0,196.3,Warning
38,28,164,43.3,65.2,7.3,240.2,Dangerous
5,36,156,13.9,70.1,5.9,68.0,Dangerous
85,136,58,12.2,55.7,5.7,183.2,Dangerous
15,6,76,11.4,87.4,7.8,221.7,Dangerous
57,86,34,33.1,62.1,7.8,115.1,Warning
38,96,182,39.1,43.1,7.4,202.4,Dangerous
4,100,163,25.0,28.2,5.0,145.7,Dangerous
77,127,81,40.4,94.2,9.0,224.6,Dangerous
112,140,6,22.6,67.3,5.0,146.9,Dangerous
91,11,183,34.8,88.0,5.3,34.4,Dangerous
11,61,154,23.3,23.7,6.0,141.2,Warning
90,32,194,19.8,83.8,5.9,120.6,Warning
50,83,61,25.9,20.9,6.0,57.6,Warning
91,60,83,34.1,52.3,5.9,63.4,Warning
130,48,55,41.1,91.7,4.3,222.4,Dangerous
88,18,91,13.1,64.7,5.4,51.7,Dangerous
0,136,55,24.1,46.7,5.2,128.9,Dangerous
82,140,63,27.9,44.2,6.5,94.4,Warning
16,136,157,42.7,52.4,5.6,203.6,Dangerous
41,123,115,12.8,52.4,6.1,83.7,Dangerous
0,127,67,39.4,26.6,6.4,51.5,Dangerous
85,73,179,43.3,24.8,6.6,112.9,Dangerous
59,131,31,20.0,22.9,5.8,61.9,Warning
18,26,10,28.1,31.9,7.8,25.5,Warning
33,63,171,20.7,70.4,8.3,130.1,Dangerous
68,110,52,28.4,85.0,4.8,50.3,Dangerous
30,56,113,19.6,22.7,4.0,274.7,Dangerous
134,108,13,12.8,93.7,6.0,209.9,Dangerous
120,97,82,35.4,93.7,7.7,54.2,Warning
72,114,6,44.3,44.6,4.8,177.6,Dangerous
58,133,156,15.7,35.3,7.5,71.0,Warning
131,134,131,37.6,86.6,4.9,142.0,Dangerous
91,127,136,43.8,89.5,8.4,94.7,Dangerous
13,85,99,29.8,62.4,7.6,154.0,Warning
20,70,140,28.4,34.5,4.4,151.1,Dangerous
5,40,100,35.9,26.6,7.6,154.1,Warning
28,114,180,29.1,85.8,6.2,20.3,Warning
57,45,83,15.3,51.7,5.4,162.3,Dangerous
8,139,194,18.3,73.0,5.1,150.4,Dangerous
23,137,39,33.8,76.7,7.7,38.8,Warning
129,101,92,18.1,68.0,5.0,178.0,Dangerous
134,33,96,36.8,85.2,5.2,195.0,Dangerous
131,70,126,13.7,38.7,7.1,23.9,Dangerous
2,101,78,33.0,71.8,8.6,110.4,Dangerous
118,93,144,18.0,67.3,7.0,144.1,Warning
53,59,178,31.2,94.4,7.8,286.8,Warning
129,60,205,19.1,87.6,7.9,58.8,Warning
51,30,27,16.7,63.3,5.8,213.2,Warning
111,122,83,20.7,25.1,8.0,94.3,Warning
3,133,66,12.1,88.9,7.8,197.6,Dangerous
39,69,190,31.8,38.8,5.0,134.3,Dangerous
71,119,135,33.8,77.1,7.9,208.2,Warning
40,145,96,37.1,98.7,4.8,268.9,Dangerous
100,5,58,13.4,39.8,5.3,20.3,Dangerous
88,92,31,19.0,24.7,6.8,51.5,Warning
36,14,62,27.9,85.5,4.9,159.1,Dangerous
45,53,106,21.4,23.9,8.3,124.5,Dangerous
50,136,148,17.6,40.9,5.0,80.6,Dangerous
136,126,4,41.1,26.8,8.0,279.5,Dangerous
46,89,148,30.9,67.4,8.4,34.7,Dangerous
94,121,89,18.3,79.7,8.5,238.4,Dangerous
119,96,124,27.4,97.0,6.8,140.7,Healthy
94,40,62,40.8,37.3,5.7,102.6,Dangerous
47,0,182,33.4,58.5,4.6,206.9,Dangerous
99,92,182,12.2,81.5,8.7,85.8,Dangerous
33,110,58,13.2,68.1,8.2,121.3,Dangerous
105,125,29,36.6,97.8,8.9,242.8,Dangerous
48,62,174,37.2,72.6,4.3,230.8,Dangerous
2,114,122,15.8,83.0,7.4,181.8,Warning
34,15,193,43.9,22.7,8.3,112.7,Dangerous
128,48,26,34.7,54.6,6.4,262.9,Warning
79,66,192,21.9,24.2,7.8,215.7,Warning
99,73,124,39.4,60.1,8.7,155.9,Dangerous
51,62,5,32.8,98.2,8.6,89.9,Dangerous
0,118,127,37.8,42.6,5.8,202.8,Warning
61,64,146,16.4,71.6,4.8,146.2,Dangerous
118,41,179,35.7,47.5,4.6,216.8,Dangerous
46,93,182,27.1,49.9,6.3,275.8,Warning
75,22,46,17.8,52.2,5.6,293.5,Warning
93,10,150,29.1,20.0,4.9,43.9,Dangerous
126,86,34,29.8,26.9,4.5,64.3,Dangerous
99,97,106,29.7,46.6,8.6,26.4,Dangerous
14,44,58,28.1,54.5,8.0,20.6,Warning
39,114,186,37.6,85.6,4.1,187.5,Dangerous
26,22,50,29.5,58.1,5.6,288.6,Warning
56,93,121,14.7,90.1,4.0,219.2,Dangerous
58,116,44,43.8,61.9,8.5,25.8,Dangerous
106,70,26,27.4,51.3,4.6,168.6,Dangerous
94,7,62,31.5,71.2,9.0,209.8,Dangerous
138,66,59,20.1,97.3,6.6,171.0,Healthy
27,32,132,19.3,64.8,5.5,182.3,Warning
33,142,199,13.2,81.8,5.8,105.9,Dangerous
79,111,29,23.4,72.3,5.7,72.3,Warning
31,91,16,20.0,65.3,8.4,282.8,Dangerous
45,31,121,28.5,68.0,7.9,151.1,Warning
53,96,195,30.8,82.3,5.4,37.7,Dangerous
101,102,195,15.8,41.4,8.2,135.2,Dangerous
69,103,71,27.9,56.1,5.4,48.7,Dangerous
38,15,179,21.8,98.1,6.1,20.7,Warning
98,8,200,38.0,21.2,5.5,62.7,Warning
88,10,1,12.5,67.8,6.0,105.9,Dangerous
137,94,188,39.3,85.2,7.0,275.1,Dangerous
43,123,144,42.5,24.3,4.6,36.5,Dangerous
96,104,79,37.0,35.3,8.2,124.6,Dangerous
132,140,145,25.8,32.2,6.1,138.9,Warning
99,111,181,40.3,50.4,8.5,137.1,Dangerous
46,16,110,21.3,42.8,4.0,224.2,Dangerous
73,34,139,34.0,96.8,8.8,123.7,Dangerous
68,108,114,23.5,56.2,6.2,130.3,Healthy
74,6,104,23.1,97.9,8.8,94.6,Dangerous
128,59,53,10.1,95.2,8.3,63.7,Dangerous
108,115,47,40.7,59.9,5.0,31.4,Dangerous
43,70,177,41.5,86.0,6.7,269.1,Dangerous
37,119,72,40.1,51.1,5.8,143.0,Dangerous
45,22,192,44.0,45.0,6.2,188.4,Dangerous
5,65,144,36.6,64.5,4.6,32.4,Dangerous
32,16,170,16.0,72.1,6.9,137.0,Warning
101,94,193,26.6,83.2,8.8,129.5,Dangerous
89,19,60,35.2,55.0,7.1,217.8,Warning
3,130,38,31.0,38.3,6.8,52.1,Warning
109,122,51,14.1,69.1,5.2,294.4,Dangerous
40,143,37,35.5,81.0,8.1,117.2,Dangerous
126,130,138,18.3,22.7,7.4,71.5,Warning
135,50,19,36.5,83.5,8.9,198.2,Dangerous
73,80,182,36.2,82.3,6.4,65.1,Warning
123,28,185,20.3,35.5,4.4,299.6,Dangerous
71,117,88,15.9,85.8,4.7,297.8,Dangerous
109,58,125,11.2,21.5,5.1,117.1,Dangerous
115,73,162,23.8,72.7,8.1,299.6,Dangerous
69,85,93,16.4,54.8,4.8,227.2,Dangerous
116,38,90,21.6,98.0,6.7,205.4,Warning
13,129,67,16.4,49.4,7.4,126.0,Warning
62,75,28,38.2,54.5,8.7,206.0,Dangerous
32,74,7,12.7,80.7,5.5,22.1,Dangerous
92,2,26,25.7,44.5,6.5,229.0,Warning
64,35,50,19.8,53.0,4.8,263.4,Dangerous
119,53,107,16.5,45.4,7.7,112.7,Warning
41,65,195,15.5,98.6,9.0,169.1,Dangerous
102,74,36,36.5,61.3,6.8,155.3,Warning
43,100,167,25.4,51.3,5.4,202.5,Dangerous
55,15,86,29.1,47.9,4.3,266.5,Dangerous
123,56,185,38.5,61.9,8.9,234.4,Dangerous
121,73,118,33.5,26.3,5.9,261.5,Warning
127,101,51,20.9,73.4,4.7,208.4,Dangerous
14,91,168,34.6,58.1,7.5,130.2,Warning
75,31,142,15.4,79.7,8.3,202.3,Dangerous
126,88,72,28.3,66.1,6.0,188.4,Healthy
125,57,92,38.1,91.7,6.6,154.6,Dangerous
118,139,125,27.4,49.3,4.7,22.7,Dangerous
120,141,150,20.3,64.3,5.7,201.0,Warning
2,30,157,35.9,23.7,6.2,220.4,Warning
18,143,36,23.0,47.6,5.4,289.6,Dangerous
119,116,128,26.4,51.0,6.5,54.3,Healthy
43,6,77,24.0,38.4,5.6,96.5,Warning
87,127,59,28.5,68.4,6.6,112.0,Healthy
135,19,173,17.4,33.6,8.6,232.6,Dangerous
12,95,93,17.4,61.3,5.5,247.6,Warning
53,100,57,38.3,60.9,5.9,181.0,Dangerous
27,31,55,20.7,51.4,8.3,289.3,Dangerous
52,105,132,33.0,51.3,6.7,153.2,Warning
107,71,10,36.3,70.2,7.5,108.3,Warning
66,75,115,33.3,35.1,8.6,21.2,Dangerous
31,16,48,36.2,90.6,5.8,55.6,Warning
104,22,155,22.4,31.9,6.5,21.1,Warning
133,63,182,16.8,29.8,6.8,66.2,Warning
67,79,54,39.1,73.2,4.8,250.1,Dangerous
49,126,125,25.3,47.3,6.3,49.4,Warning
96,30,150,11.9,34.2,6.6,153.7,Dangerous
81,83,59,44.5,85.2,4.1,163.2,Dangerous
75,128,72,38.0,74.2,6.9,211.7,Warning
88,99,3,28.4,38.0,7.5,31.1,Warning
134,86,24,39.5,42.7,6.5,177.3,Dangerous
47,140,186,15.4,66.5,5.6,116.8,Warning
48,113,46,39.7,37.8,4.5,118.1,Dangerous
19,28,39,18.9,41.3,7.7,108.8,Warning
25,109,28,22.0,88.7,8.5,112.8,Dangerous
49,2,205,44.5,99.1,6.2,91.4,Dangerous
67,132,30,18.4,48.8,8.4,84.5,Dangerous
119,117,87,43.8,37.2,6.0,295.6,Dangerous
98,62,86,10.0,45.8,7.2,55.2,Dangerous
127,119,139,38.9,77.3,6.3,193.6,Dangerous
70,25,100,16.9,41.6,8.1,186.4,Dangerous
139,20,179,28.8,78.4,8.0,84.6,Warning
9,4,174,25.5,23.4,7.7,128.0,Warning
57,24,99,36.5,93.2,7.1,226.8,Warning
66,76,172,29.2,64.2,8.0,243.5,Warning
11,68,85,23.4,42.8,7.3,268.4,Warning
135,116,169,33.9,87.1,8.1,244.8,Dangerous
87,3,156,43.1,37.4,6.3,179.5,Dangerous
100,86,180,34.1,53.8,7.3,48.3,Warning
26,43,18,31.1,91.1,4.8,93.8,Dangerous
70,95,128,39.6,21.3,8.6,226.7,Dangerous
20,37,129,26.0,59.6,5.5,264.5,Warning
89,126,40,36.1,67.1,6.2,177.2,Warning
28,35,143,27.1,94.8,7.2,96.9,Warning
81,17,144,37.8,29.1,7.8,153.7,Warning
63,80,104,11.2,55.9,4.7,252.2,Dangerous
90,25,38,19.4,64.9,4.7,149.6,Dangerous
88,120,99,29.5,28.0,4.2,167.5,Dangerous
133,6,128,36.1,95.6,6.3,67.0,Warning
87,46,160,22.4,98.9,8.0,233.3,Warning
108,72,116,39.4,28.8,8.6,114.2,Dangerous
128,39,21,22.3,20.9,5.2,45.6,Dangerous
35,128,174,10.4,56.1,4.1,91.4,Dangerous
11,127,151,18.7,21.3,7.3,262.0,Warning
10,75,14,31.5,77.9,5.0,260.3,Dangerous
6,33,182,41.2,77.0,7.3,296.4,Dangerous
51,17,153,25.5,56.1,6.0,168.1,Warning
90,30,121,11.9,86.6,6.8,115.9,Dangerous
37,145,112,17.6,40.3,4.1,244.7,Dangerous
54,20,124,38.3,66.2,5.0,105.8,Dangerous
86,57,57,29.4,37.6,7.9,186.7,Warning
31,3,39,15.1,77.6,5.1,184.4,Dangerous
46,48,142,30.5,44.0,6.2,41.8,Warning
106,8,137,14.0,49.1,7.7,252.4,Dangerous
16,130,50,33.1,92.8,7.3,61.6,Warning
27,105,59,15.3,99.4,8.1,187.2,Dangerous
22,107,107,27.4,53.4,6.1,103.8,Warning
87,92,91,10.7,41.7,6.4,172.8,Dangerous
124,111,96,27.6,64.6,4.8,193.4,Dangerous
133,85,177,20.8,80.7,5.7,128.7,Warning
25,49,148,39.4,37.3,4.7,53.8,Dangerous
66,49,96,20.4,65.8,8.8,192.8,Dangerous
131,127,183,19.2,96.5,5.4,284.3,Dangerous
67,66,79,21.7,48.3,4.7,254.4,Dangerous
92,30,33,39.0,31.8,8.7,143.1,Dangerous
1,106,187,35.5,87.3,4.2,186.2,Dangerous
43,72,1,24.7,90.8,4.8,241.3,Dangerous
1,94,184,14.6,57.7,7.1,144.0,Dangerous
24,31,170,16.3,50.0,7.1,249.2,Warning
75,133,8,22.6,52.1,6.8,290.1,Warning
3,28,148,31.6,72.4,6.4,36.9,Warning
114,68,199,36.4,44.9,8.7,39.5,Dangerous
100,67,36,37.0,60.1,4.9,174.4,Dangerous
43,61,15,21.4,47.7,6.7,89.8,Warning
1,141,132,38.3,71.7,4.7,60.9,Dangerous
32,68,63,37.8,69.0,8.1,297.7,Dangerous
45,61,3,12.1,37.8,7.2,85.4,Dangerous
134,34,80,15.6,97.8,5.3,249.5,Dangerous
125,71,125,42.9,28.1,7.3,141.3,Dangerous
38,91,164,37.3,39.6,8.7,115.2,Dangerous
48,50,179,12.4,79.5,5.4,199.0,Dangerous
51,126,35,22.2,69.3,5.7,84.1,Warning
45,94,143,11.1,86.9,4.6,82.0,Dangerous
117,68,128,35.9,91.8,8.9,97.0,Dangerous
11,61,81,21.9,98.4,7.8,121.4,Warning
117,87,100,39.0,47.5,6.0,276.3,Dangerous
51,29,190,18.7,73.3,8.0,261.2,Warning
15,73,107,32.4,29.5,4.1,45.8,Dangerous
134,116,61,24.6,59.6,7.6,74.6,Warning
78,122,107,13.5,94.1,7.7,235.8,Dangerous
32,19,123,29.3,53.6,6.3,64.9,Warning
78,1,181,37.5,64.3,7.2,284.1,Warning
134,2,35,15.8,65.8,6.5,285.0,Warning
123,141,199,27.6,80.7,6.6,203.1,Healthy
92,9,60,40.5,42.4,6.2,187.0,Dangerous
103,134,134,30.7,53.8,6.8,260.7,Warning
61,144,122,43.9,25.2,5.3,235.0,Dangerous
43,16,131,21.2,31.6,6.2,236.3,Warning
54,16,50,13.1,71.8,4.3,256.0,Dangerous
35,129,149,22.2,71.5,8.3,282.6,Dangerous
10,19,123,39.1,73.3,5.6,81.9,Dangerous
83,65,31,33.1,45.2,5.1,152.7,Dangerous
113,51,64,27.9,93.8,5.0,191.8,Dangerous
140,57,20,13.6,98.1,8.2,34.3,Dangerous
80,75,154,42.5,65.6,6.1,287.9,Dangerous
126,27,23,39.3,32.4,6.7,43.2,Dangerous
47,33,5,17.5,26.1,8.6,184.7,Dangerous
32,7,67,44.9,56.2,8.9,217.7,Dangerous
31,50,10,38.9,53.4,5.5,184.8,Dangerous
108,57,87,44.9,60.2,8.9,69.4,Dangerous
2,125,143,39.8,85.2,4.2,297.0,Dangerous
131,107,27,26.8,32.2,8.1,193.5,Dangerous
117,114,174,35.8,48.3,4.2,101.3,Dangerous
74,118,38,11.6,39.1,4.9,167.4,Dangerous
85,64,137,23.1,44.4,8.6,88.4,Dangerous
16,52,9,29.7,57.0,8.4,121.8,Dangerous
19,56,154,16.4,87.2,5.6,89.9,Warning
58,137,102,16.9,66.9,4.7,38.3,Dangerous
55,69,80,22.9,77.3,6.2,216.9,Healthy
6,74,158,17.8,45.9,5.1,238.5,Dangerous
61,14,183,14.6,30.8,8.7,206.5,Dangerous
61,9,57,19.4,94.7,4.5,72.6,Dangerous
2,56,34,14.8,38.1,7.0,154.5,Dangerous
36,71,184,41.9,70.8,8.8,144.7,Dangerous
120,76,47,27.2,51.6,8.9,273.6,Dangerous
120,39,139,44.7,27.1,6.0,22.7,Dangerous
57,140,10,16.4,75.1,6.6,222.7,Warning
81,113,190,12.6,85.8,6.2,77.9,Dangerous
5,45,27,19.2,72.7,8.7,33.9,Dangerous
44,139,106,28.2,28.6,5.9,294.9,Warning
136,18,190,18.7,52.1,8.5,156.9,Dangerous
71,94,137,27.5,80.6,5.7,151.2,Warning
135,96,69,29.6,29.7,5.0,280.7,Dangerous
3,66,142,14.9,82.6,5.1,57.2,Dangerous
36,61,164,26.4,24.6,5.5,177.8,Warning
7,43,113,11.3,89.2,4.4,95.7,Dangerous
8,4,166,14.0,27.5,8.3,276.1,Dangerous
69,68,164,34.5,93.4,4.5,109.1,Dangerous
114,87,94,25.2,26.2,6.2,206.6,Warning
125,17,196,35.6,42.1,5.3,106.5,Dangerous
70,136,30,37.8,34.0,4.3,202.3,Dangerous
33,89,108,41.6,56.4,4.9,274.6,Dangerous
84,121,6,44.2,23.1,7.9,88.1,Dangerous
69,25,19,18.7,23.2,4.9,89.9,Dangerous
84,86,2,35.8,44.5,4.3,162.2,Dangerous
90,134,159,25.4,78.9,5.4,244.2,Dangerous
91,105,22,41.4,83.9,6.7,139.9,Dangerous
8,26,72,38.0,98.7,5.6,222.2,Warning
55,105,60,41.9,57.0,5.3,286.0,Dangerous
78,136,11,32.9,84.9,8.5,68.9,Dangerous
38,142,89,25.0,23.3,5.3,243.6,Dangerous
95,109,202,43.8,31.7,6.3,34.8,Dangerous
1,120,96,40.3,24.5,8.4,85.1,Dangerous
122,97,84,25.4,59.8,7.5,256.5,Healthy
13,21,177,29.9,41.5,7.2,270.1,Warning
39,134,41,36.0,43.8,5.2,59.6,Dangerous
19,105,39,28.1,22.2,6.9,250.8,Warning
96,19,171,42.0,58.4,4.7,50.1,Dangerous
69,137,138,23.2,87.7,6.5,237.7,Healthy
117,97,40,35.4,51.9,9.0,205.5,Dangerous
9,112,130,26.6,82.7,6.9,36.9,Warning
45,129,56,37.1,46.8,7.0,178.0,Warning
21,29,204,43.6,85.5,7.3,34.1,Dangerous
54,11,70,43.1,39.5,6.3,191.4,Dangerous
61,96,146,38.1,56.4,7.3,136.1,Dangerous
22,47,166,40.9,62.4,8.9,269.5,Dangerous
111,18,140,28.8,33.8,5.9,293.8,Warning
62,4,152,32.1,58.5,4.4,182.6,Dangerous
101,72,65,32.6,97.5,8.4,149.0,Dangerous
62,33,40,27.4,27.6,4.1,66.4,Dangerous
34,57,73,25.4,91.6,4.8,211.7,Dangerous
5,121,38,27.0,62.2,6.4,157.7,Warning
8,76,99,28.2,47.3,8.8,109.3,Dangerous
15,143,52,39.9,81.3,5.9,22.9,Dangerous
136,63,138,33.9,81.6,4.4,153.6,Dangerous
39,82,21,36.2,70.4,6.4,67.3,Warning
74,18,49,30.9,54.8,6.5,55.6,Warning
26,123,53,22.7,25.3,5.5,202.2,Warning
91,41,24,17.6,54.3,6.0,108.3,Warning
18,46,28,28.7,62.1,8.0,31.0,Warning
73,44,55,36.8,21.0,8.0,96.4,Warning
35,39,158,31.5,48.8,4.8,132.6,Dangerous
39,112,111,20.5,70.7,7.3,176.9,Warning
107,31,185,21.2,98.7,4.6,93.5,Dangerous
8,97,164,32.7,86.4,8.8,198.1,Dangerous
99,54,55,33.7,36.4,6.5,88.6,Warning
30,95,26,36.5,86.9,6.0,205.4,Warning
61,96,88,28.2,51.2,7.1,163.2,Healthy
90,55,113,12.5,42.6,8.6,162.6,Dangerous
54,53,112,35.3,76.1,5.0,274.6,Dangerous
1,97,205,17.7,33.9,6.0,274.2,Warning
134,55,14,43.7,50.7,6.0,282.6,Dangerous
45,35,16,38.8,51.1,8.1,234.3,Dangerous
100,78,129,39.0,77.1,7.8,85.7,Dangerous
130,64,129,32.2,94.9,5.5,282.5,Warning
6,116,5,33.1,96.7,5.3,225.9,Dangerous
1,51,163,10.9,86.6,4.6,52.6,Dangerous
48,136,95,18.4,60.1,8.1,21.8,Dangerous
8,8,39,38.8,74.2,4.7,160.1,Dangerous
84,115,53,17.8,45.0,6.4,209.2,Warning
30,109,203,11.6,66.2,4.6,133.4,Dangerous
115,135,35,29.9,52.9,5.8,139.6,Warning
19,79,85,35.6,64.7,7.8,127.6,Warning
118,28,58,22.4,20.3,6.9,170.9,Warning
13,62,162,43.5,66.7,5.2,261.3,Dangerous
64,24,90,32.3,92.2,5.9,152.2,Warning
78,117,169,26.2,51.8,6.3,203.1,Healthy
130,37,31,24.2,51.5,6.1,35.0,Warning
137,19,166,11.0,71.5,5.5,27.8,Dangerous
18,145,80,28.2,37.8,6.5,75.8,Warning
10,59,167,28.5,26.2,7.5,184.5,Warning
4,62,97,42.9,86.5,4.4,122.0,Dangerous
97,104,173,24.7,38.3,7.7,135.2,Warning
52,88,136,27.5,58.9,8.0,284.3,Warning
115,131,90,39.5,88.1,5.8,295.7,Dangerous
69,142,126,39.8,75.8,7.1,135.3,Dangerous
93,138,85,25.7,38.7,8.7,243.0,Dangerous
17,1,71,26.9,80.8,8.6,30.7,Dangerous
56,77,48,13.5,25.5,5.8,115.2,Dangerous
68,59,55,23.6,72.3,5.2,209.8,Dangerous
17,114,121,35.3,28.4,6.4,53.7,Warning
40,16,16,10.4,40.1,5.0,36.9,Dangerous
133,1,135,21.7,32.6,7.7,186.3,Warning
29,41,18,14.8,40.8,9.0,44.7,Dangerous
113,108,50,41.5,34.0,7.2,212.0,Dangerous
108,127,124,19.7,37.1,5.0,264.8,Dangerous
109,91,112,34.4,52.9,8.6,245.9,Dangerous
109,91,181,39.6,40.4,6.5,258.5,Dangerous
58,111,118,16.5,74.7,5.6,169.8,Warning
126,51,33,43.8,84.8,5.7,62.8,Dangerous
52,34,189,18.3,44.4,4.3,50.6,Dangerous
50,94,173,43.5,77.2,5.1,264.7,Dangerous
132,55,168,22.2,88.5,4.2,27.2,Dangerous
34,18,117,34.2,87.4,6.0,78.8,Warning
127,119,119,15.6,51.2,7.0,25.6,Warning
64,125,144,20.9,86.6,6.9,177.6,Healthy
139,61,54,11.3,98.2,4.7,211.8,Dangerous
9,111,23,15.5,24.8,7.3,267.5,Warning
43,126,19,25.9,80.6,4.9,28.3,Dangerous
91,2,203,15.9,78.8,8.7,223.6,Dangerous
118,74,9,21.1,60.7,8.2,220.8,Dangerous
138,37,97,26.9,77.7,6.3,253.6,Warning
79,99,30,24.8,59.0,7.5,260.7,Warning
94,126,38,35.9,67.6,4.7,70.6,Dangerous
57,23,73,31.2,21.4,8.6,179.7,Dangerous
119,127,188,36.8,65.0,4.8,144.1,Dangerous
32,122,78,29.5,32.3,6.8,107.5,Warning
111,106,163,28.7,25.5,4.3,181.0,Dangerous
28,87,94,18.8,30.2,7.0,143.6,Warning
71,12,145,39.0,77.1,7.0,70.2,Dangerous
107,68,127,37.9,28.9,6.2,255.6,Warning
130,46,134,23.5,21.8,8.4,112.1,Dangerous
10,142,99,16.0,25.8,8.2,74.7,Dangerous
73,56,82,11.3,75.6,5.7,283.2,Dangerous
16,29,157,35.0,76.6,7.1,109.8,Warning
114,10,103,26.5,23.7,8.6,54.0,Dangerous
3,14,75,44.5,71.8,8.0,106.2,Dangerous
88,105,63,35.7,89.1,8.0,88.4,Warning
133,17,83,14.4,21.9,6.3,29.1,Dangerous
88,2,154,29.2,27.8,8.7,208.6,Dangerous
95,50,86,10.2,54.5,7.0,167.4,Dangerous
44,80,75,16.7,20.6,5.0,187.9,Dangerous
21,113,143,29.7,97.4,6.2,196.8,Warning
6,62,174,15.6,99.8,7.0,216.4,Warning
77,28,35,27.2,34.0,6.7,198.1,Warning
77,2,82,10.7,49.5,6.5,97.6,Dangerous
128,29,44,23.3,45.6,7.4,93.5,Warning
75,28,105,44.9,59.5,7.1,213.4,Dangerous
109,81,102,21.3,66.8,7.8,160.2,Warning
69,60,137,16.6,74.6,7.8,150.6,Warning
37,137,11,22.8,20.8,7.7,207.1,Warning
129,121,54,29.6,29.7,6.2,138.3,Warning
35,48,132,18.5,86.2,5.1,188.1,Dangerous
36,143,97,28.3,80.3,8.6,180.3,Dangerous
3,64,147,18.4,67.2,5.7,85.5,Warning
88,78,158,38.4,21.8,4.3,212.1,Dangerous
16,118,43,19.0,37.3,7.7,223.2,Warning
98,32,55,27.4,23.3,4.9,299.0,Dangerous
33,138,80,33.8,32.7,7.5,66.7,Warning
125,54,181,22.0,27.9,7.3,176.5,Warning
6,142,6,17.8,53.8,7.3,54.6,Warning
13,67,134,38.5,33.6,7.0,160.9,Dangerous
127,36,121,34.3,70.1,4.7,291.9,Dangerous
140,101,78,33.9,65.7,5.0,155.6,Dangerous
39,65,11,30.2,53.9,8.5,102.1,Dangerous
120,130,28,34.5,96.1,5.0,133.0,Dangerous
44,138,38,17.6,33.1,7.8,132.9,Warning
111,22,5,17.3,94.2,5.8,123.5,Warning
37,60,19,19.6,25.4,6.9,202.0,Warning
121,122,191,41.1,88.4,7.9,157.5,Dangerous
10,77,100,25.1,91.9,4.1,49.5,Dangerous
106,104,117,37.7,63.4,6.1,145.7,Warning
3,56,43,28.5,22.9,6.6,205.9,Warning
84,32,155,28.7,75.7,5.1,280.0,Dangerous
117,133,81,43.7,43.8,5.2,40.6,Dangerous
136,56,58,16.6,61.6,5.3,114.8,Dangerous
27,3,130,27.0,46.0,8.1,278.7,Dangerous
62,90,45,11.1,75.4,7.8,296.7,Dangerous
7,72,89,41.0,49.2,4.7,82.4,Dangerous
135,25,158,41.1,78.4,7.1,80.8,Dangerous
33,126,151,34.6,34.6,5.0,163.5,Dangerous
9,16,124,34.5,31.5,6.2,55.1,Warning
25,72,180,40.4,44.1,6.5,223.3,Dangerous
121,67,53,34.1,64.6,7.2,286.6,Warning
2,71,198,32.1,92.0,6.4,115.3,Warning
73,126,51,21.5,54.5,4.2,262.9,Dangerous
2,102,159,28.3,46.3,6.4,178.4,Warning
16,122,160,28.1,75.3,6.8,272.6,Warning
93,94,178,29.2,86.4,8.5,153.5,Dangerous
137,134,91,10.8,100.0,5.3,253.9,Dangerous
103,54,168,22.8,32.2,5.9,245.4,Warning
133,117,2,34.9,49.0,7.9,52.2,Warning
75,108,193,13.6,42.7,4.9,45.0,Dangerous
131,107,12,35.2,72.1,7.1,186.8,Warning
97,17,197,34.4,55.4,8.6,182.9,Dangerous
127,128,15,23.2,74.3,7.6,160.5,Warning
81,92,65,21.4,28.4,8.5,74.2,Dangerous
127,115,180,21.7,20.4,8.2,193.3,Dangerous
140,46,2,17.8,33.6,5.8,90.7,Warning
120,23,70,28.2,24.2,5.0,234.5,Dangerous
123,26,148,16.7,68.4,4.5,233.2,Dangerous
29,123,87,20.2,34.7,4.6,40.7,Dangerous
62,10,195,17.4,30.1,6.2,216.3,Warning
11,73,32,29.8,28.0,7.2,238.6,Warning
92,129,100,13.4,31.1,7.5,65.5,Dangerous
110,111,163,27.5,82.1,7.5,210.6,Healthy
97,35,170,33.4,60.0,4.1,76.4,Dangerous
32,105,73,25.0,69.2,6.0,256.5,Warning
67,122,102,33.4,87.4,7.4,170.6,Warning
93,112,118,11.3,47.8,4.6,244.2,Dangerous
76,56,91,41.1,25.9,5.5,268.9,Dangerous
110,120,32,29.8,88.7,7.5,216.4,Warning
136,134,143,35.3,86.7,7.8,264.4,Warning
74,133,17,28.6,51.9,4.4,148.9,Dangerous
0,136,177,30.7,75.0,7.6,116.6,Warning
107,113,50,31.5,40.2,8.3,186.6,Dangerous
122,83,190,42.2,81.3,6.7,121.3,Dangerous
103,65,75,18.3,79.0,6.6,292.8,Warning
55,121,92,17.4,68.7,6.7,236.2,Warning
17,49,73,35.3,47.7,7.6,158.8,Warning
5,124,86,17.0,73.3,8.2,71.8,Dangerous
55,40,164,13.2,28.2,5.7,50.8,Dangerous
122,17,129,20.3,80.8,7.4,27.0,Warning
0,91,165,43.8,24.3,6.3,59.0,Dangerous
107,114,118,29.8,53.7,7.9,226.6,Warning
50,114,81,25.5,28.5,8.2,205.6,Dangerous
32,5,15,19.1,73.8,4.9,38.7,Dangerous
45,105,20,21.8,50.1,4.6,248.5,Dangerous
64,126,48,28.0,72.9,6.9,27.0,Healthy
68,119,97,10.6,33.5,8.3,126.3,Dangerous
104,5,44,11.4,49.2,8.8,33.7,Dangerous
56,120,82,24.1,58.2,6.9,237.6,Healthy
26,124,51,27.4,49.3,8.6,44.6,Dangerous
64,124,162,39.4,93.5,7.2,221.3,Dangerous
122,93,52,38.9,92.8,6.4,249.1,Dangerous
67,4,152,21.8,59.8,8.8,127.2,Dangerous
23,36,77,22.0,45.3,7.2,218.9,Warning
98,38,189,13.7,29.0,8.7,113.0,Dangerous
130,125,198,29.9,32.5,8.3,119.1,Dangerous
64,87,169,22.1,79.5,6.6,112.9,Healthy
78,65,139,38.4,39.7,7.1,169.5,Dangerous
60,101,68,17.9,73.5,6.1,53.7,Warning
54,65,49,31.6,25.0,6.6,108.7,Warning
108,122,180,11.6,80.3,8.3,247.7,Dangerous
11,124,17,43.3,46.6,7.7,48.2,Dangerous
109,132,155,13.1,42.2,7.1,255.7,Dangerous
115,93,144,40.5,56.0,8.4,212.2,Dangerous
132,75,142,37.0,55.4,6.4,238.1,Warning
12,7,20,42.6,87.8,8.5,154.4,Dangerous
22,40,187,38.0,96.3,8.4,188.6,Dangerous
96,60,61,38.5,32.0,6.6,27.6,Dangerous
29,64,121,12.4,82.2,5.8,145.0,Dangerous
114,141,200,22.4,69.7,4.8,241.4,Dangerous
69,112,67,15.8,79.1,7.6,119.7,Warning
79,101,171,23.9,89.4,7.1,97.2,Healthy
79,51,7,31.7,44.3,4.7,152.2,Dangerous
31,80,185,14.6,35.8,8.4,159.3,Dangerous
74,36,173,27.2,70.8,4.2,100.0,Dangerous
69,145,129,40.5,23.2,8.5,274.4,Dangerous
6,60,61,23.6,73.4,6.2,251.9,Warning
90,98,89,24.4,61.1,6.9,209.8,Healthy
138,132,47,31.8,66.4,7.2,80.5,Warning
56,24,109,14.1,47.5,8.3,147.6,Dangerous
40,100,91,37.0,27.6,6.3,64.0,Warning
40,123,132,41.2,50.2,6.4,72.8,Dangerous
42,32,158,18.2,64.8,8.0,90.8,Warning
67,83,148,28.3,78.8,6.8,164.8,Healthy
120,7,92,16.6,69.7,8.9,225.4,Dangerous
112,143,201,15.7,85.4,4.8,262.6,Dangerous
134,118,93,13.9,56.1,4.1,165.7,Dangerous
86,68,25,43.1,51.2,5.7,204.9,Dangerous
23,51,184,25.2,91.3,8.0,206.4,Warning
85,40,6,38.0,83.1,7.5,108.1,Warning
14,83,38,39.2,94.4,7.8,127.3,Dangerous
51,56,120,31.0,49.4,4.2,125.8,Dangerous
96,37,43,42.2,77.7,4.7,261.8,Dangerous
6,144,9,43.4,98.9,6.5,277.4,Dangerous
133,34,31,27.9,65.2,7.9,236.8,Warning
119,56,122,32.7,27.8,7.6,247.8,Warning
65,112,22,26.8,63.4,5.5,253.2,Warning
54,129,52,40.5,68.7,8.8,92.3,Dangerous
29,134,191,27.1,51.6,5.7,152.1,Warning
68,3,73,36.9,67.4,7.4,64.6,Warning
71,87,24,32.6,65.9,8.6,176.3,Dangerous
28,72,82,28.4,58.2,4.8,81.5,Dangerous
74,37,26,13.5,26.8,5.7,196.0,Dangerous
49,76,164,10.4,88.3,6.3,57.4,Dangerous
21,46,2,25.9,96.6,8.9,81.2,Dangerous
40,95,108,32.4,23.5,4.5,84.4,Dangerous
89,96,137,27.3,23.6,8.9,39.3,Dangerous
1,71,50,42.2,62.6,4.5,134.0,Dangerous
42,133,111,16.6,30.3,6.0,164.1,Warning
105,50,87,42.2,21.9,8.3,190.4,Dangerous
40,90,161,25.0,69.5,5.3,223.2,Dangerous
45,58,55,44.2,38.9,6.9,193.6,Dangerous
71,126,180,17.9,95.9,5.3,60.4,Dangerous
139,96,121,23.1,20.7,5.9,254.9,Warning
58,99,90,32.3,37.0,8.1,94.3,Dangerous
9,35,141,33.3,41.9,6.2,90.7,Warning
11,94,190,37.1,72.1,6.2,112.3,Warning
134,15,174,30.5,81.7,4.7,198.0,Dangerous
73,11,185,36.9,35.4,7.8,38.9,Warning
66,133,33,43.3,92.1,4.0,59.5,Dangerous
74,47,18,12.8,78.8,4.3,171.8,Dangerous
61,24,179,29.3,73.2,5.7,77.3,Warning
105,22,100,25.7,40.4,5.5,239.4,Warning
110,70,123,40.1,21.6,8.6,25.7,Dangerous
15,72,166,30.9,23.4,7.3,59.9,Warning
95,37,133,15.5,70.3,7.7,108.4,Warning
76,144,35,12.1,39.9,5.8,67.2,Dangerous
27,121,26,33.2,42.9,4.9,257.7,Dangerous
33,130,192,13.5,55.7,4.7,266.8,Dangerous
46,59,164,38.4,89.1,8.8,51.4,Dangerous
121,38,92,28.7,61.9,4.5,46.9,Dangerous
69,38,68,19.3,74.2,8.5,46.1,Dangerous
139,41,69,22.4,22.2,4.5,273.0,Dangerous
80,51,145,24.5,21.3,8.5,75.8,Dangerous
54,136,122,29.6,69.1,8.6,247.7,Dangerous
89,142,107,26.9,99.4,4.8,140.7,Dangerous
130,123,119,20.8,36.8,8.4,231.3,Dangerous
89,122,181,12.3,79.4,8.0,132.0,Dangerous
22,4,131,13.3,80.2,4.2,220.4,Dangerous
41,78,156,24.6,77.1,6.0,201.6,Healthy
99,34,114,24.8,69.9,4.8,143.1,Dangerous
129,79,199,37.6,48.6,6.8,23.2,Warning
16,25,204,41.7,90.7,5.2,60.0,Dangerous
91,32,150,10.8,43.6,4.1,162.4,Dangerous
15,114,85,23.6,23.7,8.8,294.1,Dangerous
51,117,36,18.4,57.9,7.0,166.7,Warning
139,72,125,37.9,61.8,4.3,80.3,Dangerous
119,116,195,38.2,75.5,4.4,167.2,Dangerous
18,132,130,11.4,37.5,6.2,55.1,Dangerous
102,37,178,15.8,47.9,6.0,291.6,Warning
125,41,157,18.3,38.7,4.5,235.2,Dangerous
82,38,183,37.9,45.8,8.5,50.2,Dangerous
116,123,71,17.6,68.6,6.9,298.5,Warning
18,63,112,41.6,32.6,5.3,23.1,Dangerous
99,16,32,14.8,45.3,4.8,35.4,Dangerous
78,13,9,15.6,90.8,5.2,106.7,Dangerous
70,48,185,18.1,82.8,5.6,20.8,Warning
32,106,57,28.0,74.7,4.4,32.2,Dangerous
90,93,30,16.2,43.6,8.9,222.0,Dangerous
76,102,112,43.1,77.5,6.6,36.2,Dangerous
46,90,60,37.4,21.5,8.9,31.5,Dangerous
99,88,62,17.2,38.8,8.0,254.2,Warning
113,109,7,28.0,51.4,5.5,33.6,Warning
77,104,144,31.0,32.4,6.6,101.4,Warning
62,29,184,22.9,70.1,8.4,122.1,Dangerous
8,44,176,42.8,91.4,5.5,160.6,Dangerous
82,129,74,26.8,44.6,8.6,285.4,Dangerous
137,127,184,14.9,74.7,8.7,254.5,Dangerous
5,7,187,18.5,40.3,8.2,194.6,Dangerous
1,37,130,25.9,94.7,4.3,78.3,Dangerous
127,78,87,39.7,66.0,4.0,140.5,Dangerous
137,13,87,39.6,93.2,6.0,63.1,Dangerous
126,45,168,32.3,69.5,8.1,85.5,Dangerous
47,48,115,43.6,87.8,4.1,236.2,Dangerous
34,44,92,13.7,59.3,7.1,242.2,Dangerous
120,51,128,41.0,59.1,6.8,114.2,Dangerous
74,19,202,35.2,28.6,5.8,135.1,Warning
110,2,133,19.6,83.9,6.5,24.0,Warning
60,120,25,19.9,80.8,8.0,91.8,Warning
52,57,175,39.1,73.9,4.8,219.7,Dangerous
130,1,62,40.1,29.6,5.4,183.7,Dangerous
30,53,170,27.2,68.2,4.4,53.9,Dangerous
62,128,91,25.4,32.3,4.7,36.4,Dangerous
21,84,111,34.8,92.5,8.4,149.7,Dangerous
19,4,105,37.7,39.2,5.4,167.2,Dangerous
70,92,38,29.3,21.0,5.1,111.0,Dangerous
131,29,139,41.5,42.4,6.7,200.7,Dangerous
4,74,17,12.0,93.4,5.1,226.7,Dangerous
138,69,171,44.1,44.9,6.9,289.7,Dangerous
116,39,134,11.8,88.5,5.5,142.8,Dangerous
85,35,133,28.1,21.3,6.8,31.7,Warning
116,16,192,10.7,64.8,8.5,206.1,Dangerous
132,114,122,26.1,37.3,4.9,267.2,Dangerous
52,16,67,31.9,47.7,4.7,40.4,Dangerous
34,4,87,43.5,38.4,5.5,206.0,Dangerous
13,6,96,17.9,84.1,5.2,205.2,Dangerous
15,69,91,12.3,37.4,8.7,135.2,Dangerous
66,15,179,43.8,44.2,5.8,255.1,Dangerous
103,32,35,19.9,23.3,7.9,148.3,Warning
50,86,146,10.1,83.0,5.9,170.4,Dangerous
121,17,146,35.4,48.6,6.5,65.5,Warning
41,26,50,23.0,22.2,5.0,204.6,Dangerous
85,52,124,27.5,92.1,5.1,42.8,Dangerous
128,50,150,30.8,78.6,4.7,43.4,Dangerous
34,32,108,14.7,91.4,5.3,48.2,Dangerous
46,39,143,24.5,51.3,6.5,74.5,Warning
81,52,10,29.7,56.8,4.9,275.9,Dangerous
86,127,3,33.3,29.5,7.7,248.4,Warning
72,33,118,28.4,87.1,8.8,152.2,Dangerous
105,77,118,40.9,37.1,4.0,20.5,Dangerous
54,46,77,33.4,24.9,5.9,170.3,Warning
108,125,164,40.6,37.8,8.5,170.2,Dangerous
123,2,21,30.8,83.0,8.9,199.6,Dangerous
75,116,202,29.3,47.9,4.0,30.1,Dangerous
37,52,27,14.7,98.5,8.0,166.6,Dangerous
40,130,127,24.1,96.7,7.2,209.2,Healthy
125,48,72,16.9,99.6,4.2,256.8,Dangerous
46,98,101,29.2,52.6,7.9,23.0,Warning
66,145,59,13.4,38.3,6.3,268.6,Dangerous
23,70,28,22.4,85.0,8.7,263.3,Dangerous
40,38,140,16.8,60.1,4.5,258.8,Dangerous
123,60,103,14.1,33.6,4.1,49.0,Dangerous
118,118,0,11.9,89.5,4.7,220.4,Dangerous
32,81,72,39.6,94.5,4.1,115.6,Dangerous
93,100,83,44.3,31.3,4.5,100.5,Dangerous
125,77,51,27.8,78.0,4.3,52.2,Dangerous
95,105,172,34.7,63.6,4.3,157.2,Dangerous
129,139,137,41.2,39.3,8.2,129.2,Dangerous
51,50,18,34.5,33.3,4.0,299.2,Dangerous
122,1,8,30.4,82.4,6.1,243.6,Warning
86,27,138,30.0,44.3,7.7,175.5,Warning
136,61,138,21.3,30.6,8.7,293.6,Dangerous
42,131,44,31.7,89.5,9.0,183.0,Dangerous
45,125,40,11.2,41.1,4.6,158.4,Dangerous
90,110,157,31.5,47.0,7.0,223.2,Warning
48,14,90,36.3,40.5,8.8,183.3,Dangerous
87,33,15,10.9,50.4,5.3,106.2,Dangerous
78,21,12,23.4,93.3,4.5,186.1,Dangerous
33,97,147,29.5,83.6,5.3,35.9,Dangerous
43,91,89,18.6,89.4,6.7,269.2,Warning
32,67,119,34.1,69.9,8.4,268.5,Dangerous
56,109,32,40.5,27.9,4.2,108.4,Dangerous
21,18,185,27.0,38.0,4.3,147.3,Dangerous
26,51,50,12.4,33.6,8.6,89.9,Dangerous
133,109,130,10.4,47.0,4.2,150.7,Dangerous
134,67,165,21.3,82.5,4.4,182.5,Dangerous
1,76,67,41.4,75.0,6.0,76.2,Dangerous
139,12,146,10.2,60.5,8.0,275.2,Dangerous
35,6,64,35.9,24.6,7.9,130.9,Warning
138,135,201,30.9,28.9,5.3,230.2,Dangerous
140,71,95,36.5,27.3,7.7,34.4,Warning
108,21,167,25.9,80.0,7.2,283.3,Warning
94,64,40,37.3,51.3,4.9,168.6,Dangerous
116,23,154,13.9,40.6,8.2,108.5,Dangerous
135,75,152,36.3,32.1,5.7,142.9,Warning
134,45,158,11.4,65.7,6.2,180.4,Dangerous
91,38,170,40.5,56.5,4.6,93.4,Dangerous
41,65,118,26.9,97.2,6.4,76.0,Healthy
126,38,64,42.9,98.0,4.3,24.8,Dangerous
24,54,68,40.9,54.5,7.6,88.5,Dangerous
80,105,73,20.8,96.9,8.1,175.3,Dangerous
122,60,80,27.0,49.9,7.9,206.5,Warning
109,58,113,10.8,41.0,8.3,262.5,Dangerous
73,64,26,33.7,96.8,8.8,188.1,Dangerous
139,85,170,26.2,56.8,4.5,212.1,Dangerous
61,110,35,32.5,34.7,4.5,91.4,Dangerous
45,106,153,14.7,69.4,5.7,79.0,Dangerous
15,124,53,39.5,34.8,4.6,227.8,Dangerous
73,126,76,33.9,56.0,5.7,128.0,Warning
57,3,36,29.6,38.7,6.3,36.4,Warning
62,140,65,13.0,82.4,7.3,110.5,Dangerous
26,97,176,12.2,30.2,4.8,27.3,Dangerous
128,136,39,35.9,39.4,7.3,292.5,Warning
74,9,154,23.9,73.5,8.1,46.5,Dangerous
102,138,89,26.4,39.3,8.5,179.7,Dangerous
114,18,35,40.4,47.7,8.9,115.6,Dangerous
37,124,102,33.9,93.5,4.7,283.6,Dangerous
6,38,143,17.9,68.5,5.2,23.9,Dangerous
78,103,130,43.8,26.6,6.2,161.9,Dangerous
44,53,107,16.6,74.5,4.8,218.5,Dangerous
89,1,126,21.1,78.2,6.1,204.4,Warning
93,69,192,24.2,28.4,4.2,186.0,Dangerous
1,26,199,36.5,43.0,6.9,148.9,Warning
105,43,182,44.7,80.6,6.8,167.7,Dangerous
119,66,44,30.1,81.4,7.9,254.6,Warning
67,107,15,26.5,29.6,6.0,45.0,Warning
22,90,35,29.6,94.8,9.0,117.5,Dangerous
29,2,143,18.5,91.3,4.1,262.0,Dangerous
84,38,149,38.2,83.2,8.2,105.9,Dangerous
77,93,145,30.0,56.4,7.0,25.9,Healthy
34,95,108,28.8,20.9,7.9,131.4,Warning
20,63,47,30.6,47.7,6.7,170.3,Warning
32,10,185,40.4,43.9,5.2,239.4,Dangerous
14,138,77,22.5,63.7,8.8,168.1,Dangerous
4,139,141,23.6,62.8,8.1,102.7,Dangerous
105,87,57,25.5,39.5,6.0,252.1,Warning
113,23,8,28.3,94.7,4.2,41.8,Dangerous
124,78,59,37.8,51.6,7.5,280.0,Warning
117,3,4,32.5,98.9,6.4,201.4,Warning
46,8,167,17.9,41.1,4.4,105.1,Dangerous
23,144,132,39.0,55.7,8.6,287.8,Dangerous
87,104,22,15.6,38.7,8.6,220.1,Dangerous
85,65,71,12.1,81.8,5.3,142.7,Dangerous
27,23,180,20.8,69.8,4.5,60.5,Dangerous
44,44,69,39.0,30.3,8.7,136.1,Dangerous
4,73,101,42.7,38.6,6.9,146.9,Dangerous
30,25,200,28.0,93.6,7.8,181.5,Warning
6,74,120,41.9,56.5,5.1,35.1,Dangerous
83,107,84,14.7,83.0,4.9,150.3,Dangerous
42,119,71,19.7,67.6,5.2,239.4,Dangerous
8,105,32,39.6,74.8,8.0,207.1,Dangerous
99,92,75,12.1,95.2,7.7,186.6,Dangerous
117,107,28,31.9,21.6,4.9,85.2,Dangerous
8,76,79,43.8,58.8,7.0,64.4,Dangerous
8,109,198,17.5,76.8,6.3,249.3,Warning
118,142,162,14.6,39.0,8.5,297.2,Dangerous
116,51,162,18.6,41.6,4.3,46.9,Dangerous
13,125,26,18.9,87.9,4.0,119.9,Dangerous
128,134,184,32.7,64.3,6.7,90.1,Warning
13,128,6,19.4,61.1,4.2,135.4,Dangerous
45,51,145,14.3,23.7,6.8,241.5,Dangerous
71,51,22,28.3,81.5,5.9,43.5,Warning
134,71,64,34.9,95.0,8.9,158.0,Dangerous
79,134,57,37.6,74.5,5.3,122.3,Dangerous
17,42,56,25.0,39.4,4.5,192.2,Dangerous
27,52,79,34.9,97.4,6.2,119.4,Warning
114,11,80,25.0,60.7,5.4,263.8,Dangerous
129,71,26,39.5,53.6,4.4,63.0,Dangerous
133,69,136,20.2,69.9,5.3,184.5,Dangerous
76,71,2,18.0,90.5,4.1,133.7,Dangerous
85,47,91,25.3,26.5,8.9,191.4,Dangerous
55,78,12,31.9,64.7,5.1,189.2,Dangerous
47,138,68,33.0,59.2,6.7,36.3,Warning
43,68,92,27.2,25.8,4.5,294.5,Dangerous
3,123,164,36.6,70.1,8.2,207.2,Dangerous
102,52,15,27.7,23.6,8.0,252.8,Warning
4,88,14,44.0,46.0,4.4,278.0,Dangerous
13,108,200,26.4,73.8,4.7,107.8,Dangerous
129,88,124,32.5,77.7,6.0,50.5,Warning
30,10,164,42.0,90.1,8.2,254.7,Dangerous
140,1,198,36.3,38.4,7.6,188.0,Warning
5,62,44,14.6,81.0,4.9,178.7,Dangerous
24,109,136,36.8,97.1,6.9,182.2,Warning
68,36,198,33.1,63.5,5.8,100.1,Warning
45,68,47,26.8,39.7,8.2,31.4,Dangerous
140,22,68,44.4,41.9,8.8,259.1,Dangerous
17,49,83,33.1,37.6,9.0,292.8,Dangerous
75,37,163,14.7,33.9,6.8,125.0,Dangerous
19,59,137,17.3,54.9,7.0,73.1,Warning
27,21,83,18.2,97.7,4.3,135.9,Dangerous
41,78,26,33.6,98.8,6.5,176.2,Warning
106,28,168,23.8,25.2,7.6,257.0,Warning
108,99,87,44.4,55.0,6.5,87.2,Dangerous
89,21,162,25.6,42.4,8.8,36.7,Dangerous
113,95,159,30.0,88.0,5.5,94.8,Warning
95,9,65,21.0,86.9,4.5,109.0,Dangerous
126,79,83,29.7,67.2,7.7,276.8,Warning
132,6,185,39.6,54.5,4.5,165.8,Dangerous
72,28,132,29.9,64.5,6.9,210.8,Warning
78,35,80,11.5,28.0,8.4,75.0,Dangerous
6,48,81,28.8,41.6,8.7,229.8,Dangerous
36,128,60,19.3,28.1,4.2,23.7,Dangerous
116,96,186,26.4,35.4,8.4,286.1,Dangerous
30,133,56,33.1,51.1,7.2,274.7,Warning
0,134,191,12.4,64.1,4.5,50.6,Dangerous
136,113,175,37.6,42.3,6.2,63.1,Warning
44,80,116,32.6,95.5,8.6,56.6,Dangerous
51,40,118,27.0,75.2,6.1,32.7,Healthy
92,30,1,40.5,28.4,7.7,22.4,Dangerous
11,131,76,20.8,39.9,6.5,159.5,Warning
16,123,75,36.7,45.0,4.2,174.8,Dangerous
128,1,93,24.6,91.9,5.6,285.8,Warning
22,117,33,30.0,95.9,5.0,274.5,Dangerous
90,138,119,18.8,84.0,6.0,204.8,Warning
19,29,135,15.0,85.8,6.4,92.6,Warning
74,53,84,23.4,33.5,6.8,100.1,Warning
126,12,57,27.9,90.7,7.5,191.2,Warning
94,123,157,24.3,23.9,6.1,279.6,Warning
63,27,86,16.2,89.4,6.0,93.4,Warning
30,142,150,16.2,73.3,7.8,138.8,Warning
45,113,137,35.1,52.5,6.1,174.7,Warning
90,111,160,31.5,67.9,4.3,291.1,Dangerous
64,52,198,38.4,78.5,7.4,208.3,Dangerous
104,140,187,15.1,47.5,5.5,118.9,Warning
17,133,17,20.7,31.7,5.0,230.6,Dangerous
45,120,13,15.2,90.9,4.1,120.2,Dangerous
57,129,88,31.4,33.7,8.4,68.6,Dangerous
61,30,146,37.0,79.2,4.6,139.6,Dangerous
42,4,77,18.2,22.8,6.3,178.3,Warning
23,60,91,27.3,88.8,5.1,216.4,Dangerous
129,19,173,17.1,66.7,6.4,143.6,Warning
112,59,105,26.1,73.8,4.7,195.7,Dangerous
23,39,139,29.0,60.1,5.9,293.6,Warning
97,60,135,20.8,29.8,8.9,100.7,Dangerous
35,53,176,31.1,84.9,8.6,189.6,Dangerous
114,65,68,41.9,28.6,8.5,152.1,Dangerous
30,39,125,20.3,51.2,7.9,205.2,Warning
74,16,141,27.9,94.2,4.5,192.3,Dangerous
102,44,182,32.8,97.5,7.0,266.2,Warning
62,2,192,32.7,36.5,7.2,119.7,Warning
95,67,192,14.9,78.5,7.2,25.6,Dangerous
9,102,151,33.2,80.8,8.4,60.9,Dangerous
91,75,122,40.7,75.0,6.8,152.0,Dangerous
75,95,185,29.3,47.0,5.2,115.5,Dangerous
84,49,34,25.0,75.9,5.0,36.2,Dangerous
58,73,180,26.8,62.1,5.1,118.5,Dangerous
47,97,71,26.6,64.7,4.9,276.3,Dangerous
121,76,155,37.4,43.9,4.5,233.4,Dangerous
85,96,8,30.1,35.1,6.9,277.3,Warning
89,145,61,12.8,28.4,8.0,38.7,Dangerous
112,92,145,24.4,20.2,8.7,143.9,Dangerous
64,57,110,25.0,74.4,4.9,184.1,Dangerous
46,58,73,13.8,43.9,7.5,253.6,Dangerous
104,37,156,26.9,46.0,4.2,68.2,Dangerous
96,91,11,15.4,38.3,8.1,295.8,Dangerous
131,113,81,43.5,69.9,8.6,43.8,Dangerous
97,116,107,32.9,97.2,5.2,97.9,Dangerous
14,83,91,23.9,71.5,4.1,106.0,Dangerous
61,107,114,17.3,53.6,7.9,280.1,Warning
21,44,134,26.5,58.9,6.5,273.0,Warning
52,116,64,33.8,42.2,5.3,85.3,Dangerous
128,88,23,35.5,79.4,8.4,259.4,Dangerous
106,62,35,28.4,94.6,5.8,211.9,Warning
56,0,95,34.5,45.5,4.1,50.4,Dangerous
76,5,202,17.8,89.9,4.3,240.6,Dangerous
113,79,167,35.6,68.2,6.3,54.8,Warning
17,59,87,20.1,86.2,4.5,133.4,Dangerous
89,119,19,34.4,97.0,8.2,265.7,Dangerous
72,90,41,28.6,72.3,8.2,187.0,Dangerous
40,129,29,43.2,35.7,6.6,296.9,Dangerous
29,99,23,12.7,95.7,4.1,151.7,Dangerous
99,117,4,30.4,97.9,8.4,147.6,Dangerous
115,103,52,21.4,28.3,5.2,259.9,Dangerous
86,97,97,18.7,66.3,7.4,253.3,Warning
45,75,202,37.9,89.1,4.4,226.0,Dangerous
35,127,107,10.4,61.3,5.5,248.5,Dangerous
29,94,83,25.5,54.9,7.0,50.7,Warning
84,140,32,35.9,31.8,6.0,260.5,Warning
0,37,76,40.3,54.6,5.5,226.9,Dangerous
43,52,143,43.0,47.1,9.0,149.6,Dangerous
26,78,57,28.8,25.3,4.5,78.6,Dangerous
134,27,173,34.8,87.3,6.1,209.5,Warning
134,87,168,32.0,60.0,8.2,86.9,Dangerous
5,115,122,27.3,57.5,5.0,244.2,Dangerous
120,40,145,22.5,23.3,8.9,247.6,Dangerous
86,53,166,14.0,31.1,8.2,66.6,Dangerous
108,121,18,36.3,55.3,4.6,271.1,Dangerous
70,133,102,10.9,57.6,5.1,32.5,Dangerous
80,44,174,40.8,93.3,5.7,253.2,Dangerous
92,132,194,40.2,27.6,8.6,167.7,Dangerous
28,124,20,14.2,64.8,4.3,146.0,Dangerous
105,75,130,27.3,42.1,7.6,239.4,Warning
132,135,175,39.1,25.8,6.0,23.1,Dangerous
97,12,169,32.5,45.8,8.6,132.4,Dangerous
111,48,80,26.6,22.7,7.1,105.1,Warning
60,65,101,13.4,92.5,9.0,132.4,Dangerous
3,135,125,30.2,47.8,7.7,53.0,Warning
98,99,189,11.9,68.0,4.7,271.3,Dangerous
119,130,62,28.4,66.6,7.7,273.0,Warning
107,18,6,37.2,61.7,7.2,174.9,Warning
109,104,56,27.0,32.9,7.0,103.7,Warning
109,126,154,42.0,76.3,4.3,86.3,Dangerous
34,10,182,26.0,64.4,5.6,154.0,Warning
102,95,126,44.0,72.5,8.0,273.4,Dangerous
76,129,93,38.2,38.9,4.1,226.7,Dangerous
6,77,173,36.0,53.3,5.0,296.1,Dangerous
55,1,89,20.0,41.0,5.4,154.5,Dangerous
66,108,35,33.6,38.4,7.0,58.7,Warning
137,116,13,38.8,47.0,7.9,273.8,Dangerous
80,34,5,20.5,35.1,8.7,209.0,Dangerous
40,140,104,42.0,34.5,4.3,267.2,Dangerous
35,7,28,20.2,59.7,7.5,238.3,Warning
41,47,203,10.7,20.5,6.4,194.9,Dangerous
68,39,24,35.1,74.1,7.7,64.6,Warning
29,92,48,11.4,69.4,7.8,96.9,Dangerous
65,103,152,25.0,23.4,4.8,80.3,Dangerous
43,93,51,43.3,86.5,4.5,200.6,Dangerous
129,125,181,18.9,37.5,6.8,197.1,Warning
15,51,199,32.3,98.5,5.2,125.6,Dangerous
120,24,44,42.6,88.2,5.5,114.7,Dangerous
40,68,41,39.9,52.7,4.6,127.6,Dangerous
25,116,25,12.0,72.5,6.7,58.0,Dangerous
56,60,190,14.0,51.4,4.0,266.4,Dangerous
19,77,117,36.0,47.1,8.0,171.8,Warning
58,79,66,22.7,47.2,5.1,89.0,Dangerous
67,6,161,11.4,52.3,5.2,185.2,Dangerous
70,115,134,44.0,84.5,6.6,26.3,Dangerous
114,66,26,17.6,39.8,6.0,68.8,Warning
92,72,130,23.5,93.9,6.2,246.3,Healthy
72,131,113,33.7,51.8,8.3,44.2,Dangerous
118,99,85,33.0,74.2,7.8,175.4,Warning
45,122,106,25.6,82.9,8.2,235.9,Dangerous
104,85,153,42.6,36.7,7.0,72.2,Dangerous
26,93,102,39.7,26.4,4.5,141.8,Dangerous
103,66,170,17.6,26.9,8.4,21.6,Dangerous
33,83,193,23.2,53.7,7.0,126.3,Warning
51,54,132,41.2,62.1,5.6,256.8,Dangerous
105,11,43,14.8,99.5,7.5,161.9,Dangerous
77,38,102,37.2,26.4,8.3,269.1,Dangerous
37,144,27,29.2,24.6,6.3,180.5,Warning
49,57,9,34.8,53.4,5.2,123.4,Dangerous
23,143,146,44.9,70.2,7.4,80.9,Dangerous
37,119,52,40.3,45.8,8.1,249.1,Dangerous
33,127,29,41.9,85.0,7.6,224.7,Dangerous
22,32,202,37.2,25.9,4.0,100.2,Dangerous
119,123,197,19.1,50.7,5.1,143.2,Dangerous
9,18,152,14.4,35.9,6.8,170.9,Dangerous
68,63,121,44.4,28.1,8.4,121.8,Dangerous
69,106,90,36.1,30.6,6.9,47.7,Warning
100,83,100,39.9,48.5,6.8,201.5,Dangerous
126,68,156,13.7,43.6,5.2,41.0,Dangerous
139,3,134,10.1,99.8,5.4,253.0,Dangerous
54,103,15,22.9,46.1,4.5,219.8,Dangerous
125,29,188,10.8,95.7,9.0,69.3,Dangerous
72,48,176,29.6,76.9,5.2,75.6,Dangerous
105,65,171,31.9,56.9,9.0,27.9,Dangerous
107,47,197,44.0,59.0,4.9,201.6,Dangerous
78,65,153,26.9,30.1,6.3,39.4,Warning
47,101,129,36.8,64.1,7.1,71.2,Warning
15,38,47,44.7,26.6,5.0,240.3,Dangerous
63,69,42,27.2,72.8,6.8,28.9,Healthy
134,130,100,24.9,58.2,7.9,157.8,Warning
15,120,72,37.6,65.0,7.1,226.9,Warning
131,34,126,29.4,97.8,8.9,77.0,Dangerous
67,34,81,40.3,44.0,8.9,46.3,Dangerous
47,81,180,39.0,75.8,8.2,275.8,Dangerous
36,120,198,29.8,69.2,7.7,229.2,Warning
30,26,46,37.5,70.9,7.2,33.7,Warning
111,9,38,44.2,40.6,5.1,44.2,Dangerous
43,129,93,29.1,22.0,5.3,140.4,Dangerous
120,47,127,27.7,50.6,6.3,212.7,Healthy
64,62,44,20.3,83.8,6.5,24.5,Healthy
16,54,60,38.1,50.8,5.9,123.6,Dangerous
99,5,48,22.2,63.7,6.7,92.7,Warning
59,74,117,39.8,74.7,8.7,61.2,Dangerous
21,114,83,35.0,61.1,5.5,177.8,Warning
10,35,131,26.3,22.7,6.8,92.6,Warning
58,36,106,31.6,23.7,7.6,124.4,Warning
64,81,95,33.7,25.7,5.2,290.4,Dangerous
69,111,203,36.8,59.0,7.8,63.6,Warning
125,7,153,12.4,24.8,8.0,177.3,Dangerous
81,143,14,13.6,35.5,5.2,295.5,Dangerous
23,109,171,38.3,51.4,8.1,110.8,Dangerous
71,28,7,20.2,58.1,7.8,264.6,Warning
24,59,148,23.1,62.1,6.3,247.7,Warning
29,68,204,35.6,79.6,7.6,203.4,Warning
16,20,71,15.5,74.5,8.4,293.9,Dangerous
73,143,48,18.5,27.4,8.0,227.8,Warning
140,4,150,16.8,65.0,4.0,131.8,Dangerous
82,89,154,14.1,46.1,5.8,51.6,Dangerous
112,120,176,24.9,70.0,8.2,298.9,Dangerous
69,8,33,40.5,38.6,6.6,73.6,Dangerous
43,18,48,41.4,30.0,4.0,250.7,Dangerous
131,142,16,14.2,56.1,4.1,252.2,Dangerous
126,120,4,21.3,38.7,8.3,74.3,Dangerous
105,94,14,31.4,37.9,4.6,104.7,Dangerous
2,74,35,10.3,51.3,5.9,142.5,Dangerous
61,94,152,18.2,38.9,5.0,193.1,Dangerous
61,98,57,16.6,36.6,8.0,105.3,Warning
118,74,71,35.8,29.8,7.6,132.9,Warning
70,17,62,23.7,30.5,7.9,249.2,Warning
44,15,1,34.6,72.3,8.7,219.4,Dangerous
58,9,102,15.9,34.2,8.0,65.7,Warning
45,19,71,15.9,78.9,7.4,215.4,Warning
55,39,85,30.1,72.3,6.3,179.6,Warning
74,96,48,44.6,36.3,6.5,32.3,Dangerous
37,49,190,19.1,27.3,5.9,203.9,Warning
94,109,198,19.1,24.8,7.4,148.1,Warning
126,139,111,26.0,51.1,7.6,230.9,Warning
31,1,142,26.3,20.7,5.4,133.4,Dangerous
0,124,83,14.2,74.6,4.8,240.3,Dangerous
109,51,87,31.8,30.5,8.6,220.7,Dangerous
111,11,183,18.9,59.1,5.2,186.7,Dangerous
90,2,138,36.1,63.7,6.9,179.3,Warning
12,145,47,27.0,49.5,6.2,65.0,Warning
28,29,29,33.1,47.2,4.0,83.5,Dangerous
56,5,6,28.1,51.0,6.3,224.8,Warning
0,28,111,17.8,47.6,6.3,125.8,Warning
96,134,198,24.0,40.6,6.8,78.7,Warning
83,106,26,21.8,66.4,5.8,165.7,Warning
139,80,119,13.8,30.2,6.6,145.4,Dangerous
17,56,156,13.0,99.9,5.4,156.7,Dangerous
76,101,7,30.5,25.3,6.8,247.5,Warning
4,111,141,29.1,88.1,6.4,25.9,Warning
39,20,0,43.3,70.2,7.3,248.5,Dangerous
58,49,64,19.2,83.3,6.6,99.9,Warning
16,114,104,36.3,85.0,4.2,194.4,Dangerous
9,57,29,28.9,31.7,4.8,169.0,Dangerous
20,52,34,32.0,28.9,4.9,274.5,Dangerous
39,119,128,14.0,31.2,4.7,134.1,Dangerous
139,82,50,11.9,64.5,8.2,96.2,Dangerous
121,48,92,23.7,79.3,5.3,156.1,Dangerous
62,26,148,34.0,38.4,5.3,248.8,Dangerous
75,39,42,41.5,35.4,8.8,125.4,Dangerous
19,52,48,40.2,60.7,4.7,165.9,Dangerous
48,24,31,10.8,31.4,6.2,143.1,Dangerous
54,79,21,40.8,59.4,5.0,158.7,Dangerous
100,21,30,16.4,35.1,6.6,198.0,Warning
119,75,182,35.6,78.8,5.8,278.9,Warning
119,100,149,43.0,27.0,4.0,148.6,Dangerous
5,102,87,36.0,96.4,5.9,118.4,Warning
125,123,113,42.2,88.2,4.6,89.8,Dangerous
114,74,139,19.7,96.7,8.4,258.4,Dangerous
30,6,35,35.7,63.9,7.8,65.4,Warning
76,38,116,41.1,84.3,4.1,223.3,Dangerous
117,119,90,33.4,62.0,4.1,130.4,Dangerous
105,59,109,32.1,95.3,5.1,93.9,Dangerous
136,134,122,12.1,28.7,5.5,206.6,Dangerous
9,116,109,12.6,57.7,5.5,48.2,Dangerous
66,46,57,36.4,44.7,8.2,196.6,Dangerous
88,48,50,38.7,34.3,6.7,266.4,Dangerous
6,0,174,18.2,35.3,7.7,83.3,Warning
139,8,151,32.9,49.1,7.6,115.1,Warning
129,72,54,30.5,60.4,5.3,142.0,Dangerous
8,68,95,10.9,90.0,6.5,119.5,Dangerous
78,139,48,27.6,61.7,5.8,100.9,Warning
38,45,154,34.2,93.7,5.2,244.0,Dangerous
68,96,163,20.8,34.9,7.3,37.1,Warning
49,129,15,13.7,64.3,8.6,157.0,Dangerous
6,145,141,11.5,79.4,5.5,30.2,Dangerous
111,138,94,32.2,85.3,4.8,280.5,Dangerous
137,93,111,36.4,64.2,8.9,37.5,Dangerous
126,90,161,26.4,75.8,8.5,57.5,Dangerous
125,80,155,11.9,66.6,4.1,157.1,Dangerous
0,137,127,25.5,32.8,6.0,266.0,Warning
79,119,131,23.2,78.1,5.4,168.0,Dangerous
91,137,57,28.0,77.7,4.3,86.7,Dangerous
140,55,172,22.5,30.4,6.9,173.6,Warning
62,63,10,14.8,89.9,6.7,230.6,Dangerous
32,14,40,20.7,54.5,6.8,285.5,Warning
40,131,42,25.5,43.7,5.3,152.1,Dangerous
130,19,183,16.3,83.7,4.0,259.7,Dangerous
132,98,128,32.1,37.5,4.9,195.8,Dangerous
86,140,105,13.3,90.7,7.9,78.0,Dangerous
101,20,39,41.5,66.8,5.2,58.6,Dangerous
78,57,123,40.2,35.9,6.4,229.2,Dangerous
91,31,117,40.3,56.5,6.6,96.7,Dangerous
47,109,105,35.5,87.4,8.6,103.9,Dangerous
67,47,148,25.3,49.7,7.2,63.7,Warning
62,144,87,31.5,78.6,7.3,87.7,Warning
34,124,54,17.8,78.0,4.5,272.2,Dangerous
116,117,49,14.1,72.9,8.9,161.1,Dangerous
99,19,139,41.4,47.7,7.5,278.1,Dangerous
21,121,176,11.4,30.1,4.5,67.3,Dangerous
85,119,203,16.6,71.5,8.1,248.2,Dangerous
31,133,60,23.4,80.6,5.9,181.7,Warning
46,126,72,36.3,39.2,6.9,145.0,Warning
29,120,18,25.1,69.2,8.7,44.3,Dangerous
98,106,113,12.5,83.5,8.6,37.1,Dangerous
87,9,43,13.7,45.7,4.1,230.4,Dangerous
74,62,128,29.8,48.9,4.5,82.1,Dangerous
107,98,149,21.6,39.7,4.7,236.7,Dangerous
88,12,64,26.7,38.3,6.6,294.5,Warning
110,7,119,21.7,86.0,4.6,67.9,Dangerous
24,31,138,42.2,34.9,6.6,29.6,Dangerous
36,145,47,41.9,78.2,6.7,202.7,Dangerous
81,4,9,40.9,24.2,7.4,274.9,Dangerous
24,124,205,26.6,76.6,8.5,297.9,Dangerous
95,15,43,31.1,80.4,7.3,155.2,Warning
97,144,70,29.3,72.3,8.2,205.3,Dangerous
51,45,27,30.5,47.7,8.5,157.5,Dangerous
117,79,75,13.3,61.7,7.5,152.4,Dangerous
6,19,112,22.3,88.9,5.7,27.8,Warning
11,27,171,29.6,21.3,8.5,158.1,Dangerous
84,47,134,28.5,54.9,7.5,49.5,Healthy
33,80,126,29.5,20.1,5.2,176.1,Dangerous
89,79,128,38.3,80.0,6.8,167.8,Dangerous
34,117,64,11.6,71.5,4.4,65.2,Dangerous
28,98,141,42.6,64.2,8.3,184.9,Dangerous
42,78,113,24.6,27.2,4.7,131.6,Dangerous
82,46,181,33.2,53.8,8.3,195.1,Dangerous
75,99,182,31.9,98.1,8.0,75.6,Warning
7,17,192,42.7,28.8,5.9,78.5,Dangerous
42,102,128,12.8,58.0,6.5,156.7,Dangerous
23,71,80,40.6,49.2,7.4,172.1,Dangerous
0,103,194,10.7,96.9,5.8,265.7,Dangerous
139,16,121,27.9,43.8,7.9,59.7,Warning
118,47,112,19.9,67.5,6.6,62.2,Warning
70,134,128,24.3,45.4,8.2,192.1,Dangerous
103,117,185,14.7,47.6,8.3,130.4,Dangerous
137,102,53,16.6,23.0,4.7,74.9,Dangerous
8,113,151,23.9,27.7,8.1,26.1,Dangerous
70,14,96,37.3,41.4,5.1,246.5,Dangerous
28,101,155,41.8,49.4,4.5,289.8,Dangerous
8,98,170,22.4,38.5,5.6,116.8,Warning
47,83,100,32.8,34.3,5.9,66.8,Warning
124,69,199,37.5,35.1,5.9,236.0,Warning
29,99,45,10.1,32.7,7.5,248.4,Dangerous
22,8,77,16.0,55.1,7.0,264.7,Warning
34,58,161,26.3,23.3,6.4,256.5,Warning
66,55,91,29.5,38.1,5.0,105.2,Dangerous
21,144,188,24.6,75.3,4.4,51.0,Dangerous
14,128,176,26.5,81.3,6.7,203.3,Warning
101,129,122,35.9,66.6,4.2,103.5,Dangerous
136,26,106,32.5,94.1,7.1,211.8,Warning
106,70,113,28.7,82.9,5.4,113.4,Dangerous
84,125,93,23.1,45.0,4.6,106.4,Dangerous
12,62,74,27.0,77.7,7.7,164.9,Warning
120,66,133,29.7,35.0,7.6,109.9,Warning
69,109,28,43.5,47.4,5.6,71.7,Dangerous
11,75,71,26.0,74.0,7.1,196.5,Warning
2,0,87,15.6,55.0,6.6,123.7,Warning
96,129,12,35.4,48.3,8.7,296.4,Dangerous
77,142,68,26.3,75.3,4.8,104.7,Dangerous
79,121,97,38.1,22.9,8.2,281.4,Dangerous
75,137,184,21.6,81.3,4.2,212.2,Dangerous
106,66,168,10.8,42.9,5.4,134.6,Dangerous
32,60,27,16.4,71.6,7.2,96.7,Warning
22,138,72,26.6,26.6,6.7,217.5,Warning
56,65,114,43.3,84.2,4.5,145.7,Dangerous
10,77,11,44.9,45.5,5.0,57.0,Dangerous
99,97,84,43.6,91.8,8.3,190.5,Dangerous
94,59,139,10.9,76.2,7.0,23.7,Dangerous
51,20,193,42.6,56.4,6.6,139.0,Dangerous
93,70,123,42.9,96.3,6.1,154.5,Dangerous
123,12,169,39.6,53.7,7.9,241.5,Dangerous
89,118,63,34.5,91.4,5.4,123.3,Dangerous
47,141,138,41.4,31.7,6.3,99.5,Dangerous
125,93,93,39.1,32.4,6.8,238.7,Dangerous
116,86,24,23.5,54.3,6.0,240.9,Warning
51,83,42,24.4,27.0,5.8,138.5,Warning
86,7,120,12.6,95.1,5.0,77.2,Dangerous
62,14,197,21.1,23.4,6.1,184.8,Warning
97,51,201,21.1,80.5,5.4,152.9,Dangerous
53,94,62,21.5,22.2,4.1,194.3,Dangerous
3,79,157,25.2,74.9,5.0,215.7,Dangerous
82,33,192,18.6,29.7,8.7,28.9,Dangerous
99,26,57,40.8,36.2,8.2,56.8,Dangerous
82,18,178,33.1,73.7,5.8,147.8,Warning
41,57,146,32.6,44.5,7.9,134.7,Warning
90,108,126,33.4,92.9,4.5,254.1,Dangerous
14,41,143,41.8,57.9,5.2,289.5,Dangerous
82,50,128,36.6,43.5,5.0,101.7,Dangerous
76,59,91,16.1,69.9,7.4,110.8,Warning
100,118,140,40.1,67.0,8.6,54.7,Dangerous
51,52,128,13.8,27.5,5.2,288.5,Dangerous
33,9,12,26.0,98.0,8.0,136.6,Warning
12,143,28,43.4,98.7,7.0,238.5,Dangerous
8,59,184,44.9,80.5,7.1,261.5,Dangerous
101,66,98,16.1,23.8,8.4,66.4,Dangerous
33,97,127,34.0,24.1,4.8,218.3,Dangerous
118,31,121,19.5,56.9,4.4,235.9,Dangerous
16,123,20,10.3,62.8,8.5,193.1,Dangerous
59,136,124,39.4,62.9,7.4,200.9,Dangerous
91,81,193,39.2,49.8,8.7,62.7,Dangerous
50,54,181,17.4,27.1,5.9,144.2,Warning
112,49,0,32.7,41.3,8.8,149.2,Dangerous
98,13,136,22.7,78.5,8.8,94.4,Dangerous
13,137,84,28.5,55.3,5.1,108.4,Dangerous
43,101,15,33.5,45.4,8.9,72.4,Dangerous
34,117,50,11.3,63.2,7.5,75.9,Dangerous
124,144,138,34.4,21.4,5.9,171.9,Warning
101,31,116,44.5,72.1,5.8,278.4,Dangerous
107,60,32,11.0,70.7,7.2,186.9,Dangerous
2,31,92,34.0,73.1,5.8,123.3,Warning
95,8,54,44.5,41.3,5.0,170.1,Dangerous
124,47,161,15.0,55.8,6.2,197.0,Warning
105,139,84,31.8,85.7,7.3,140.8,Warning
66,78,138,39.9,25.4,6.5,143.5,Dangerous
57,45,139,12.4,80.7,4.3,298.8,Dangerous
7,61,0,11.0,86.6,5.6,287.0,Dangerous
122,20,97,38.2,44.3,8.9,211.6,Dangerous
122,45,128,17.0,71.0,5.5,137.6,Warning
47,81,203,40.2,37.3,4.5,136.1,Dangerous
122,73,48,41.3,90.3,5.8,126.0,Dangerous
47,44,146,23.6,31.5,8.3,156.1,Dangerous
75,42,173,13.1,67.8,5.0,276.8,Dangerous
85,127,186,13.2,68.0,6.8,247.1,Dangerous
35,2,202,23.1,71.9,6.1,95.2,Warning
107,32,68,38.4,72.8,4.9,172.5,Dangerous
99,43,203,15.4,91.4,8.1,23.7,Dangerous
115,119,70,33.5,56.3,5.0,69.9,Dangerous
76,120,117,13.1,91.4,6.8,158.8,Dangerous
109,67,179,25.9,80.5,5.2,202.0,Dangerous
134,71,179,13.3,20.0,6.6,271.0,Dangerous
62,129,98,39.6,70.9,4.5,252.5,Dangerous
107,67,151,10.4,40.0,7.7,191.2,Dangerous
18,70,71,14.7,48.3,5.7,235.9,Dangerous
41,83,17,43.1,36.1,6.7,265.9,Dangerous
85,10,183,27.7,33.8,8.6,143.6,Dangerous
39,29,190,21.8,82.4,4.0,222.0,Dangerous
9,111,163,43.6,78.4,8.2,101.5,Dangerous
53,97,55,35.5,90.9,8.3,178.3,Dangerous
92,8,108,13.6,73.4,5.0,192.5,Dangerous
49,68,39,33.3,65.6,8.7,85.2,Dangerous
15,45,135,33.0,45.4,4.0,285.0,Dangerous
62,78,42,38.1,28.3,5.5,248.7,Dangerous
5,48,61,24.8,75.4,7.9,95.4,Warning
95,2,30,20.6,57.1,8.3,249.0,Dangerous
109,84,21,18.7,25.7,6.4,46.0,Warning
92,85,41,32.7,83.4,8.5,66.4,Dangerous
24,5,29,25.6,56.0,5.1,122.9,Dangerous
9,29,33,38.6,43.7,8.8,233.9,Dangerous
98,38,60,23.7,48.9,5.2,214.7,Dangerous
133,70,46,44.2,70.8,6.3,138.4,Dangerous
11,42,71,11.8,99.2,7.5,62.3,Dangerous
55,124,156,18.2,78.0,5.8,246.8,Warning
125,139,203,43.1,31.3,5.6,253.9,Dangerous
88,69,157,32.2,40.9,4.1,131.3,Dangerous
103,117,145,33.0,40.6,7.0,153.7,Warning
83,76,80,40.7,28.1,4.8,57.9,Dangerous
69,35,146,18.3,34.4,4.9,232.9,Dangerous
71,136,91,33.8,38.9,5.7,104.2,Warning
116,73,86,17.0,24.4,7.8,115.9,Warning
61,47,181,21.9,67.7,7.1,223.6,Healthy
103,29,131,40.5,93.3,8.6,145.9,Dangerous
48,87,173,11.4,54.3,6.6,53.0,Dangerous
33,115,126,34.3,85.9,4.3,44.1,Dangerous
131,69,52,43.4,27.9,6.9,296.4,Dangerous
139,16,49,40.5,96.4,5.0,266.1,Dangerous
51,71,107,35.6,41.5,8.5,150.6,Dangerous
46,77,71,17.3,85.7,6.9,53.8,Warning
0,54,199,10.4,36.1,5.2,86.4,Dangerous
91,12,2,33.5,47.4,4.5,161.1,Dangerous
111,131,166,12.4,41.2,4.3,283.1,Dangerous
10,126,51,22.8,21.7,5.0,93.1,Dangerous
59,134,76,17.2,25.7,8.1,50.1,Dangerous
112,108,160,38.8,73.6,5.2,53.1,Dangerous
72,74,154,28.6,72.9,4.0,214.2,Dangerous
65,126,1,24.6,67.7,6.3,133.0,Warning
76,90,37,16.4,78.0,5.0,270.5,Dangerous
45,58,53,31.2,98.7,7.9,196.3,Warning
47,66,40,16.8,60.5,7.1,240.9,Warning
55,73,7,16.9,98.5,8.8,254.1,Dangerous
74,68,51,20.3,55.7,8.1,81.1,Dangerous
19,80,188,33.4,44.0,6.2,73.8,Warning
74,134,174,24.1,36.0,6.3,75.0,Warning
64,65,55,26.9,61.0,7.5,106.6,Healthy
44,37,44,18.9,91.4,6.7,205.1,Warning
48,136,90,20.3,31.7,4.6,227.0,Dangerous
44,87,34,17.1,75.4,6.2,44.7,Warning
87,75,55,42.4,46.6,8.9,208.8,Dangerous
23,84,205,38.1,58.9,4.8,113.7,Dangerous
116,13,30,30.9,57.1,7.2,79.4,Warning
3,142,134,13.8,26.2,7.2,23.1,Dangerous
104,137,13,21.5,26.1,6.8,71.2,Warning
30,40,58,32.3,20.2,8.9,283.0,Dangerous
44,143,37,25.5,75.2,8.0,196.0,Warning
140,31,62,30.4,68.0,7.4,288.2,Warning
93,113,169,39.2,77.9,4.1,46.3,Dangerous
77,5,202,16.5,26.7,4.3,21.3,Dangerous
75,84,144,23.1,57.5,5.0,177.6,Dangerous
121,70,172,23.1,24.6,8.6,102.9,Dangerous
111,138,23,34.1,47.8,5.7,54.5,Warning
110,61,36,38.4,51.5,5.8,166.0,Dangerous
77,89,166,39.3,42.5,8.1,112.5,Dangerous
12,56,121,37.7,56.7,5.6,137.8,Warning
100,128,118,41.2,48.3,9.0,114.1,Dangerous
78,126,84,38.1,60.9,7.8,234.1,Dangerous
8,33,133,34.8,32.3,5.1,163.3,Dangerous
14,123,28,16.7,20.5,8.2,289.5,Dangerous
117,102,146,34.1,88.2,5.0,53.2,Dangerous
2,108,43,26.7,46.2,7.3,178.1,Warning
72,130,146,27.5,69.7,6.6,129.3,Healthy
14,124,56,39.7,93.6,8.7,164.5,Dangerous
131,10,59,12.7,70.3,8.3,218.8,Dangerous
21,64,115,39.6,43.6,6.9,139.2,Dangerous
4,11,72,24.0,68.7,6.0,228.4,Warning
118,100,47,25.2,81.3,5.6,122.2,Warning
2,135,163,26.8,31.7,6.6,120.4,Warning
79,96,174,43.6,50.3,7.7,145.7,Dangerous
54,91,47,38.3,98.7,6.4,177.4,Dangerous
129,79,24,27.9,25.9,5.9,88.9,Warning
80,88,50,42.4,26.3,4.6,118.7,Dangerous
66,31,163,18.5,21.4,7.4,132.2,Warning
131,103,30,22.4,37.8,6.3,95.7,Warning
66,37,182,14.2,68.3,7.2,171.4,Dangerous
82,58,205,40.4,81.2,5.6,228.2,Dangerous
79,106,53,22.3,37.9,5.5,272.0,Warning
77,86,170,23.3,71.1,8.4,174.4,Dangerous
102,75,97,12.5,51.6,8.5,208.6,Dangerous
74,4,198,32.0,56.1,7.7,57.4,Warning
122,91,183,36.8,22.3,8.1,21.3,Dangerous
93,43,64,39.1,38.5,4.1,201.3,Dangerous
118,10,35,10.3,39.6,6.8,161.0,Dangerous
25,60,166,40.5,69.3,6.8,22.3,Dangerous
104,102,22,15.0,21.5,6.5,189.4,Warning
74,78,98,19.9,69.3,6.2,70.9,Warning
24,139,70,29.3,82.1,8.5,144.5,Dangerous
125,90,27,30.6,86.2,7.5,274.0,Warning
24,36,178,10.5,91.8,7.4,94.5,Dangerous
10,42,14,36.7,89.3,4.7,26.1,Dangerous
0,69,153,17.9,44.5,6.2,166.6,Warning
134,81,172,39.3,73.0,8.5,36.0,Dangerous
123,145,96,37.9,23.5,5.0,35.8,Dangerous
73,135,125,33.7,80.3,8.4,211.8,Dangerous
44,73,35,15.9,42.7,8.1,48.2,Dangerous
134,143,111,27.7,95.3,8.9,294.5,Dangerous
123,128,192,34.6,88.5,7.3,106.6,Warning
62,3,58,35.4,32.9,6.8,289.7,Warning
108,93,103,36.0,69.9,5.0,245.2,Dangerous
6,93,54,35.8,97.2,4.9,252.1,Dangerous
5,128,7,40.9,86.7,8.5,160.1,Dangerous
1,48,179,36.9,64.2,6.2,95.0,Warning
67,86,148,29.3,61.2,5.7,258.3,Warning
82,27,189,14.7,91.9,8.7,252.8,Dangerous
31,102,157,19.0,39.8,7.6,113.6,Warning
139,91,145,12.5,33.6,4.2,138.6,Dangerous
105,119,189,21.1,70.3,4.9,206.8,Dangerous
139,113,35,13.8,91.2,8.5,233.6,Dangerous
70,138,179,28.1,57.3,5.5,160.4,Warning
30,5,92,38.2,90.5,7.8,132.7,Dangerous
7,7,100,32.9,45.8,6.1,46.0,Warning
33,54,123,36.9,22.8,4.9,196.0,Dangerous
51,139,111,25.3,92.1,8.1,108.1,Dangerous
28,77,40,30.6,66.2,6.3,180.0,Warning
51,61,193,44.8,91.6,8.5,126.2,Dangerous
95,66,151,30.1,48.8,6.7,225.9,Warning
84,142,142,29.9,60.3,6.9,281.1,Healthy
11,105,7,22.6,71.6,6.9,246.4,Warning
89,92,3,14.3,47.7,5.4,54.3,Dangerous
77,6,156,12.2,43.1,8.6,151.4,Dangerous
80,44,32,28.0,61.3,5.2,227.6,Dangerous
89,111,97,28.5,90.5,4.2,208.8,Dangerous
113,95,46,36.4,22.8,7.0,100.2,Warning
137,112,166,22.9,77.8,7.9,30.7,Warning
31,79,80,29.6,43.2,4.5,28.4,Dangerous
101,41,4,43.7,35.3,6.2,265.5,Dangerous
69,68,142,36.9,84.2,5.7,286.2,Warning
36,60,2,31.7,46.5,4.8,129.0,Dangerous
135,8,114,11.7,58.3,5.8,146.6,Dangerous
88,70,171,43.9,99.0,7.6,64.3,Dangerous
11,75,202,13.4,59.1,5.6,290.6,Dangerous
109,100,37,43.4,89.1,6.1,234.0,Dangerous
75,53,11,29.2,47.4,6.5,213.6,Warning
65,27,197,39.0,69.3,8.8,246.8,Dangerous
41,133,89,36.1,24.2,5.5,130.9,Warning
99,78,203,15.6,26.7,5.8,158.4,Warning
61,65,75,24.2,68.3,8.3,215.6,Dangerous
115,36,154,29.5,33.9,8.5,278.9,Dangerous
79,135,89,13.8,65.8,7.6,52.6,Dangerous
71,134,88,11.7,44.4,5.1,41.0,Dangerous
12,104,136,34.1,23.5,7.2,100.2,Warning
21,73,12,41.9,40.1,4.9,218.4,Dangerous
30,128,190,22.4,96.9,6.8,259.1,Warning
115,11,177,17.0,73.6,5.8,58.7,Warning
98,59,117,27.5,75.9,6.7,247.7,Healthy
107,84,97,31.7,63.3,7.3,199.5,Warning
136,95,141,22.1,90.8,5.6,155.4,Warning
131,130,51,34.4,47.1,6.2,97.4,Warning
99,128,154,10.1,29.6,7.2,252.5,Dangerous
55,96,132,34.8,77.2,6.0,113.4,Warning
91,28,10,10.7,91.6,5.9,139.9,Dangerous
105,14,204,14.4,32.5,5.4,203.4,Dangerous
38,115,5,10.7,99.0,4.3,169.1,Dangerous
48,43,45,39.2,24.2,8.6,274.6,Dangerous
71,32,38,12.4,35.7,6.8,284.0,Dangerous
23,4,145,15.2,29.9,4.6,297.2,Dangerous
106,114,68,31.1,55.6,6.9,74.9,Warning
22,64,151,38.4,51.4,4.3,249.2,Dangerous
95,85,166,35.7,82.6,6.5,27.5,Warning
109,135,196,38.2,58.1,4.5,156.3,Dangerous
11,87,198,24.2,55.1,5.5,255.1,Warning
78,15,84,38.5,72.0,6.4,21.7,Dangerous
58,123,151,32.3,26.0,8.5,53.0,Dangerous
28,56,114,20.1,34.8,8.0,266.8,Warning
75,103,147,42.5,64.9,8.2,175.6,Dangerous
64,129,119,18.2,46.7,8.7,48.2,Dangerous
95,16,29,41.7,52.8,5.9,282.7,Dangerous
37,91,103,26.0,83.8,6.9,211.6,Warning
110,41,53,33.1,74.8,8.2,155.3,Dangerous
139,82,187,23.9,34.6,5.5,156.8,Warning
77,95,28,15.2,92.6,8.2,71.2,Dangerous
119,111,18,41.5,85.9,8.9,23.1,Dangerous
130,52,88,11.8,43.5,6.8,285.7,Dangerous
109,136,24,17.1,59.4,5.2,131.9,Dangerous
102,104,99,23.2,23.8,4.3,56.4,Dangerous
94,144,188,14.7,76.7,7.0,287.4,Dangerous
107,127,13,18.0,88.4,6.5,231.7,Warning
9,88,69,44.1,46.0,6.0,218.7,Dangerous
92,121,183,40.0,52.1,7.1,24.9,Dangerous
27,136,25,44.9,61.2,8.3,111.1,Dangerous
75,27,87,33.6,83.6,7.7,99.3,Warning
48,122,185,11.0,80.9,6.6,120.8,Dangerous
119,72,133,32.6,23.7,8.3,150.8,Dangerous
2,35,97,23.6,86.7,5.0,190.6,Dangerous
0,121,146,40.7,65.2,8.3,208.8,Dangerous
69,74,103,34.4,80.4,8.8,215.2,Dangerous
115,62,32,44.8,38.9,7.6,72.8,Dangerous
31,136,190,16.4,61.4,4.1,94.2,Dangerous
102,45,69,21.3,69.8,7.1,169.1,Healthy
2,27,101,39.8,20.2,4.9,117.9,Dangerous
108,26,98,41.7,52.5,8.4,94.4,Dangerous
42,20,92,21.4,28.4,5.6,48.8,Warning
46,12,116,37.4,40.6,5.9,110.8,Warning
125,48,157,43.0,97.8,5.0,233.1,Dangerous
96,97,202,29.6,45.3,5.7,41.9,Warning
72,114,126,14.0,73.3,8.3,138.2,Dangerous
119,138,173,29.3,23.1,6.7,51.8,Warning
69,86,47,26.0,57.7,7.1,217.6,Healthy
105,145,161,41.8,64.3,8.9,45.6,Dangerous
72,57,95,21.7,23.3,4.9,135.4,Dangerous
17,145,19,36.5,74.2,7.7,25.6,Warning
115,130,141,33.7,61.2,4.1,211.8,Dangerous
65,68,166,31.9,92.5,4.1,262.6,Dangerous
102,42,105,44.0,76.2,8.7,62.5,Dangerous
0,11,145,18.6,27.6,8.6,105.1,Dangerous
76,11,99,29.6,28.2,7.0,122.5,Warning
64,92,28,12.3,81.3,6.7,163.1,Dangerous
135,115,181,41.2,69.9,4.9,194.3,Dangerous
127,88,77,25.9,31.4,6.3,36.2,Warning
40,97,181,21.9,66.4,4.6,163.0,Dangerous
96,19,125,36.8,65.1,4.4,24.8,Dangerous
109,77,34,30.0,39.9,8.0,34.5,Warning
115,120,29,22.2,33.2,4.5,280.8,Dangerous
82,139,186,15.0,65.4,7.9,223.0,Warning
62,64,132,13.6,23.3,5.4,251.8,Dangerous
52,13,99,17.7,51.4,4.8,185.7,Dangerous
106,131,149,28.2,67.1,4.2,60.5,Dangerous
139,139,51,19.8,57.2,5.2,107.3,Dangerous
121,1,68,29.0,38.0,8.1,222.1,Dangerous
11,2,54,15.9,21.6,8.5,25.2,Dangerous
116,92,139,22.2,75.6,5.5,289.0,Warning
106,56,39,16.2,87.8,7.2,50.4,Warning
19,80,142,23.2,39.7,6.9,196.3,Warning
19,134,57,16.5,98.9,7.0,248.6,Warning
40,73,173,35.8,68.3,8.5,224.1,Dangerous
92,63,14,42.9,24.7,7.4,205.7,Dangerous
77,113,151,21.4,77.1,8.3,237.1,Dangerous
129,83,83,32.5,57.8,6.2,185.0,Warning
101,22,73,21.7,21.1,7.4,169.8,Warning
85,142,138,44.2,60.8,4.1,255.7,Dangerous
55,95,30,21.9,86.8,7.2,105.7,Warning
51,9,194,40.6,38.4,7.7,127.0,Dangerous
9,6,53,26.5,40.2,6.6,112.6,Warning
37,5,72,22.9,36.3,7.9,159.7,Warning
21,32,54,43.9,93.4,4.7,255.9,Dangerous
41,36,133,11.9,84.5,7.9,170.1,Dangerous
108,60,116,18.3,97.6,4.7,157.8,Dangerous
83,35,150,36.6,76.8,4.5,264.7,Dangerous
112,94,168,31.7,88.1,7.7,211.9,Warning
66,106,179,15.9,59.0,5.8,222.4,Warning
122,41,65,19.2,38.0,8.4,218.9,Dangerous
17,37,122,12.6,93.9,4.6,87.9,Dangerous
68,64,151,40.5,30.1,5.3,251.1,Dangerous
46,35,203,33.0,25.1,4.5,292.6,Dangerous
49,14,45,18.9,23.5,5.3,279.4,Dangerous
76,15,183,23.3,51.9,7.0,209.0,Warning
138,44,159,24.1,64.8,4.0,72.8,Dangerous
29,134,179,21.3,48.3,6.9,47.5,Warning
119,50,117,12.9,72.5,6.4,87.7,Dangerous
23,90,25,27.8,82.8,5.9,262.4,Warning
140,110,200,25.1,57.9,7.3,207.2,Healthy
66,103,159,19.9,64.8,7.1,219.3,Warning
101,54,16,31.1,81.5,8.0,285.9,Warning
23,140,132,26.7,81.6,6.6,251.1,Warning
91,25,22,44.7,95.3,4.2,56.8,Dangerous
40,73,167,32.2,74.1,8.2,280.0,Dangerous
136,123,140,17.3,45.1,4.2,240.2,Dangerous
78,0,69,38.4,96.9,4.8,79.6,Dangerous
49,132,174,40.6,74.7,7.8,256.1,Dangerous
102,22,119,28.2,31.7,8.9,296.0,Dangerous
25,48,49,13.4,51.5,6.5,129.1,Dangerous
37,38,162,12.8,40.9,6.8,268.4,Dangerous
130,97,186,20.3,23.9,7.8,72.0,Warning
78,95,184,39.4,72.3,5.6,41.6,Dangerous
28,102,172,42.9,28.3,4.7,268.4,Dangerous
90,53,81,24.4,42.4,4.8,201.6,Dangerous
132,88,30,14.9,84.0,5.6,110.5,Dangerous
33,30,152,44.4,50.8,4.8,258.6,Dangerous
105,48,187,33.8,32.6,4.7,122.1,Dangerous
68,112,63,28.3,36.6,6.7,98.7,Warning
139,126,36,41.7,42.4,7.6,124.8,Dangerous
77,130,85,19.2,74.2,8.8,113.5,Dangerous
92,31,79,29.2,39.3,6.4,175.4,Warning
36,61,165,11.6,80.3,6.3,194.2,Dangerous
26,28,20,32.3,80.9,6.7,175.0,Warning
91,72,184,42.4,38.7,6.0,246.7,Dangerous
117,124,28,22.0,51.0,4.8,214.2,Dangerous
106,59,115,22.6,37.4,7.0,283.4,Warning
30,2,198,32.0,65.4,4.7,139.1,Dangerous
132,90,78,18.4,73.5,7.3,44.6,Warning
121,122,142,39.6,20.2,5.1,35.7,Dangerous
26,81,123,19.1,28.1,5.0,84.0,Dangerous
140,12,127,26.1,30.9,6.8,107.2,Warning
110,12,113,28.2,37.1,4.0,22.7,Dangerous
7,113,104,10.6,39.8,7.8,29.2,Dangerous
22,84,152,28.2,77.6,6.8,242.2,Warning
13,116,92,10.1,51.5,8.5,222.0,Dangerous
101,62,69,20.6,32.4,7.3,98.7,Warning
37,109,106,34.8,98.0,4.4,197.8,Dangerous
1,38,39,38.1,35.4,4.8,24.9,Dangerous
20,58,104,31.6,66.9,6.5,124.8,Warning
132,5,7,35.5,68.5,6.0,242.3,Warning
103,54,1,38.6,92.3,4.3,97.5,Dangerous
98,62,204,11.5,35.4,4.5,20.4,Dangerous
75,97,8,37.4,46.7,7.1,144.2,Warning
51,29,8,30.2,23.4,6.4,53.6,Warning
73,104,116,15.5,52.8,5.3,79.9,Dangerous
76,94,36,19.6,98.9,6.5,165.6,Warning
74,43,105,39.7,73.8,6.4,166.4,Dangerous
102,61,200,33.7,89.5,5.4,24.4,Dangerous
54,73,131,37.0,45.4,5.4,216.6,Dangerous
134,36,30,29.0,87.7,4.2,130.0,Dangerous
35,12,42,37.3,87.6,5.5,33.3,Warning
54,26,175,35.5,87.3,8.9,266.3,Dangerous
12,98,20,24.8,33.3,7.4,48.9,Warning
107,98,2,13.1,80.2,5.9,252.8,Dangerous
96,12,191,23.1,65.8,5.6,166.6,Warning
19,39,194,32.8,83.1,8.8,102.2,Dangerous
69,39,166,12.3,29.2,5.4,210.2,Dangerous
53,100,36,10.3,79.1,4.1,102.9,Dangerous
1,65,88,39.7,90.7,8.2,200.3,Dangerous
123,44,186,12.3,93.0,8.1,83.2,Dangerous
139,73,154,18.8,50.2,7.8,40.5,Warning
33,2,163,27.1,25.3,7.3,218.6,Warning
124,40,157,35.8,56.0,5.6,264.2,Warning
135,47,172,32.6,49.8,4.4,28.3,Dangerous
13,45,159,44.2,28.6,6.0,252.7,Dangerous
16,94,200,16.4,84.5,8.8,237.3,Dangerous
27,125,122,36.6,32.2,6.8,134.2,Warning
33,124,45,37.5,61.2,7.1,107.0,Warning
26,130,115,38.0,48.7,8.9,195.4,Dangerous
43,125,68,15.2,87.0,5.2,128.7,Dangerous
116,71,155,14.1,80.4,8.4,245.7,Dangerous
118,130,146,23.6,70.0,4.0,87.3,Dangerous
5,35,205,25.4,24.7,4.7,293.4,Dangerous
13,99,177,25.7,33.6,4.4,95.3,Dangerous
74,60,45,18.6,97.4,4.7,216.5,Dangerous
48,4,5,30.1,62.9,5.9,269.6,Warning
15,11,129,40.5,89.2,4.2,20.7,Dangerous
34,26,186,24.8,63.2,8.6,26.3,Dangerous
63,85,167,24.6,70.0,5.2,266.0,Dangerous
40,119,186,22.0,96.6,8.7,219.3,Dangerous
39,72,166,27.2,90.6,4.4,177.6,Dangerous
44,126,100,17.6,38.4,5.3,100.8,Dangerous
43,80,45,19.1,37.6,5.4,224.8,Dangerous
93,136,200,44.6,74.0,8.4,152.3,Dangerous
138,18,13,14.4,81.9,6.9,92.8,Dangerous
112,64,7,39.5,46.3,5.6,85.7,Dangerous
20,131,146,21.1,95.9,7.5,47.0,Warning
57,44,140,17.3,64.7,5.1,188.3,Dangerous
6,134,198,43.8,27.9,4.1,175.0,Dangerous
68,92,166,39.7,75.1,5.8,170.1,Dangerous
134,11,189,34.5,95.4,6.4,98.3,Warning
23,32,158,28.1,45.3,4.4,257.9,Dangerous
51,18,169,22.4,72.6,8.7,282.3,Dangerous
136,98,59,16.4,38.5,7.7,187.6,Warning
92,123,137,20.9,27.4,7.5,250.4,Warning
57,104,9,13.6,79.5,5.5,160.0,Dangerous
48,20,106,10.3,51.5,8.0,74.6,Dangerous
124,110,95,25.0,65.8,5.5,261.5,Warning
50,29,146,17.3,96.5,4.5,271.5,Dangerous
126,51,186,28.5,23.1,8.7,165.4,Dangerous
100,116,190,41.8,39.5,5.6,187.1,Dangerous
97,65,128,27.1,33.7,7.9,80.4,Warning
6,50,137,38.2,28.8,6.3,201.0,Dangerous
65,34,160,28.7,71.8,5.4,118.7,Dangerous
91,89,96,16.1,58.5,4.1,127.7,Dangerous
130,40,7,26.2,49.4,5.4,162.7,Dangerous
130,83,65,20.6,56.4,7.8,251.7,Warning
89,52,188,34.4,59.4,4.3,171.2,Dangerous
0,143,84,33.5,27.5,7.4,158.1,Warning
42,12,122,29.5,59.6,8.5,102.7,Dangerous
3,101,69,10.4,30.8,4.6,79.1,Dangerous
104,78,114,39.1,59.0,7.9,60.5,Dangerous
137,129,58,11.4,69.9,4.9,118.0,Dangerous
104,38,170,32.3,22.1,7.2,158.1,Warning
125,139,128,28.6,81.7,4.0,240.8,Dangerous
137,81,55,25.3,45.3,6.0,69.4,Warning
10,91,22,16.4,70.7,5.5,262.4,Warning
28,110,18,10.8,35.7,5.6,27.4,Dangerous
140,98,150,37.7,96.0,8.4,151.4,Dangerous
24,57,145,10.7,95.8,6.7,133.9,Dangerous
68,42,34,12.1,62.8,8.8,112.9,Dangerous
73,65,82,34.6,27.0,4.3,82.4,Dangerous
90,83,43,30.6,25.3,5.0,81.9,Dangerous
87,47,83,39.6,29.1,5.9,226.9,Dangerous
121,95,98,30.1,85.7,5.8,34.8,Warning
88,78,98,23.0,95.7,4.4,98.1,Dangerous
123,126,38,33.8,46.5,6.7,204.2,Warning
26,9,122,10.8,40.3,7.8,275.9,Dangerous
1,42,133,17.0,49.2,4.6,243.9,Dangerous
117,133,102,25.3,26.0,5.3,44.5,Dangerous
33,137,68,11.0,48.2,6.7,65.7,Dangerous
18,66,116,33.3,79.9,8.0,250.6,Warning
15,142,68,10.2,90.0,8.4,170.7,Dangerous
129,61,71,36.3,21.0,8.7,292.9,Dangerous
3,95,151,39.8,70.8,5.6,20.8,Dangerous
137,43,13,40.7,30.4,7.8,143.3,Dangerous
30,115,84,31.8,75.8,5.3,36.5,Dangerous
15,138,12,27.8,99.5,6.6,57.6,Warning
49,104,40,43.4,72.9,6.1,35.7,Dangerous
73,23,183,30.6,25.9,8.8,48.5,Dangerous
120,6,154,11.1,38.0,8.4,254.3,Dangerous
16,1,176,15.7,55.1,8.9,187.3,Dangerous
30,73,124,35.1,83.0,8.6,206.8,Dangerous
67,59,40,26.3,61.0,8.4,183.5,Dangerous
87,89,78,12.9,66.0,8.9,229.1,Dangerous
131,84,86,17.4,75.1,5.2,256.0,Dangerous
28,139,89,13.2,27.6,8.1,127.6,Dangerous
110,112,33,43.3,78.1,5.7,205.6,Dangerous
9,27,110,34.1,79.8,7.7,270.3,Warning
107,108,193,34.7,70.7,7.6,107.7,Warning
57,9,107,22.6,94.8,5.4,278.9,Dangerous
9,48,24,20.8,99.4,7.9,66.8,Warning
98,57,43,35.0,52.8,7.3,109.7,Warning
5,1,101,40.3,57.1,8.2,165.8,Dangerous
117,117,57,27.9,39.8,7.4,199.8,Warning
9,124,135,43.9,80.1,4.0,176.7,Dangerous
121,138,29,32.5,74.9,7.7,213.0,Warning
101,128,92,33.6,35.0,4.7,260.5,Dangerous
36,125,152,15.4,96.0,4.8,24.0,Dangerous
80,12,60,26.3,76.8,4.3,151.2,Dangerous
15,39,63,12.3,75.0,6.1,174.7,Dangerous
103,17,27,43.8,35.0,5.0,82.1,Dangerous
140,1,144,25.1,86.5,8.1,260.3,Dangerous
23,125,96,26.3,49.8,6.2,194.7,Warning
77,131,50,31.4,43.3,8.5,235.6,Dangerous
65,137,80,39.3,26.9,4.7,264.2,Dangerous
86,134,2,31.8,70.8,6.0,131.8,Warning
114,24,57,20.4,95.2,5.4,166.4,Dangerous
38,34,102,23.9,43.7,4.3,156.4,Dangerous
9,44,184,12.7,28.5,9.0,236.5,Dangerous
31,15,70,10.1,83.2,4.0,24.5,Dangerous
34,56,164,27.4,83.1,5.8,37.9,Warning
59,2,198,24.1,79.2,7.2,275.4,Warning
18,143,193,27.5,95.9,4.2,114.7,Dangerous
101,93,0,28.4,98.8,6.9,233.0,Warning
18,74,14,26.6,33.5,4.4,257.1,Dangerous
78,49,105,40.6,98.3,5.0,179.0,Dangerous
103,103,34,22.2,96.3,4.9,272.4,Dangerous
126,58,169,34.1,25.3,7.2,115.6,Warning
82,34,124,44.7,44.6,6.6,202.0,Dangerous
124,32,190,14.4,44.3,7.1,210.6,Dangerous
115,56,126,27.9,85.7,8.1,290.8,Dangerous
125,75,18,17.7,39.8,4.6,204.8,Dangerous
22,87,100,35.9,93.6,6.6,25.2,Warning
120,83,100,20.8,50.9,5.1,277.6,Dangerous
139,54,39,23.8,46.7,4.3,271.9,Dangerous
77,5,168,42.3,90.8,5.2,30.7,Dangerous
10,113,89,12.3,59.1,4.9,173.3,Dangerous
60,13,179,15.7,71.6,6.1,53.2,Warning
60,32,131,12.2,71.4,8.5,71.4,Dangerous
38,33,128,41.7,97.7,5.5,66.3,Dangerous
45,4,49,44.9,51.1,8.9,104.0,Dangerous
96,19,17,42.8,74.7,7.0,166.6,Dangerous
83,59,80,30.0,87.3,4.5,31.7,Dangerous
9,98,120,42.5,81.0,6.7,88.4,Dangerous
106,82,135,29.0,21.4,4.8,218.4,Dangerous
23,92,38,10.3,23.2,5.2,72.5,Dangerous
0,113,158,14.2,92.6,6.1,188.0,Dangerous
31,117,129,28.4,54.8,5.3,102.7,Dangerous
78,54,124,16.3,55.3,7.4,69.1,Warning
137,64,166,36.7,24.8,6.1,60.9,Warning
99,3,92,21.6,49.3,4.3,237.7,Dangerous
5,71,48,10.8,86.9,4.7,212.4,Dangerous
51,47,92,27.2,39.8,4.3,48.8,Dangerous
92,63,60,29.5,54.1,8.1,153.5,Dangerous
67,86,17,26.8,41.4,5.9,173.1,Warning
136,25,97,39.7,58.6,6.0,161.3,Dangerous
50,39,21,27.2,46.8,6.1,253.9,Warning
6,130,120,20.9,80.8,8.1,227.9,Dangerous
116,127,33,18.4,52.8,5.8,39.9,Warning
19,27,58,35.7,67.9,6.8,273.3,Warning
85,10,62,17.7,42.3,4.9,239.5,Dangerous
99,141,50,39.4,39.3,8.8,240.0,Dangerous
9,33,135,24.1,91.7,4.0,265.0,Dangerous
119,95,148,17.3,73.3,6.8,260.6,Warning
35,127,170,28.3,68.9,8.5,130.9,Dangerous
121,56,25,39.8,55.7,8.4,231.9,Dangerous
45,128,9,31.6,97.6,8.8,108.6,Dangerous
126,6,184,26.5,38.0,4.2,280.1,Dangerous
92,46,167,35.9,49.2,7.0,270.5,Warning
103,128,89,26.8,80.0,4.4,220.4,Dangerous
19,144,195,20.9,87.1,5.0,248.9,Dangerous
9,40,159,29.3,95.1,6.0,22.8,Warning
19,50,100,28.3,61.1,6.4,209.2,Warning
128,22,122,12.7,87.0,7.6,279.6,Dangerous
85,137,152,41.1,38.2,8.8,218.6,Dangerous
6,56,77,31.9,67.9,6.5,164.1,Warning
72,106,57,30.5,32.2,6.0,284.0,Warning
39,109,20,24.7,52.5,7.5,73.8,Warning
100,53,130,37.9,58.6,4.6,125.1,Dangerous
57,71,180,37.2,31.1,8.8,109.0,Dangerous
63,20,104,32.8,45.6,8.6,72.9,Dangerous
76,98,33,23.8,21.3,8.3,102.1,Dangerous
96,107,83,39.6,81.2,8.5,162.1,Dangerous
19,49,154,21.1,56.6,4.6,51.0,Dangerous
110,115,107,29.8,48.8,5.8,142.9,Warning
106,103,82,17.6,85.7,8.1,86.8,Dangerous
38,27,187,43.9,51.8,4.1,197.9,Dangerous
30,53,168,23.7,68.2,6.7,75.7,Warning
39,0,4,38.4,33.2,6.1,214.2,Dangerous
135,62,87,25.4,40.7,6.8,279.0,Warning
123,93,179,19.2,53.8,5.3,228.8,Dangerous
136,130,175,24.0,72.5,8.9,289.2,Dangerous
111,105,131,20.4,31.1,7.9,136.4,Warning
125,53,194,15.1,90.8,7.3,65.7,Warning
116,41,191,34.0,70.4,5.7,190.8,Warning
0,116,174,35.0,33.5,8.5,114.9,Dangerous
108,84,184,25.5,61.4,5.0,225.3,Dangerous
35,48,95,12.5,22.3,5.9,109.2,Dangerous
53,95,168,28.3,87.4,6.7,171.7,Healthy
106,62,162,31.0,84.4,7.6,254.0,Warning
129,143,199,24.9,21.0,4.2,179.7,Dangerous
64,90,110,13.4,51.3,4.3,56.4,Dangerous
91,68,47,32.8,97.6,6.6,33.1,Warning
113,5,35,44.0,77.9,8.7,191.7,Dangerous
70,44,127,14.6,70.9,5.5,237.6,Dangerous
116,87,158,17.4,45.7,5.5,215.0,Warning
131,65,87,29.2,27.5,8.7,53.3,Dangerous
44,67,24,37.3,38.3,7.4,48.6,Warning
50,114,45,41.4,57.9,8.6,96.7,Dangerous
134,114,190,33.5,86.6,6.2,238.8,Warning
93,137,48,12.1,20.8,6.2,75.4,Dangerous
62,128,164,41.3,82.3,5.6,151.8,Dangerous
33,42,88,25.7,95.1,7.1,144.2,Warning
16,1,9,15.1,26.3,4.5,123.2,Dangerous
79,59,135,35.7,46.5,6.6,257.2,Warning
77,67,180,41.1,48.3,6.7,73.0,Dangerous
130,7,99,35.7,84.2,6.9,209.6,Warning
0,57,69,21.8,70.2,8.6,208.9,Dangerous
105,37,121,15.2,57.4,4.5,35.0,Dangerous
24,28,9,28.4,90.9,8.7,23.0,Dangerous
17,91,135,35.1,76.4,6.8,136.1,Warning
115,112,7,25.2,49.6,8.4,201.4,Dangerous
39,36,168,19.9,55.0,7.1,111.7,Warning
118,70,47,13.2,59.8,6.2,92.0,Dangerous
88,111,17,38.2,31.7,7.4,172.2,Dangerous
120,92,182,26.1,95.0,7.0,89.4,Healthy
57,26,166,33.6,63.6,8.3,151.0,Dangerous
140,57,58,33.9,49.3,6.1,96.4,Warning
83,41,186,32.3,70.0,4.3,273.7,Dangerous
31,39,151,37.6,30.3,6.3,212.7,Warning
102,15,106,17.4,42.7,7.7,100.5,Warning
4,88,58,34.7,80.2,7.2,252.3,Warning
76,57,142,13.9,29.2,5.6,24.4,Dangerous
11,71,195,15.0,49.6,4.8,90.4,Dangerous
75,46,189,34.1,27.4,5.1,194.2,Dangerous
76,76,187,22.4,43.0,4.5,62.7,Dangerous
75,17,82,38.5,42.0,5.1,268.0,Dangerous
136,40,185,44.1,95.9,9.0,30.8,Dangerous
62,9,181,41.5,79.4,6.8,278.8,Dangerous
8,102,134,28.6,83.4,8.8,34.6,Dangerous
38,66,180,27.3,87.1,7.9,203.4,Warning
109,60,147,40.0,62.6,4.8,50.6,Dangerous
39,75,2,38.0,90.4,4.0,111.1,Dangerous
76,2,109,41.7,59.8,8.9,88.5,Dangerous
110,15,182,34.7,71.8,6.0,289.9,Warning
61,109,98,21.2,65.0,8.3,239.1,Dangerous
131,112,152,13.8,97.5,6.0,116.8,Dangerous
108,72,21,10.2,26.6,4.0,25.8,Dangerous
36,22,131,10.7,90.3,5.3,159.8,Dangerous
70,7,136,11.6,60.1,5.3,209.2,Dangerous
59,75,105,42.8,23.3,7.7,35.2,Dangerous
98,122,187,10.9,46.0,4.9,121.1,Dangerous
11,69,125,39.1,80.6,6.9,170.2,Dangerous
41,58,162,28.8,60.3,6.1,267.6,Healthy
134,118,175,27.7,23.8,4.9,151.9,Dangerous
113,68,72,40.6,30.7,8.9,286.5,Dangerous
37,5,35,35.7,83.8,5.4,206.8,Dangerous
23,16,156,41.5,34.6,6.0,31.2,Dangerous
86,111,173,24.7,36.2,8.3,87.6,Dangerous
64,62,116,16.6,72.7,7.1,298.9,Warning
41,116,9,32.2,74.8,5.3,55.9,Dangerous
42,140,203,25.1,60.6,7.5,77.9,Healthy
35,32,160,20.4,58.1,7.0,107.3,Warning
69,24,182,32.6,87.2,5.2,238.9,Dangerous
92,129,158,10.8,58.5,6.0,133.7,Dangerous
88,45,165,41.7,59.7,4.5,151.3,Dangerous
105,9,48,25.4,35.4,6.4,215.9,Warning
111,130,162,13.8,64.2,6.6,246.6,Dangerous
114,61,74,30.6,50.8,8.0,20.3,Warning
121,34,64,37.4,24.4,5.8,38.1,Warning
44,75,204,29.4,43.6,4.3,258.5,Dangerous
86,112,47,14.4,69.1,8.0,185.0,Dangerous
70,81,58,13.6,79.0,8.1,251.0,Dangerous
137,49,138,33.2,88.8,7.2,276.8,Warning
67,19,46,29.5,87.9,6.6,173.4,Warning
12,83,203,16.5,33.9,7.9,188.7,Warning
37,122,33,29.6,91.4,7.3,185.2,Warning
0,24,203,11.8,91.2,6.9,22.0,Dangerous
90,26,123,35.1,34.0,8.6,96.0,Dangerous
77,38,94,29.3,59.9,5.8,62.8,Warning
39,97,205,17.0,72.8,7.3,173.3,Warning
120,50,16,27.1,42.7,8.4,294.7,Dangerous
140,136,51,32.7,29.7,4.2,146.9,Dangerous
10,103,188,19.9,90.3,5.0,283.4,Dangerous
119,5,11,16.5,76.4,6.8,88.1,Warning
135,47,187,26.3,26.0,7.9,224.2,Warning
97,59,67,43.7,58.4,5.6,121.0,Dangerous
2,91,170,38.2,77.8,8.0,241.2,Dangerous
65,26,158,26.6,70.4,6.6,138.8,Warning
123,110,40,31.3,27.7,6.9,293.6,Warning
28,59,4,18.4,55.6,6.1,164.8,Warning
4,119,111,28.1,61.5,4.9,184.9,Dangerous
0,19,193,23.5,43.4,8.8,114.9,Dangerous
115,57,61,26.1,47.1,6.9,198.3,Warning
60,61,62,40.4,40.3,7.9,24.9,Dangerous
20,29,25,15.0,20.7,4.9,51.5,Dangerous
94,76,14,10.5,96.0,4.6,217.2,Dangerous
108,62,136,17.5,97.2,5.5,20.3,Warning
60,90,156,30.0,81.9,4.7,110.5,Dangerous
101,60,0,25.3,46.0,7.1,128.2,Warning
122,40,148,31.7,91.3,4.9,81.4,Dangerous
135,74,176,43.4,74.2,4.7,95.9,Dangerous
82,108,98,43.2,23.2,5.1,94.2,Dangerous
75,54,121,35.4,95.5,5.8,25.2,Warning
65,58,160,25.8,23.7,5.2,36.1,Dangerous
97,48,119,44.6,60.8,5.5,141.5,Dangerous
25,11,26,13.8,54.1,4.9,126.4,Dangerous
57,65,54,31.0,91.7,6.8,252.4,Warning
6,88,76,23.1,49.2,8.9,191.3,Dangerous
6,68,49,37.9,60.3,8.8,291.9,Dangerous
86,6,38,35.7,45.4,6.3,298.0,Warning
89,78,137,26.9,70.3,8.3,56.8,Dangerous
36,103,79,30.9,27.5,5.3,208.7,Dangerous
43,59,25,37.3,26.0,8.6,194.7,Dangerous
74,64,162,34.0,38.7,5.9,58.4,Warning
2,63,124,13.2,99.6,4.8,157.9,Dangerous
115,23,42,13.2,81.6,7.2,104.5,Dangerous
61,139,157,40.9,31.6,5.7,210.6,Dangerous
39,131,5,21.2,56.2,7.7,223.4,Warning
48,135,96,37.3,83.9,5.1,277.6,Dangerous
131,78,168,32.7,33.4,4.6,252.0,Dangerous
11,2,35,26.0,86.7,4.1,95.0,Dangerous
52,107,133,43.9,86.4,8.5,211.7,Dangerous
80,137,202,37.0,63.7,6.5,231.9,Warning
109,37,205,42.5,21.3,8.5,155.6,Dangerous
48,145,172,38.6,20.9,7.9,242.9,Dangerous
87,134,10,35.3,36.3,4.7,141.1,Dangerous
25,26,111,27.0,56.7,4.2,288.5,Dangerous
0,51,169,44.9,42.1,7.2,250.8,Dangerous
106,137,123,13.7,36.2,4.6,53.6,Dangerous
63,33,164,25.5,24.1,8.2,39.1,Dangerous
134,114,186,39.6,79.0,6.3,139.5,Dangerous
43,97,187,37.9,22.1,4.3,127.7,Dangerous
118,92,44,44.3,70.5,8.4,140.5,Dangerous
66,137,0,19.3,69.3,8.5,268.6,Dangerous
124,57,91,11.9,71.5,5.0,187.5,Dangerous
109,39,25,39.4,72.5,5.2,55.5,Dangerous
97,116,114,44.5,22.1,5.1,273.5,Dangerous
106,142,1,33.6,54.6,8.8,157.7,Dangerous
118,84,64,41.9,30.3,5.8,292.2,Dangerous
60,135,51,37.7,21.2,6.3,147.6,Warning
128,49,23,22.7,37.9,5.1,47.5,Dangerous
63,52,92,14.6,95.7,6.8,107.2,Dangerous
93,128,79,15.3,35.1,4.6,249.6,Dangerous
124,103,33,42.3,43.7,7.9,116.0,Dangerous
28,54,40,37.6,66.1,4.9,59.7,Dangerous
137,25,35,41.3,61.0,4.7,224.8,Dangerous
107,134,85,33.2,98.4,7.4,131.4,Warning
133,28,184,22.3,32.1,7.7,279.0,Warning
59,49,25,14.6,48.8,7.6,170.6,Dangerous
24,1,4,11.8,93.9,4.2,56.2,Dangerous
122,4,166,16.2,42.4,6.2,185.7,Warning
108,10,147,26.7,42.2,7.2,231.1,Warning
139,9,142,12.2,68.6,4.1,41.7,Dangerous
95,17,203,30.3,38.0,7.7,55.2,Warning
55,32,170,38.7,38.0,5.2,113.4,Dangerous
54,100,137,24.4,74.0,5.8,291.0,Warning
74,26,65,23.1,44.1,7.4,25.6,Warning
79,1,147,28.3,85.5,5.6,64.2,Warning
1,34,47,16.8,56.1,5.5,245.0,Warning
106,138,98,33.0,91.2,6.4,271.5,Warning
33,83,119,17.9,40.2,5.7,43.1,Warning
89,80,86,31.7,93.6,8.1,102.5,Dangerous
103,114,90,19.0,21.5,5.3,174.0,Dangerous
9,7,4,12.6,69.5,6.1,274.0,Dangerous
76,28,94,26.1,75.9,4.9,197.9,Dangerous
89,52,3,12.6,65.3,5.3,61.4,Dangerous
30,143,180,17.9,40.9,6.0,59.6,Warning
104,118,82,31.9,81.5,5.6,42.5,Warning
137,75,152,11.8,25.5,4.9,109.2,Dangerous
79,94,74,29.7,34.5,4.1,192.7,Dangerous
17,140,177,31.4,22.9,5.2,33.8,Dangerous
99,135,183,25.8,97.0,7.0,155.3,Healthy
15,81,204,36.2,59.0,6.2,146.4,Warning
131,18,188,14.6,37.9,7.5,241.1,Dangerous
118,126,203,38.7,68.3,7.4,246.6,Dangerous
50,22,97,22.3,94.3,5.8,246.4,Warning
0,41,133,27.4,21.1,5.6,280.9,Warning
72,112,121,26.5,88.0,4.9,227.7,Dangerous
89,55,61,10.5,42.3,6.8,76.2,Dangerous
129,13,136,21.2,93.2,5.9,170.3,Warning
60,97,103,20.6,75.7,6.8,165.8,Healthy
139,79,113,39.9,36.5,5.6,245.7,Dangerous
26,70,66,14.6,90.4,6.7,280.2,Dangerous
44,81,69,28.6,91.1,5.7,228.1,Warning
80,42,119,44.0,35.9,4.9,37.8,Dangerous
21,111,74,38.3,82.9,6.4,236.9,Dangerous
43,70,176,34.7,38.6,6.5,280.0,Warning
66,51,87,44.0,48.4,6.5,105.5,Dangerous
131,112,188,15.4,45.3,8.6,140.4,Dangerous
67,131,69,43.6,64.1,8.6,157.8,Dangerous
97,75,115,18.9,42.4,8.6,186.9,Dangerous
17,59,160,11.3,98.8,5.2,35.0,Dangerous
65,94,47,42.2,26.0,8.0,26.5,Dangerous
135,22,82,32.4,79.0,4.7,45.7,Dangerous
72,72,192,23.5,94.8,6.9,67.2,Healthy
51,81,95,34.3,92.3,4.4,267.8,Dangerous
109,94,166,29.0,46.3,8.1,139.6,Dangerous
24,34,26,32.4,41.1,4.2,99.2,Dangerous
102,9,82,27.4,53.5,8.6,152.1,Dangerous
37,74,117,41.0,65.5,7.6,186.6,Dangerous
69,46,149,30.4,63.6,5.1,22.9,Dangerous
67,83,14,16.2,76.5,7.7,142.1,Warning
11,53,53,21.2,32.1,8.3,245.7,Dangerous
136,7,2,28.2,71.0,4.3,111.5,Dangerous
8,64,154,24.3,27.4,6.3,247.4,Warning
121,26,33,31.1,68.9,6.5,46.6,Warning
8,20,117,42.7,40.8,5.7,213.1,Dangerous
127,54,171,31.7,32.8,5.5,275.8,Warning
65,138,154,43.3,53.2,6.3,216.8,Dangerous
51,94,109,20.8,45.6,4.1,87.8,Dangerous
7,89,75,27.7,82.3,5.8,136.1,Warning
44,110,143,26.1,78.1,4.0,93.6,Dangerous
88,38,27,30.8,93.9,8.6,59.5,Dangerous
76,101,117,30.4,24.7,8.1,158.1,Dangerous
128,125,142,43.8,36.0,5.1,147.4,Dangerous
15,65,169,12.0,80.9,8.9,85.3,Dangerous
28,98,39,28.6,86.4,8.7,25.6,Dangerous
108,108,141,38.5,53.0,7.1,121.8,Dangerous
87,52,68,34.1,24.9,5.9,142.9,Warning
85,120,84,17.9,69.9,4.4,232.0,Dangerous
66,19,89,25.6,27.4,5.9,28.6,Warning
81,2,31,35.1,98.9,8.5,210.0,Dangerous
39,25,177,19.1,25.1,5.7,274.4,Warning
125,53,104,21.6,76.6,6.4,34.6,Healthy
13,129,106,12.3,96.3,4.3,286.1,Dangerous
26,90,67,11.7,22.1,8.4,267.4,Dangerous
21,131,42,42.4,69.4,6.1,294.1,Dangerous
17,129,7,15.9,97.1,5.7,51.0,Warning
107,74,91,30.7,61.8,6.5,104.4,Warning
23,82,120,31.7,41.9,6.3,201.6,Warning
88,57,107,32.2,73.9,9.0,220.6,Dangerous
75,125,202,35.4,35.0,6.1,125.0,Warning
132,45,42,24.6,25.1,4.2,106.1,Dangerous
92,40,45,10.7,66.4,8.1,158.5,Dangerous
67,19,84,20.8,41.4,4.5,159.2,Dangerous
137,31,155,11.2,27.2,6.6,280.8,Dangerous
102,116,163,43.9,31.0,6.5,43.7,Dangerous
77,135,59,35.1,61.5,6.2,221.7,Warning
115,139,204,23.4,48.9,4.0,49.5,Dangerous
10,105,68,26.2,46.5,6.9,128.3,Warning
70,69,92,26.1,62.7,8.7,294.8,Dangerous
118,3,47,33.4,50.9,8.8,271.2,Dangerous
1,69,75,44.4,33.4,7.7,158.7,Dangerous
138,15,67,27.0,26.0,6.1,237.7,Warning
72,95,39,25.1,83.1,4.2,143.6,Dangerous
110,82,8,35.0,59.3,4.6,268.3,Dangerous
125,14,28,19.4,38.8,8.1,142.2,Dangerous
106,68,69,29.1,54.6,7.7,158.0,Warning
26,67,75,11.2,30.9,6.5,164.1,Dangerous
80,37,127,13.7,41.1,5.9,253.6,Dangerous
132,23,54,44.5,85.6,6.5,293.5,Dangerous
82,33,0,22.1,86.0,4.6,253.3,Dangerous
8,131,94,16.4,43.4,4.8,145.5,Dangerous
95,61,63,23.4,57.5,8.0,60.0,Warning
97,74,159,41.1,80.9,5.6,271.8,Dangerous
114,34,74,18.7,83.8,4.3,266.9,Dangerous
117,29,89,15.2,27.7,5.9,31.3,Warning
112,53,203,31.5,30.0,7.3,291.6,Warning
78,135,182,28.0,83.8,5.9,196.4,Warning
59,3,155,22.8,35.0,4.3,272.2,Dangerous
22,69,42,19.0,25.8,5.0,20.3,Dangerous
129,51,99,14.1,92.2,6.2,66.3,Dangerous
130,120,65,30.2,41.8,4.2,64.7,Dangerous
139,133,168,43.2,64.5,4.8,259.3,Dangerous
24,16,180,16.2,59.8,4.7,144.6,Dangerous
76,110,201,37.6,30.7,7.5,218.3,Warning
19,44,116,41.6,59.3,5.1,162.1,Dangerous
4,7,109,37.7,99.8,8.7,170.2,Dangerous
71,133,38,25.3,52.4,8.3,29.3,Dangerous
40,15,62,15.0,79.7,6.5,173.7,Warning
54,106,68,29.1,29.3,4.9,299.5,Dangerous
52,107,176,44.4,98.8,5.3,240.4,Dangerous
126,26,13,30.5,68.9,7.7,109.5,Warning
53,105,117,18.8,69.6,4.7,57.1,Dangerous
87,1,33,36.2,74.9,4.4,69.8,Dangerous
33,19,169,13.7,26.7,7.0,216.1,Dangerous
121,10,188,16.3,48.8,7.4,63.2,Warning
117,102,202,11.4,61.6,7.8,84.3,Dangerous
99,83,35,44.2,96.9,7.3,247.0,Dangerous
47,3,107,11.7,25.5,5.4,172.1,Dangerous
21,131,19,27.0,23.1,5.0,86.1,Dangerous
76,55,96,32.0,86.7,7.7,254.4,Warning
67,116,16,36.4,31.0,7.6,141.0,Warning
116,116,66,14.7,88.7,5.5,224.6,Dangerous
133,125,51,28.4,28.3,7.5,22.1,Warning
31,142,152,35.2,25.0,6.7,197.0,Warning
3,87,10,41.5,97.9,4.1,262.6,Dangerous
32,17,119,36.2,96.7,4.6,151.0,Dangerous
41,52,113,41.2,27.6,6.2,247.6,Dangerous
44,5,138,16.6,36.9,7.3,57.9,Warning
19,21,112,26.5,90.4,4.8,36.0,Dangerous
9,78,108,17.6,51.9,4.2,186.7,Dangerous
31,42,126,37.1,64.3,6.1,205.2,Warning
56,12,74,12.8,98.9,7.2,221.1,Dangerous
19,8,68,38.6,95.8,5.8,286.5,Dangerous
2,10,130,10.4,96.0,4.6,45.3,Dangerous
52,124,145,43.3,51.3,5.7,30.0,Dangerous
40,145,100,16.6,84.1,8.0,153.1,Warning
47,106,51,26.4,96.4,7.8,112.8,Warning
1,73,177,11.8,55.0,4.1,229.8,Dangerous
49,1,91,24.5,82.7,8.0,225.5,Warning
76,16,204,44.6,61.2,6.4,298.3,Dangerous
127,112,184,30.4,48.2,5.7,140.2,Warning
31,30,59,43.6,26.0,6.9,45.0,Dangerous
108,10,97,32.5,25.0,4.3,134.8,Dangerous
128,11,173,24.1,40.2,5.1,77.3,Dangerous
72,61,73,12.3,88.3,8.7,213.1,Dangerous
73,73,151,31.3,56.7,4.7,280.5,Dangerous
65,76,167,24.9,33.5,8.4,178.6,Dangerous
28,2,58,29.1,70.8,8.1,252.0,Dangerous
127,33,151,31.6,80.5,8.0,266.2,Warning
42,60,79,22.6,62.8,4.8,36.0,Dangerous
91,101,160,38.1,61.8,4.4,85.4,Dangerous
139,66,198,23.5,56.3,8.4,251.4,Dangerous
19,24,174,44.4,79.0,5.4,227.0,Dangerous
6,29,109,13.4,70.3,6.6,299.8,Dangerous
71,6,101,38.7,39.4,6.5,183.3,Dangerous
132,123,175,10.4,75.5,7.1,156.7,Dangerous
12,61,95,18.9,90.1,7.2,218.5,Warning
25,60,205,30.2,61.3,6.8,268.0,Warning
134,52,102,31.3,35.2,6.0,249.1,Warning
75,99,105,29.9,76.2,5.0,297.0,Dangerous
59,109,202,24.8,50.8,8.5,33.9,Dangerous
48,103,204,17.2,78.9,4.9,121.8,Dangerous
1,92,95,29.3,98.1,5.7,281.6,Warning
0,119,28,44.6,29.1,7.9,188.8,Dangerous
128,19,89,20.1,24.1,8.1,83.2,Dangerous
5,93,13,18.6,24.4,4.4,198.0,Dangerous
45,2,9,20.6,29.6,7.0,155.8,Warning
69,136,129,38.2,28.0,7.5,63.4,Dangerous
76,140,88,24.3,85.0,6.5,205.9,Healthy
45,95,123,38.7,71.5,7.2,223.5,Dangerous
27,10,161,35.1,29.6,8.7,36.3,Dangerous
93,7,80,29.6,87.1,5.0,192.1,Dangerous
37,22,11,43.4,91.1,8.8,154.4,Dangerous
3,84,153,12.6,25.4,7.4,278.9,Dangerous
135,50,111,23.8,50.6,6.6,90.5,Healthy
59,98,56,34.8,29.7,6.0,147.6,Warning
127,13,67,42.9,54.3,6.9,128.9,Dangerous
53,58,76,43.0,49.9,7.8,101.8,Dangerous
2,40,145,37.6,98.2,6.9,247.4,Warning
19,101,35,21.0,99.8,7.5,161.5,Warning
49,121,177,37.0,73.0,8.2,115.7,Dangerous
65,50,123,37.5,27.0,4.8,39.4,Dangerous
75,15,121,24.8,87.1,8.0,201.9,Warning
31,84,5,10.8,26.8,6.8,75.0,Dangerous
129,20,87,28.2,98.2,6.9,39.7,Warning
108,12,31,11.1,70.9,4.9,290.5,Dangerous
104,18,116,30.8,69.9,8.0,146.5,Warning
103,18,120,26.3,38.2,7.8,159.1,Warning
25,93,119,19.5,91.2,7.9,56.0,Warning
60,115,126,36.9,89.6,8.5,286.5,Dangerous
30,51,61,12.2,56.9,4.3,203.5,Dangerous
133,123,114,17.8,69.3,4.8,186.0,Dangerous
109,49,77,10.6,62.4,8.6,245.1,Dangerous
135,16,95,22.6,44.3,8.6,195.3,Dangerous
83,25,25,31.3,31.2,7.6,275.9,Warning
50,104,82,25.6,87.0,5.6,208.2,Warning
134,125,136,19.4,20.5,7.1,198.6,Warning
95,42,113,17.0,79.7,6.3,122.6,Warning
47,108,56,20.5,94.0,8.9,27.0,Dangerous
9,106,187,11.9,53.0,7.0,55.4,Dangerous
9,50,169,16.1,68.5,6.0,95.3,Warning
73,113,131,26.2,23.9,5.0,187.4,Dangerous
5,48,0,20.0,98.7,5.7,76.1,Warning
14,118,166,42.2,49.6,6.9,87.2,Dangerous
139,75,119,32.4,83.8,7.5,195.7,Warning
9,91,54,39.3,63.7,7.7,159.9,Dangerous
84,85,44,12.2,27.4,4.4,109.5,Dangerous
81,86,118,31.0,44.6,8.1,159.5,Dangerous
62,68,27,20.0,49.3,8.2,56.5,Dangerous
94,119,112,27.1,65.9,6.9,69.1,Healthy
91,68,186,21.0,86.9,8.0,267.7,Warning
86,94,24,28.2,57.5,7.7,105.3,Warning
23,122,161,41.8,63.2,8.7,62.3,Dangerous
105,35,47,15.6,68.0,6.0,128.5,Warning
2,135,120,24.2,76.4,8.8,129.5,Dangerous
103,46,134,37.0,76.6,6.6,233.9,Warning
39,67,75,18.7,83.8,8.2,206.3,Dangerous
1,18,21,20.3,88.1,5.5,231.9,Warning
4,66,90,31.1,85.6,4.2,272.5,Dangerous
73,131,22,26.7,76.1,6.2,294.7,Warning
